transaction_id,timestamp,account_id,amount,merchant_category,location_mismatch,device_velocity,is_fraud
TXN_01C337D3FE024AC3,2026-03-07 10:54:09.016910+00:00,ACC_00958,146.93,electronics,0,0,0
TXN_1D7C1A4C75B946E2,2026-03-07 11:15:47.016910+00:00,ACC_00419,89.76,gaming,0,0,0
TXN_AA584B147C404F02,2026-03-07 11:19:52.016910+00:00,ACC_00116,6.03,fuel,0,0,0
TXN_8456003AC32548F4,2026-03-07 11:23:02.016910+00:00,ACC_00804,124.2,hotel,0,0,0
TXN_88ED2665D1254DE1,2026-03-07 11:48:39.016910+00:00,ACC_00661,43.3,gaming,0,0,0
TXN_B8B4FCECF40E4F9E,2026-03-07 13:37:20.016910+00:00,ACC_00056,76.09,pharmacy,0,0,0
TXN_DD52C644E04349CC,2026-03-07 13:39:27.016910+00:00,ACC_00982,35.14,pharmacy,0,0,0
TXN_4F7A03FF19B94A6C,2026-03-07 13:49:36.016910+00:00,ACC_00398,214.38,travel,0,0,0
TXN_AD0F55E6F5FC4B73,2026-03-07 14:24:08.016910+00:00,ACC_00398,195.18,travel,0,1,0
TXN_FC646C9671114354,2026-03-07 14:30:56.016910+00:00,ACC_00398,76.02,pharmacy,0,2,0
TXN_E61E2CCE58524DDE,2026-03-07 15:32:05.016910+00:00,ACC_00398,32.3,grocery,0,0,0
TXN_433EE06279F5427F,2026-03-07 16:03:56.016910+00:00,ACC_00398,140.56,online_services,0,1,0
TXN_C91F589FAFA24B86,2026-03-07 16:26:34.016910+00:00,ACC_00398,36.61,other,0,2,0
TXN_C853730434C242FB,2026-03-07 16:49:38.016910+00:00,ACC_00398,182.39,electronics,0,2,0
TXN_D8CF7F931EA74AE3,2026-03-07 17:17:08.016910+00:00,ACC_00617,325.62,jewelry,0,0,0
TXN_F8FBF274544D4B5B,2026-03-07 17:45:45.016910+00:00,ACC_00054,841.38,electronics,0,0,0
TXN_664CBEB0FF9C4331,2026-03-07 17:50:23.016910+00:00,ACC_00411,84.52,travel,0,0,0
TXN_05D4A4695AA84539,2026-03-07 18:51:03.016910+00:00,ACC_00529,59.25,pharmacy,0,0,0
TXN_7020BFD45F264D11,2026-03-07 20:42:38.016910+00:00,ACC_00812,39.49,online_services,0,0,0
TXN_9AEB9C651DD94C8E,2026-03-07 21:52:28.016910+00:00,ACC_00704,50.26,hotel,0,0,0
TXN_497BD8447E1F41A5,2026-03-07 21:59:51.016910+00:00,ACC_00187,78.0,fuel,0,0,0
TXN_4ADF362654B4409B,2026-03-07 22:26:32.016910+00:00,ACC_00971,10.85,pharmacy,0,0,0
TXN_D2E38E87A15A4B6E,2026-03-07 23:13:56.016910+00:00,ACC_00971,23.38,online_services,0,1,0
TXN_2E9B40D7FCFD407B,2026-03-07 23:41:12.016910+00:00,ACC_00971,43.01,fuel,0,1,0
TXN_0BF7D872E55F4BCF,2026-03-08 00:31:31.016910+00:00,ACC_00971,251.73,hotel,0,1,0
TXN_06DAF87A37E940FB,2026-03-08 01:53:08.016910+00:00,ACC_00971,419.3,jewelry,0,0,0
TXN_52169DA200D4442A,2026-03-08 02:39:32.016910+00:00,ACC_00971,43.43,pharmacy,0,1,0
TXN_661F51BBCCC24D1A,2026-03-08 02:56:12.016910+00:00,ACC_00971,34.44,travel,0,1,0
TXN_1B374E8B23A54E75,2026-03-08 03:43:58.016910+00:00,ACC_00971,31.66,clothing,0,1,0
TXN_496A6C5FA9A342F8,2026-03-08 04:15:14.016910+00:00,ACC_00694,84.7,electronics,0,0,0
TXN_04B7C6C3752D4502,2026-03-08 05:37:32.016910+00:00,ACC_00269,19.33,online_services,0,0,0
TXN_340061B4F3BD48F6,2026-03-08 05:41:26.016910+00:00,ACC_00470,22.24,electronics,0,0,0
TXN_AA05600CBB4D46C3,2026-03-08 06:29:06.016910+00:00,ACC_00470,57.78,clothing,0,1,0
TXN_B4BECBEEBFC34BED,2026-03-08 06:38:47.016910+00:00,ACC_00470,270.23,travel,0,2,0
TXN_4E0FB55BDE6C48B7,2026-03-08 06:41:13.016910+00:00,ACC_00470,35.54,clothing,0,3,0
TXN_7D5DEE2E1C884ECA,2026-03-08 07:12:39.016910+00:00,ACC_00470,74.56,pharmacy,0,3,0
TXN_0B157FBCC8154726,2026-03-08 07:46:12.016910+00:00,ACC_00470,270.48,grocery,0,1,0
TXN_60D8813EBDD2458F,2026-03-08 08:08:58.016910+00:00,ACC_00470,13.78,pharmacy,0,2,0
TXN_9A2303364B28419F,2026-03-08 08:13:55.016910+00:00,ACC_00595,125.94,electronics,0,0,0
TXN_561E5FC9C6A749E4,2026-03-08 08:26:19.016910+00:00,ACC_00136,25.66,fuel,0,0,0
TXN_B3712AFE4F2D4DD9,2026-03-08 08:59:25.016910+00:00,ACC_00136,199.3,electronics,0,1,0
TXN_B7B16BC71AEA4EB0,2026-03-08 09:54:46.016910+00:00,ACC_00136,169.77,hotel,0,1,0
TXN_39A6D990306F4FF7,2026-03-08 10:08:07.016910+00:00,ACC_00136,31.16,gaming,0,1,0
TXN_9C07D12885A84B94,2026-03-08 10:37:10.016910+00:00,ACC_00136,12.36,fuel,0,2,0
TXN_F6B4A617D70D4182,2026-03-08 10:41:01.016910+00:00,ACC_00136,70.42,electronics,0,3,0
TXN_2DF6D563D4D249A5,2026-03-08 10:56:40.016910+00:00,ACC_00136,69.47,online_services,0,3,0
TXN_57B61905C125452F,2026-03-08 11:07:42.016910+00:00,ACC_00136,72.44,grocery,0,4,0
TXN_6DAC5084BA4644BB,2026-03-08 11:57:42.016910+00:00,ACC_00119,29.43,online_services,0,0,0
TXN_A5C510B7EEE442FF,2026-03-08 12:46:49.016910+00:00,ACC_00497,5.54,restaurant,0,0,0
TXN_ED8E966B77F64C5B,2026-03-08 13:16:18.016910+00:00,ACC_00096,39.14,travel,0,0,0
TXN_B9B418B75E4E4B65,2026-03-08 13:57:47.016910+00:00,ACC_00280,48.25,pharmacy,0,0,0
TXN_A4A613EE164543D8,2026-03-08 14:55:38.016910+00:00,ACC_00539,76.8,electronics,0,0,0
TXN_E4D686F24C5D43C0,2026-03-08 15:02:45.016910+00:00,ACC_00694,27.45,grocery,0,0,0
TXN_849B81E47FB4406E,2026-03-08 16:03:48.016910+00:00,ACC_00694,45.31,hotel,0,0,0
TXN_B8E45C8B3FBA43E7,2026-03-08 16:11:43.016910+00:00,ACC_00694,44.61,electronics,0,1,0
TXN_250A1F156E804655,2026-03-08 16:13:22.016910+00:00,ACC_00694,97.76,online_services,0,2,0
TXN_61BF7A0D31794E8B,2026-03-08 17:05:06.016910+00:00,ACC_00694,58.17,grocery,0,2,0
TXN_A6F6D0CC46CA4B93,2026-03-08 17:06:17.016910+00:00,ACC_00694,25.02,online_services,0,3,0
TXN_2915CC1114F344B3,2026-03-08 17:13:10.016910+00:00,ACC_00981,117.8,electronics,0,0,0
TXN_B7005DFAF2CF4545,2026-03-08 17:17:16.016910+00:00,ACC_00331,68.61,other,0,0,0
TXN_6032C997E26E44D7,2026-03-08 17:19:06.016910+00:00,ACC_00409,226.71,clothing,0,0,0
TXN_73E6F057E75F4FD2,2026-03-08 17:20:26.016910+00:00,ACC_00873,14.56,fuel,0,0,0
TXN_033B99920E334678,2026-03-08 18:00:37.016910+00:00,ACC_00670,169.46,travel,0,0,0
TXN_70148400F66243DA,2026-03-08 18:18:10.016910+00:00,ACC_00318,97.28,gaming,0,0,0
TXN_9985B001A57B4A05,2026-03-08 19:37:34.016910+00:00,ACC_00525,176.68,online_services,0,0,0
TXN_101E105349D348CE,2026-03-08 19:59:56.016910+00:00,ACC_00434,59.9,hotel,0,0,0
TXN_7042E06B26744D6B,2026-03-08 20:06:37.016910+00:00,ACC_00434,26.58,grocery,0,1,0
TXN_B9609D003B9A430E,2026-03-08 20:08:18.016910+00:00,ACC_00434,60.33,pharmacy,0,2,0
TXN_C34ADA0E688F41D1,2026-03-08 20:38:06.016910+00:00,ACC_00434,8.16,pharmacy,0,3,0
TXN_1B244AE596534EBF,2026-03-08 20:42:51.016910+00:00,ACC_00434,37.04,restaurant,0,4,0
TXN_8E07E54EE0284735,2026-03-08 21:05:54.016910+00:00,ACC_00434,733.17,electronics,0,4,0
TXN_AF95CF2BDDFD4211,2026-03-08 22:17:47.016910+00:00,ACC_00434,57.07,fuel,0,0,0
TXN_10E1175DD5D347F8,2026-03-08 22:29:46.016910+00:00,ACC_00047,29.03,jewelry,0,0,0
TXN_E22FC123C9374857,2026-03-08 23:36:40.016910+00:00,ACC_00583,50.81,hotel,0,0,0
TXN_B41CD4FEC1B64544,2026-03-09 00:02:47.016910+00:00,ACC_00117,24.6,online_services,0,0,0
TXN_B3971FDDEF2242FB,2026-03-09 00:18:38.016910+00:00,ACC_00086,151.41,other,0,0,0
TXN_D11E88F1B7DB451F,2026-03-09 00:34:54.016910+00:00,ACC_00687,118.26,travel,0,0,0
TXN_ECD4F48C5D1A4688,2026-03-09 00:42:21.016910+00:00,ACC_00217,11.21,other,0,0,0
TXN_09DA019C3D764E02,2026-03-09 01:13:57.016910+00:00,ACC_00445,36.58,grocery,1,0,0
TXN_C648C07C7983408F,2026-03-09 01:18:44.016910+00:00,ACC_00709,37.35,pharmacy,0,0,0
TXN_648B6B9452AD4624,2026-03-09 01:42:20.016910+00:00,ACC_00634,27.38,gaming,0,0,0
TXN_C674E8FE65064B58,2026-03-09 01:54:57.016910+00:00,ACC_00405,10.99,restaurant,1,0,0
TXN_DC386E13F60E4960,2026-03-09 01:58:02.016910+00:00,ACC_00713,290.82,grocery,0,0,0
TXN_2594ABA14A5949EC,2026-03-09 01:58:26.016910+00:00,ACC_00447,487.94,jewelry,0,0,0
TXN_1A8BCB71B0AA4774,2026-03-09 03:30:01.016910+00:00,ACC_00486,66.63,restaurant,0,0,0
TXN_DAB85F7A1EC54163,2026-03-09 03:56:23.016910+00:00,ACC_00987,33.18,grocery,0,0,0
TXN_B947BE9494024FA1,2026-03-09 04:05:18.016910+00:00,ACC_00584,20.67,fuel,1,0,0
TXN_D9911C9507524E14,2026-03-09 05:01:59.016910+00:00,ACC_00443,28.56,online_services,0,0,0
TXN_E014BD8D979A427D,2026-03-09 05:04:28.016910+00:00,ACC_00298,13.07,online_services,0,0,0
TXN_8315DE6B67444528,2026-03-09 05:39:37.016910+00:00,ACC_00298,197.22,online_services,0,1,0
TXN_128EF097FC884CFD,2026-03-09 05:45:09.016910+00:00,ACC_00298,39.31,gaming,0,2,0
TXN_05F71FE51BA44207,2026-03-09 05:50:04.016910+00:00,ACC_00298,133.13,fuel,0,3,0
TXN_E632A400C3334261,2026-03-09 06:30:47.016910+00:00,ACC_00298,22.33,pharmacy,0,3,0
TXN_8402832D8BC64E63,2026-03-09 07:08:03.016910+00:00,ACC_00298,206.63,travel,0,1,0
TXN_2BCD829AAEFD497A,2026-03-09 07:11:14.016910+00:00,ACC_00298,261.83,jewelry,0,2,0
TXN_CCD4A090E7E64044,2026-03-09 07:32:54.016910+00:00,ACC_00617,14.99,other,0,0,0
TXN_1FFC829B55B04EB1,2026-03-09 07:47:08.016910+00:00,ACC_00729,197.97,fuel,0,0,0
TXN_8AFEE8949191453F,2026-03-09 07:52:28.016910+00:00,ACC_00816,76.44,electronics,0,0,0
TXN_4C9D73D2166249A8,2026-03-09 10:20:42.016910+00:00,ACC_00684,38.43,electronics,0,0,0
TXN_91B9D5666E364472,2026-03-09 11:37:42.016910+00:00,ACC_00426,81.07,online_services,0,0,0
TXN_AAA8959DFD094CB3,2026-03-09 11:39:57.016910+00:00,ACC_00019,136.83,travel,0,0,0
TXN_5DC235044D5C4E63,2026-03-09 11:46:09.016910+00:00,ACC_00916,37.9,restaurant,0,0,0
TXN_E3C1BC2818AE485B,2026-03-09 11:49:58.016910+00:00,ACC_00576,149.86,travel,0,0,0
TXN_9A6FE4258B9D4DB7,2026-03-09 12:23:10.016910+00:00,ACC_00789,19.61,travel,0,0,0
TXN_BC47FC879ED84295,2026-03-09 12:43:35.016910+00:00,ACC_00619,24.69,other,0,0,0
TXN_09070F19549A495D,2026-03-09 14:26:09.016910+00:00,ACC_00986,11.94,restaurant,0,0,0
TXN_DD5F0DC13A2B4BAA,2026-03-09 15:07:16.016910+00:00,ACC_00879,525.18,jewelry,0,0,0
TXN_ECB5832FA32E4B0E,2026-03-09 15:22:11.016910+00:00,ACC_00892,113.25,hotel,0,0,0
TXN_DCC8F1EFF61B4BC0,2026-03-09 15:34:46.016910+00:00,ACC_00519,43.74,restaurant,0,0,0
TXN_B1256E9B27FE4E31,2026-03-09 15:45:37.016910+00:00,ACC_00126,32.23,online_services,0,0,0
TXN_EA7EDB7CC7CE456E,2026-03-09 15:45:59.016910+00:00,ACC_00855,15000.0,travel,1,8,1
TXN_08666246B0F54340,2026-03-09 16:32:41.016910+00:00,ACC_00681,189.97,jewelry,0,0,0
TXN_98C48ABB12EA4880,2026-03-09 16:44:28.016910+00:00,ACC_00424,35.57,online_services,0,0,0
TXN_1731E3071F8A4EB1,2026-03-09 17:33:26.016910+00:00,ACC_00967,45.53,grocery,0,0,0
TXN_46B5B89D37034E29,2026-03-09 17:42:06.016910+00:00,ACC_00967,119.87,hotel,0,1,0
TXN_1FC40DE02C1C4B95,2026-03-09 17:45:28.016910+00:00,ACC_00967,420.84,grocery,0,2,0
TXN_7090FF46AAE8446D,2026-03-09 18:11:43.016910+00:00,ACC_00967,48.91,electronics,0,3,0
TXN_50F62CCAEAD44619,2026-03-09 18:12:59.016910+00:00,ACC_00967,13.7,other,0,4,0
TXN_448C31A2FA2543CC,2026-03-09 18:42:30.016910+00:00,ACC_00430,44.54,pharmacy,0,0,0
TXN_7435E8A9AAEE43D6,2026-03-09 19:17:07.016910+00:00,ACC_00322,19.26,grocery,0,0,0
TXN_F8B4D313F9BD4450,2026-03-09 19:21:52.016910+00:00,ACC_00151,5.72,online_services,0,0,0
TXN_EFD0694E4B214848,2026-03-09 19:44:19.016910+00:00,ACC_00634,20.05,other,0,0,0
TXN_DF4E7A68E7F143BA,2026-03-09 19:59:01.016910+00:00,ACC_00795,1123.4,travel,0,0,0
TXN_C60FD780682D4A9E,2026-03-09 20:04:29.016910+00:00,ACC_00737,47.82,electronics,0,0,0
TXN_3E1040803AB74728,2026-03-09 20:05:30.016910+00:00,ACC_00524,41.42,jewelry,0,0,0
TXN_BFAD405313B44F34,2026-03-09 20:22:03.016910+00:00,ACC_00912,332.61,gaming,0,0,0
TXN_96DEB6B3C2754EA8,2026-03-09 21:15:52.016910+00:00,ACC_00433,9.7,restaurant,0,0,0
TXN_21FE78E9E8F743D9,2026-03-09 21:29:42.016910+00:00,ACC_00520,608.18,grocery,0,0,0
TXN_E2BBB3A4DA6C4B90,2026-03-09 21:53:19.016910+00:00,ACC_00587,31.01,online_services,0,0,0
TXN_CFFB06ADE7374546,2026-03-09 21:59:13.016910+00:00,ACC_00596,170.51,pharmacy,0,0,0
TXN_37B56BD081B74FA4,2026-03-09 22:03:30.016910+00:00,ACC_00307,43.57,other,0,0,0
TXN_9E85C52834C84214,2026-03-09 22:34:46.016910+00:00,ACC_00756,166.25,hotel,0,0,0
TXN_CB01EE96524C470D,2026-03-09 22:53:40.016910+00:00,ACC_00466,33.9,fuel,0,0,0
TXN_2281203EDFE94FE2,2026-03-09 23:27:28.016910+00:00,ACC_00466,35.09,online_services,0,1,0
TXN_C3D54CDC54FE483B,2026-03-10 02:28:26.016910+00:00,ACC_00466,48.0,fuel,0,0,0
TXN_F6CC52E45B1E475D,2026-03-10 02:45:15.016910+00:00,ACC_00466,215.2,travel,0,1,0
TXN_BFB3B770AAAB4D17,2026-03-10 03:38:37.016910+00:00,ACC_00466,63.75,other,0,1,0
TXN_94E16E0FA0FA4121,2026-03-10 04:04:34.016910+00:00,ACC_00466,115.7,electronics,0,1,0
TXN_BD4C6C92E9A442FD,2026-03-10 04:06:33.016910+00:00,ACC_00466,55.42,electronics,0,2,0
TXN_C82723AA51D54982,2026-03-10 04:39:46.016910+00:00,ACC_00712,40.12,online_services,0,0,0
TXN_5C809509314445B3,2026-03-10 05:25:08.016910+00:00,ACC_00944,196.15,gaming,0,0,0
TXN_422B08692308454B,2026-03-10 06:03:54.016910+00:00,ACC_00297,13.32,restaurant,0,0,0
TXN_510BC0F2B3EF40C6,2026-03-10 07:05:41.016910+00:00,ACC_00297,56.39,online_services,0,0,0
TXN_05F7B8146FED4992,2026-03-10 07:43:34.016910+00:00,ACC_00297,119.37,fuel,0,1,0
TXN_67E65886C54D4691,2026-03-10 08:26:37.016910+00:00,ACC_00297,78.11,clothing,0,1,0
TXN_BABA82B680F9463F,2026-03-10 08:41:34.016910+00:00,ACC_00297,15000.0,travel,1,7,1
TXN_8A6A396708C34B07,2026-03-10 09:34:25.016910+00:00,ACC_00922,13.41,fuel,0,0,0
TXN_8E0E8C2C77F04BC5,2026-03-10 09:55:56.016910+00:00,ACC_00781,42.4,pharmacy,0,0,0
TXN_ACC5A7087A014C1A,2026-03-10 10:05:07.016910+00:00,ACC_00888,20.83,restaurant,0,0,0
TXN_AFA69954B49B4962,2026-03-10 11:18:53.016910+00:00,ACC_00239,86.58,hotel,0,0,0
TXN_344C0E921E8F4E7E,2026-03-10 11:23:12.016910+00:00,ACC_00754,111.29,restaurant,0,0,0
TXN_9AC74A2FE0EE4CA8,2026-03-10 11:26:39.016910+00:00,ACC_00816,109.8,travel,0,0,0
TXN_E91A0A59A5AD49F3,2026-03-10 11:40:33.016910+00:00,ACC_00198,291.44,jewelry,0,0,0
TXN_00A624C29DE84DCC,2026-03-10 11:47:15.016910+00:00,ACC_00194,41.46,jewelry,0,0,0
TXN_49424FDA12EA4470,2026-03-10 12:01:02.016910+00:00,ACC_00185,709.53,travel,0,0,0
TXN_1EE40762FF864E9A,2026-03-10 12:42:43.016910+00:00,ACC_00909,62.48,restaurant,0,0,0
TXN_263092C203A646E8,2026-03-10 14:03:44.016910+00:00,ACC_00047,36.32,grocery,0,0,0
TXN_AFC4270015E54F8D,2026-03-10 14:09:59.016910+00:00,ACC_00541,100.07,travel,0,0,0
TXN_D8461F9308E54C4B,2026-03-10 14:20:55.016910+00:00,ACC_00293,239.16,travel,0,0,0
TXN_267E0E6B10514F79,2026-03-10 14:26:49.016910+00:00,ACC_00695,134.66,gaming,0,0,0
TXN_12B24D22186644EA,2026-03-10 14:59:13.016910+00:00,ACC_00306,576.64,hotel,0,0,0
TXN_18B9E5C655784CF2,2026-03-10 15:03:59.016910+00:00,ACC_00965,60.39,restaurant,0,0,0
TXN_05F8A2110A584CD4,2026-03-10 15:39:34.016910+00:00,ACC_00243,234.36,jewelry,0,0,0
TXN_CFCC79A6083443FE,2026-03-10 16:00:21.016910+00:00,ACC_00476,70.41,restaurant,0,0,0
TXN_281556C0E5B64A95,2026-03-10 16:15:01.016910+00:00,ACC_00908,92.52,gaming,0,0,0
TXN_BB9F59AB561F4A28,2026-03-10 16:25:18.016910+00:00,ACC_00908,117.61,electronics,0,1,0
TXN_B4813CCBB33D40D2,2026-03-10 17:11:23.016910+00:00,ACC_00908,67.35,pharmacy,0,2,0
TXN_4C694846AFD34905,2026-03-10 18:21:45.016910+00:00,ACC_00908,440.48,jewelry,0,0,0
TXN_80B66B4312FE403F,2026-03-10 19:27:57.016910+00:00,ACC_00908,36.13,fuel,0,0,0
TXN_BF8100218ADA42E1,2026-03-10 20:14:17.016910+00:00,ACC_00908,26.89,online_services,0,1,0
TXN_156C219245814EF7,2026-03-10 20:49:19.016910+00:00,ACC_00908,6746.69,electronics,0,1,1
TXN_66A8532A02664DB3,2026-03-10 21:16:56.016910+00:00,ACC_00908,12.6,pharmacy,0,1,0
TXN_D71AF9FC14CA446A,2026-03-10 21:58:02.016910+00:00,ACC_00600,43.29,travel,0,0,0
TXN_555CF97427B64D2D,2026-03-10 23:25:57.016910+00:00,ACC_00308,147.95,electronics,0,0,0
TXN_9ADDC14677124A54,2026-03-11 00:05:34.016910+00:00,ACC_00308,88.26,clothing,0,1,0
TXN_B1B54D08D1334E69,2026-03-11 00:10:08.016910+00:00,ACC_00308,44.06,pharmacy,0,2,0
TXN_E75DAA7B50A843C4,2026-03-11 01:10:11.016910+00:00,ACC_00308,81.49,other,0,0,0
TXN_1676F59D697D4270,2026-03-11 01:14:52.016910+00:00,ACC_00350,6.2,gaming,0,0,0
TXN_385FBBB1A8D448DC,2026-03-11 01:17:44.016910+00:00,ACC_00945,67.49,grocery,0,0,0
TXN_FC65F3986C904FEB,2026-03-11 01:42:23.016910+00:00,ACC_00945,223.52,other,0,1,0
TXN_6BFFFAAC682B4AB7,2026-03-11 01:42:47.016910+00:00,ACC_00945,73.76,pharmacy,0,2,0
TXN_69E3FE2E0D614B75,2026-03-11 01:48:50.016910+00:00,ACC_00945,71.49,pharmacy,0,3,0
TXN_F62E2A6B40574094,2026-03-11 01:55:20.016910+00:00,ACC_00945,48.03,fuel,0,4,0
TXN_836282D903F0491C,2026-03-11 02:06:59.016910+00:00,ACC_00945,71.11,other,0,5,0
TXN_DCE1C07815B541FE,2026-03-11 02:43:36.016910+00:00,ACC_00945,43.03,clothing,0,3,0
TXN_ED4EA45E7BD24504,2026-03-11 03:02:12.016910+00:00,ACC_00288,79.17,other,0,0,0
TXN_0360F3E1CEEA4827,2026-03-11 03:18:44.016910+00:00,ACC_00311,18.11,clothing,0,0,0
TXN_E0547B2FE2B94CF4,2026-03-11 03:23:01.016910+00:00,ACC_00288,224.69,other,0,1,0
TXN_9B7EF7021A614753,2026-03-11 03:35:59.016910+00:00,ACC_00841,12.59,restaurant,0,0,0
TXN_C5776C0C9A4A4976,2026-03-11 04:51:40.016910+00:00,ACC_00566,122.67,other,0,0,0
TXN_F2DA132C03D8468F,2026-03-11 05:29:18.016910+00:00,ACC_00067,194.39,other,0,0,0
TXN_61C28ACC38F44D36,2026-03-11 06:20:12.016910+00:00,ACC_00234,122.37,other,0,0,0
TXN_9402A00240964B3F,2026-03-11 06:28:31.016910+00:00,ACC_00994,2008.01,jewelry,0,0,0
TXN_A55D85537FAA456A,2026-03-11 06:54:41.016910+00:00,ACC_00003,4.92,pharmacy,0,0,0
TXN_DAC85E5867664622,2026-03-11 07:15:13.016910+00:00,ACC_00331,24.92,fuel,0,0,0
TXN_CB37F41A8EEA471F,2026-03-11 07:20:36.016910+00:00,ACC_00371,133.58,grocery,0,0,0
TXN_50307DDB93E748E2,2026-03-11 07:55:22.016910+00:00,ACC_00431,551.87,hotel,0,0,0
TXN_4F2E37D37EAD465C,2026-03-11 08:02:32.016910+00:00,ACC_00026,23.28,clothing,0,0,0
TXN_60436B5342104E5F,2026-03-11 08:45:51.016910+00:00,ACC_00256,180.99,hotel,0,0,0
TXN_C2ACCEB2F6FB436D,2026-03-11 09:14:13.016910+00:00,ACC_00492,10.06,grocery,0,0,0
TXN_B48536C425354C78,2026-03-11 09:33:13.016910+00:00,ACC_00257,46.33,online_services,0,0,0
TXN_AEF9CAE5551F436E,2026-03-11 11:40:14.016910+00:00,ACC_00342,76.58,clothing,0,0,0
TXN_04E438FE893C4BCD,2026-03-11 13:59:01.016910+00:00,ACC_00783,50.18,gaming,0,0,0
TXN_5401E0A93BE74704,2026-03-11 14:00:18.016910+00:00,ACC_00783,47.87,fuel,0,1,0
TXN_1E00D51E647D434B,2026-03-11 14:35:13.016910+00:00,ACC_00783,56.32,electronics,0,2,0
TXN_EBABBFF794544643,2026-03-11 14:36:56.016910+00:00,ACC_00783,53.04,gaming,0,3,0
TXN_17F172106B0E4145,2026-03-11 15:36:28.016910+00:00,ACC_00783,151.35,jewelry,0,1,0
TXN_6B85B795E7F147ED,2026-03-11 15:55:47.016910+00:00,ACC_00783,34.18,gaming,0,1,0
TXN_4E4AAAB9EAE54E52,2026-03-11 16:04:06.016910+00:00,ACC_00783,72.57,pharmacy,0,2,0
TXN_C885EB2C88C240C9,2026-03-11 16:35:37.016910+00:00,ACC_00439,12.84,gaming,0,0,0
TXN_D97C623E6F254E54,2026-03-11 16:35:43.016910+00:00,ACC_00027,11.98,hotel,0,0,0
TXN_FCD42E4A2BE74418,2026-03-11 17:10:13.016910+00:00,ACC_00731,89.67,gaming,0,0,0
TXN_B023C9C1283A4D12,2026-03-11 17:36:34.016910+00:00,ACC_00731,53.1,online_services,0,1,0
TXN_51C18AC1B220441C,2026-03-11 18:06:05.016910+00:00,ACC_00731,135.91,grocery,0,2,0
TXN_7C5302FC4F1F4508,2026-03-11 19:04:42.016910+00:00,ACC_00731,15.89,pharmacy,0,1,0
TXN_E304CF610C544A9B,2026-03-11 19:14:16.016910+00:00,ACC_00731,100.21,electronics,0,1,0
TXN_A82DD11A3A4E42E9,2026-03-11 19:33:23.016910+00:00,ACC_00378,240.12,jewelry,0,0,0
TXN_895932383B8B43A6,2026-03-11 19:43:35.016910+00:00,ACC_00520,125.08,jewelry,0,0,0
TXN_0E64404864244C0F,2026-03-11 20:12:59.016910+00:00,ACC_00206,21.29,clothing,0,0,0
TXN_A28971ECCC2D407B,2026-03-11 20:25:35.016910+00:00,ACC_00712,94.41,online_services,0,0,0
TXN_741D6C9AE5744786,2026-03-11 20:29:10.016910+00:00,ACC_00987,36.99,travel,0,0,0
TXN_28034FCDD5E1475C,2026-03-11 22:07:52.016910+00:00,ACC_00809,16.37,online_services,1,0,0
TXN_523488A924EB44BA,2026-03-11 22:28:53.016910+00:00,ACC_00478,43.7,clothing,0,0,0
TXN_D3D6455161CD4074,2026-03-12 00:55:27.016910+00:00,ACC_00827,119.56,clothing,0,0,0
TXN_9169F389A697449B,2026-03-12 01:10:08.016910+00:00,ACC_00011,14738.13,travel,0,0,0
TXN_2918C44C2FED41F5,2026-03-12 01:54:07.016910+00:00,ACC_00011,20.68,grocery,0,1,0
TXN_2F0CFC85AA9A4F41,2026-03-12 02:15:31.016910+00:00,ACC_00011,114.87,travel,0,1,0
TXN_CCE3284BCB7142BC,2026-03-12 03:17:03.016910+00:00,ACC_00011,155.14,electronics,0,0,0
TXN_F4AAF0B9917840CD,2026-03-12 04:14:50.016910+00:00,ACC_00104,27.8,fuel,0,0,0
TXN_4A11BB49DA4C4565,2026-03-12 04:56:32.016910+00:00,ACC_00104,136.43,clothing,0,1,0
TXN_9A6ED763E6AF4CA0,2026-03-12 05:36:33.016910+00:00,ACC_00104,95.14,pharmacy,0,1,0
TXN_97FD0EE6D08C4EF6,2026-03-12 06:01:41.016910+00:00,ACC_00104,38.85,gaming,0,1,0
TXN_0EDD808C76D24176,2026-03-12 06:34:15.016910+00:00,ACC_00104,702.01,electronics,0,2,0
TXN_7C6C1F6EBFCA4949,2026-03-12 06:37:55.016910+00:00,ACC_00546,117.49,hotel,0,0,0
TXN_60CA602D77C542F1,2026-03-12 06:40:36.016910+00:00,ACC_00944,122.32,gaming,0,0,0
TXN_E24C1AA129B0413B,2026-03-12 08:14:56.016910+00:00,ACC_00944,150.94,hotel,0,0,0
TXN_82DFE257D66E4DE6,2026-03-12 08:40:47.016910+00:00,ACC_00944,148.22,electronics,0,1,0
TXN_77B318932CDD4912,2026-03-12 09:06:08.016910+00:00,ACC_00944,10.93,clothing,0,2,0
TXN_36E2D9FDFE784C31,2026-03-12 10:24:33.016910+00:00,ACC_00944,15.22,gaming,0,0,0
TXN_9768E36F61B74566,2026-03-12 10:36:59.016910+00:00,ACC_00944,24.98,pharmacy,0,1,0
TXN_69D3E89203084E5C,2026-03-12 11:14:13.016910+00:00,ACC_00944,314.56,electronics,0,2,0
TXN_D70CC125046F4F26,2026-03-12 11:56:04.016910+00:00,ACC_00944,76.53,other,0,1,0
TXN_18423450C25B451F,2026-03-12 12:02:05.016910+00:00,ACC_00654,33.58,gaming,0,0,0
TXN_10D3A5B7A0484B17,2026-03-12 12:33:53.016910+00:00,ACC_00463,69.33,fuel,0,0,0
TXN_AD622E4C59E24ECE,2026-03-12 12:49:26.016910+00:00,ACC_00161,302.22,hotel,0,0,0
TXN_4998AE01CA734252,2026-03-12 12:51:41.016910+00:00,ACC_00303,110.66,hotel,0,0,0
TXN_255E829E99E842E0,2026-03-12 12:57:52.016910+00:00,ACC_00345,54.39,online_services,0,0,0
TXN_16F71AC693F640A3,2026-03-12 13:20:29.016910+00:00,ACC_00280,119.99,electronics,0,0,0
TXN_EF818D61FDDD42FC,2026-03-12 14:39:25.016910+00:00,ACC_00924,208.45,jewelry,0,0,0
TXN_88F4609603964834,2026-03-12 14:45:51.016910+00:00,ACC_00924,23.61,clothing,0,1,0
TXN_BDA1AB3BBAFD4A79,2026-03-12 15:07:51.016910+00:00,ACC_00924,22.04,clothing,0,2,0
TXN_6C9F49E9A55F44B8,2026-03-12 15:28:58.016910+00:00,ACC_00924,98.42,other,0,3,0
TXN_F44FB1C188C34EB4,2026-03-12 15:33:20.016910+00:00,ACC_00924,154.22,other,0,4,0
TXN_B5FF7235654A4FB1,2026-03-12 15:50:04.016910+00:00,ACC_00924,41.9,other,0,3,0
TXN_8424386D42D747E9,2026-03-12 15:54:37.016910+00:00,ACC_00924,15000.0,travel,1,8,1
TXN_52239FCED3814552,2026-03-12 17:41:25.016910+00:00,ACC_00924,5.79,pharmacy,0,0,0
TXN_ADEC5BEC0E704188,2026-03-12 17:56:08.016910+00:00,ACC_00975,5.81,fuel,0,0,0
TXN_09FF887A256B46D8,2026-03-12 18:24:02.016910+00:00,ACC_00240,803.76,jewelry,0,0,0
TXN_4BD2D360164F4203,2026-03-12 19:34:58.016910+00:00,ACC_00811,19.44,fuel,0,0,0
TXN_A3047167BF154A21,2026-03-12 21:38:48.016910+00:00,ACC_00811,2.63,online_services,1,0,0
TXN_66BE8678EC7D46E1,2026-03-12 21:50:08.016910+00:00,ACC_00811,1096.5,electronics,0,1,0
TXN_5649CDC23CC44BA1,2026-03-12 21:55:27.016910+00:00,ACC_00811,19.39,pharmacy,0,2,0
TXN_68D371C0193C442C,2026-03-12 22:42:08.016910+00:00,ACC_00811,7.49,pharmacy,0,2,0
TXN_1C33230205D64C4A,2026-03-12 23:01:27.016910+00:00,ACC_00307,42.32,grocery,0,0,0
TXN_75EE17067B774751,2026-03-12 23:37:26.016910+00:00,ACC_00976,93.27,gaming,0,0,0
TXN_B22E47700FA6423C,2026-03-13 00:30:04.016910+00:00,ACC_00888,72.64,fuel,0,0,0
TXN_70C077734B2C43D5,2026-03-13 00:45:56.016910+00:00,ACC_00193,258.11,hotel,0,0,0
TXN_32F7B50A70974521,2026-03-13 01:22:49.016910+00:00,ACC_00096,13.13,pharmacy,1,0,0
TXN_7428D47FA8EB4757,2026-03-13 01:24:13.016910+00:00,ACC_00028,97.83,restaurant,0,0,0
TXN_1250563711FD47E5,2026-03-13 01:35:16.016910+00:00,ACC_00299,104.36,restaurant,0,0,0
TXN_0259737036A94CCC,2026-03-13 01:55:33.016910+00:00,ACC_00335,15000.0,travel,1,8,0
TXN_DDC186DA2F4B4FB7,2026-03-13 02:10:08.016910+00:00,ACC_00399,63.26,clothing,0,0,0
TXN_61C08E791E8C4238,2026-03-13 02:16:59.016910+00:00,ACC_00727,78.01,electronics,0,0,0
TXN_189ED892E45D44A2,2026-03-13 02:31:05.016910+00:00,ACC_00515,28.73,online_services,1,0,0
TXN_307E3AE02CCF4257,2026-03-13 02:49:46.016910+00:00,ACC_00845,11.18,clothing,0,0,0
TXN_1BF113DD29504089,2026-03-13 03:02:10.016910+00:00,ACC_00472,23.08,grocery,0,0,0
TXN_33F4DC80740545C1,2026-03-13 03:16:56.016910+00:00,ACC_00468,5.66,other,0,0,0
TXN_4F98EA601A9944B6,2026-03-13 03:47:35.016910+00:00,ACC_00871,9.97,clothing,0,0,0
TXN_8EBAB6B6BA40458E,2026-03-13 03:52:10.016910+00:00,ACC_00394,139.18,electronics,0,0,0
TXN_EAD969718ED241FE,2026-03-13 03:52:28.016910+00:00,ACC_00045,86.47,electronics,0,0,0
TXN_1A6C00F32D054CC9,2026-03-13 04:32:16.016910+00:00,ACC_00939,53.38,online_services,0,0,0
TXN_5FE0A3B17CE14778,2026-03-13 04:59:37.016910+00:00,ACC_00939,215.29,hotel,0,1,0
TXN_77FF4BBFB31C41BA,2026-03-13 07:30:47.016910+00:00,ACC_00939,158.58,hotel,0,0,0
TXN_FDD20E974B0646AB,2026-03-13 07:36:53.016910+00:00,ACC_00939,51.02,grocery,0,1,0
TXN_26E4382658354BBC,2026-03-13 08:54:25.016910+00:00,ACC_00939,50.63,other,0,0,0
TXN_70B1CF0427FC4381,2026-03-13 09:20:40.016910+00:00,ACC_00200,18.82,grocery,0,0,0
TXN_6D02A3C336AB4B50,2026-03-13 10:05:59.016910+00:00,ACC_00687,13.49,online_services,0,0,0
TXN_432CB21488AD4C7F,2026-03-13 10:17:36.016910+00:00,ACC_00731,67.52,electronics,0,0,0
TXN_58AAFAF2E4394CA2,2026-03-13 10:54:39.016910+00:00,ACC_00859,102.86,electronics,0,0,0
TXN_1EB8B28836244C56,2026-03-13 11:19:30.016910+00:00,ACC_00859,28.87,restaurant,1,1,0
TXN_DF3DAE94D53B446D,2026-03-13 11:35:52.016910+00:00,ACC_00859,258.7,hotel,0,2,0
TXN_05E5D1331B0E46A4,2026-03-13 11:38:41.016910+00:00,ACC_00859,189.04,jewelry,0,3,0
TXN_EAF86F7D79FC4E5A,2026-03-13 11:44:58.016910+00:00,ACC_00831,55.56,pharmacy,0,0,0
TXN_5960E508A0794237,2026-03-13 11:48:13.016910+00:00,ACC_00316,330.9,gaming,0,0,0
TXN_D54936FCCC6640D9,2026-03-13 11:50:52.016910+00:00,ACC_00384,63.49,clothing,0,0,0
TXN_C6CB18E952314C3A,2026-03-13 12:13:06.016910+00:00,ACC_00346,39.52,pharmacy,0,0,0
TXN_2FD00B5A8BCD4A44,2026-03-13 13:36:05.016910+00:00,ACC_00817,117.43,pharmacy,0,0,0
TXN_E4790B4DABE04367,2026-03-13 13:43:55.016910+00:00,ACC_00111,86.54,hotel,0,0,0
TXN_347CDB57ECE0490B,2026-03-13 13:52:13.016910+00:00,ACC_00555,3.9,fuel,0,0,0
TXN_4E45EEB812DF475C,2026-03-13 14:07:57.016910+00:00,ACC_00178,29.12,grocery,0,0,0
TXN_552F5679FE34468C,2026-03-13 14:22:02.016910+00:00,ACC_00178,271.05,travel,0,1,0
TXN_B4DBCEED46C64023,2026-03-13 14:22:40.016910+00:00,ACC_00178,16.19,clothing,0,2,0
TXN_BFD27FF00F384536,2026-03-13 14:45:03.016910+00:00,ACC_00178,34.39,restaurant,0,3,0
TXN_1B231029905A41A6,2026-03-13 16:02:37.016910+00:00,ACC_00178,13.78,gaming,0,0,0
TXN_E1B5A7F3D10F4086,2026-03-13 16:36:56.016910+00:00,ACC_00178,186.19,pharmacy,0,1,0
TXN_0449EC83DA374111,2026-03-13 16:40:22.016910+00:00,ACC_00711,73.54,electronics,0,0,0
TXN_DA8CD3703CC047DE,2026-03-13 16:40:36.016910+00:00,ACC_00872,8.14,restaurant,0,0,0
TXN_52F4C4E0C32C48A7,2026-03-13 17:01:51.016910+00:00,ACC_00392,33.54,other,0,0,0
TXN_7F0C244C209C46F7,2026-03-13 17:23:12.016910+00:00,ACC_00239,172.98,travel,0,0,0
TXN_093530899E6F4297,2026-03-13 17:23:55.016910+00:00,ACC_00239,44.87,restaurant,0,1,0
TXN_94C88C1A35084037,2026-03-13 17:37:00.016910+00:00,ACC_00239,369.15,electronics,0,2,0
TXN_9F68D3CCFE7B4AB1,2026-03-13 18:13:30.016910+00:00,ACC_00239,30.04,other,0,3,0
TXN_40CC88586ED5470A,2026-03-13 18:50:32.016910+00:00,ACC_00337,227.07,hotel,0,0,0
TXN_CF8ED00231DD4957,2026-03-13 18:55:52.016910+00:00,ACC_00425,27.72,travel,0,0,0
TXN_3DD213D2B2124931,2026-03-13 19:17:50.016910+00:00,ACC_00351,82.35,jewelry,0,0,0
TXN_137F024678F446A7,2026-03-13 19:36:35.016910+00:00,ACC_00821,14.22,other,0,0,0
TXN_FAF3F05BD4444249,2026-03-13 19:48:20.016910+00:00,ACC_00188,17.89,grocery,0,0,0
TXN_B4EE9CE49DAC482D,2026-03-13 20:35:40.016910+00:00,ACC_00054,216.72,electronics,0,0,0
TXN_47425A4AE9524971,2026-03-13 20:41:06.016910+00:00,ACC_00563,27.62,clothing,0,0,0
TXN_9B6EA2A46CD84FB9,2026-03-13 22:11:13.016910+00:00,ACC_00319,32.57,clothing,0,0,0
TXN_5F70CAA4BB28494D,2026-03-13 22:24:57.016910+00:00,ACC_00293,42.61,pharmacy,0,0,0
TXN_FE490335527C46C7,2026-03-13 22:38:29.016910+00:00,ACC_00974,60.23,fuel,0,0,0
TXN_74ADEFD643804024,2026-03-13 22:56:56.016910+00:00,ACC_00625,74.4,electronics,0,0,0
TXN_71B59D96AF314534,2026-03-13 23:06:11.016910+00:00,ACC_00391,10.23,restaurant,0,0,0
TXN_9D7A938C8AD348F7,2026-03-13 23:09:19.016910+00:00,ACC_00157,508.2,electronics,0,0,0
TXN_13F70E86E8054B8B,2026-03-14 00:06:08.016910+00:00,ACC_00385,29.94,online_services,0,0,0
TXN_E0D021E7264547A4,2026-03-14 01:07:06.016910+00:00,ACC_00159,28.67,grocery,0,0,0
TXN_B62D4D191FAE4ECA,2026-03-14 03:57:01.016910+00:00,ACC_00504,32.14,fuel,0,0,0
TXN_127BE7A7E1BF4599,2026-03-14 04:00:46.016910+00:00,ACC_00502,76.31,gaming,0,0,0
TXN_F6733C11FC75439F,2026-03-14 04:08:06.016910+00:00,ACC_00128,10.64,gaming,0,0,0
TXN_BA445ADB57164D7E,2026-03-14 04:19:07.016910+00:00,ACC_00790,386.6,other,0,0,0
TXN_E34BB492E8D74CD3,2026-03-14 04:38:49.016910+00:00,ACC_00378,23.95,pharmacy,0,0,0
TXN_8F153D8DA64249A9,2026-03-14 04:56:08.016910+00:00,ACC_00490,59.2,pharmacy,1,0,0
TXN_174D8D7272884C93,2026-03-14 06:18:22.016910+00:00,ACC_00490,41.12,travel,0,0,0
TXN_7F1FA1C03A784046,2026-03-14 07:04:14.016910+00:00,ACC_00490,57.87,clothing,0,1,0
TXN_EA1E3199F9734B7A,2026-03-14 07:06:15.016910+00:00,ACC_00490,222.76,grocery,0,2,0
TXN_C04F755F47C8479B,2026-03-14 07:16:42.016910+00:00,ACC_00490,187.76,fuel,0,3,0
TXN_D989191FCE074AA6,2026-03-14 08:11:08.016910+00:00,ACC_00490,384.34,jewelry,0,1,0
TXN_2BFA41BB181B4B3B,2026-03-14 08:50:17.016910+00:00,ACC_00438,60.22,travel,0,0,0
TXN_98E1C983D9DE47F1,2026-03-14 09:27:40.016910+00:00,ACC_00601,121.82,fuel,0,0,0
TXN_D94939EF90D7413D,2026-03-14 09:29:56.016910+00:00,ACC_00112,22.05,hotel,0,0,0
TXN_6C7AE72FE4A54EDD,2026-03-14 10:09:23.016910+00:00,ACC_00767,926.07,travel,0,0,0
TXN_BC729BC5723C46E1,2026-03-14 10:31:45.016910+00:00,ACC_00793,203.59,jewelry,0,0,0
TXN_BA86FB040E924F27,2026-03-14 11:49:41.016910+00:00,ACC_00181,11.85,other,0,0,0
TXN_9D6026D9F8A8415D,2026-03-14 12:49:09.016910+00:00,ACC_00113,30.13,clothing,0,0,0
TXN_233AAFE07A9046B6,2026-03-14 13:08:14.016910+00:00,ACC_00778,81.15,fuel,0,0,0
TXN_D86E8F73097B4DB0,2026-03-14 13:18:10.016910+00:00,ACC_00652,69.79,travel,0,0,0
TXN_3C48A1C1FB024738,2026-03-14 13:36:17.016910+00:00,ACC_00031,97.34,online_services,0,0,0
TXN_19BF13A5634A4967,2026-03-14 13:48:37.016910+00:00,ACC_00273,13808.95,travel,0,0,0
TXN_5C42AA8C0A7C4262,2026-03-14 14:20:04.016910+00:00,ACC_00780,63.59,online_services,0,0,0
TXN_E37721E662264A99,2026-03-14 14:49:45.016910+00:00,ACC_00380,238.99,hotel,0,0,0
TXN_E620D236FCAE4B6E,2026-03-14 14:55:19.016910+00:00,ACC_00682,144.51,gaming,0,0,0
TXN_568E042C6E7941FD,2026-03-14 15:06:13.016910+00:00,ACC_00103,36.37,other,0,0,0
TXN_D850364D2C9B40F3,2026-03-14 16:17:40.016910+00:00,ACC_00103,58.29,restaurant,0,0,0
TXN_95C96E524B8740E7,2026-03-14 16:35:54.016910+00:00,ACC_00103,32.01,clothing,0,1,0
TXN_8E42EEA7607F40F8,2026-03-14 16:38:11.016910+00:00,ACC_00103,59.3,online_services,0,2,0
TXN_645B08B7110B4534,2026-03-14 16:39:52.016910+00:00,ACC_00103,15000.0,travel,1,7,1
TXN_E4B2271A499D4B90,2026-03-14 16:44:44.016910+00:00,ACC_00103,22.57,clothing,0,4,0
TXN_033580D72031463D,2026-03-14 17:04:29.016910+00:00,ACC_00103,3.03,restaurant,0,5,0
TXN_A3D23DFA90BF4825,2026-03-14 17:04:38.016910+00:00,ACC_00488,23.06,other,0,0,0
TXN_5D28762954E54318,2026-03-14 17:44:04.016910+00:00,ACC_00200,633.3,jewelry,0,0,0
TXN_F7BC70E5F5814F37,2026-03-14 17:47:59.016910+00:00,ACC_00033,10.33,restaurant,0,0,0
TXN_814B75ECF0D7487D,2026-03-14 18:17:05.016910+00:00,ACC_00896,119.21,online_services,0,0,0
TXN_A816FEF60F4E4823,2026-03-14 18:20:10.016910+00:00,ACC_00250,13.89,pharmacy,0,0,0
TXN_E0FAD8617F1E4B44,2026-03-14 18:23:17.016910+00:00,ACC_00030,89.12,hotel,0,0,0
TXN_E8C959BABEC54D3F,2026-03-14 18:25:29.016910+00:00,ACC_00264,32.57,pharmacy,0,0,0
TXN_59A9B5BC7C7047A2,2026-03-14 18:47:56.016910+00:00,ACC_00743,20.57,other,0,0,0
TXN_E650C8FB8B6C4CC0,2026-03-14 18:56:09.016910+00:00,ACC_00947,27.01,pharmacy,0,0,0
TXN_056F76B45C9C492A,2026-03-14 19:02:06.016910+00:00,ACC_00743,7.47,pharmacy,0,1,0
TXN_C8684CE8157F44F3,2026-03-14 19:23:45.016910+00:00,ACC_00239,19.7,restaurant,0,0,0
TXN_C124BBE7145147A4,2026-03-14 20:58:40.016910+00:00,ACC_00607,50.2,other,0,0,0
TXN_E5628C9A235E4D08,2026-03-14 21:57:03.016910+00:00,ACC_00321,5.04,gaming,0,0,0
TXN_38D74D1565DD4642,2026-03-14 23:12:42.016910+00:00,ACC_00195,16.02,fuel,0,0,0
TXN_B1A5A3C24A71491B,2026-03-14 23:49:28.016910+00:00,ACC_00816,43.16,pharmacy,0,0,0
TXN_BACEE1D3FF614B2B,2026-03-15 00:23:44.016910+00:00,ACC_00552,37.24,hotel,0,0,0
TXN_F29DF7A7C97F4E91,2026-03-15 00:53:15.016910+00:00,ACC_00512,168.33,electronics,0,0,0
TXN_68FD2EB124EA457E,2026-03-15 01:06:53.016910+00:00,ACC_00821,64.84,grocery,0,0,0
TXN_90A3215344014388,2026-03-15 01:23:52.016910+00:00,ACC_00127,71.63,other,0,0,0
TXN_3EF5C51D4B3B4758,2026-03-15 01:46:07.016910+00:00,ACC_00299,80.6,fuel,0,0,0
TXN_C1E1AF63140248B7,2026-03-15 02:06:58.016910+00:00,ACC_00734,11.8,other,0,0,0
TXN_EC71121423774282,2026-03-15 02:17:49.016910+00:00,ACC_00946,284.9,electronics,0,0,0
TXN_5628764012BD45A8,2026-03-15 02:30:07.016910+00:00,ACC_00835,41.72,electronics,0,0,0
TXN_214C94DD27734D03,2026-03-15 02:46:37.016910+00:00,ACC_00695,120.85,hotel,0,0,0
TXN_C1529D953D474FEA,2026-03-15 03:43:54.016910+00:00,ACC_00290,273.06,clothing,0,0,0
TXN_D286802B45874FDC,2026-03-15 04:04:43.016910+00:00,ACC_00332,30.91,gaming,0,0,0
TXN_0EDFC316DFC149A5,2026-03-15 04:18:49.016910+00:00,ACC_00312,111.2,electronics,0,0,0
TXN_4E573B84919041DB,2026-03-15 04:26:29.016910+00:00,ACC_00919,18.87,clothing,0,0,0
TXN_3949BC0F8B5C4CB2,2026-03-15 04:36:31.016910+00:00,ACC_00371,239.87,gaming,0,0,0
TXN_102C85B4B3D941F8,2026-03-15 05:09:33.016910+00:00,ACC_00386,16.05,fuel,0,0,0
TXN_531CA46BBBB64F92,2026-03-15 05:15:46.016910+00:00,ACC_00365,201.97,electronics,0,0,0
TXN_82BB89FE5B6B4799,2026-03-15 06:04:25.016910+00:00,ACC_00347,360.56,electronics,0,0,0
TXN_89F5405712654651,2026-03-15 06:25:21.016910+00:00,ACC_00247,277.73,travel,0,0,0
TXN_176CA4600C9740AB,2026-03-15 06:50:32.016910+00:00,ACC_00385,45.62,pharmacy,0,0,0
TXN_A57C981783A24D18,2026-03-15 07:43:18.016910+00:00,ACC_00666,35.73,pharmacy,0,0,0
TXN_7EAD2BF98CF242FA,2026-03-15 07:50:29.016910+00:00,ACC_00085,9.78,pharmacy,0,0,0
TXN_2BE8240172E34172,2026-03-15 07:55:46.016910+00:00,ACC_00587,227.41,online_services,0,0,0
TXN_C0151F0FDF7249FE,2026-03-15 08:08:34.016910+00:00,ACC_00186,42.05,pharmacy,0,0,0
TXN_044DDB6F53574BB4,2026-03-15 08:57:37.016910+00:00,ACC_00334,111.27,electronics,0,0,0
TXN_0B57E23B44F84A67,2026-03-15 09:37:41.016910+00:00,ACC_00334,77.85,jewelry,0,1,0
TXN_A21195E07EDA43E2,2026-03-15 09:39:06.016910+00:00,ACC_00334,46.6,gaming,0,2,0
TXN_0160825623D1469A,2026-03-15 10:15:06.016910+00:00,ACC_00334,47.15,clothing,0,2,0
TXN_BD1E3122CF6C4ECB,2026-03-15 10:23:43.016910+00:00,ACC_00334,242.71,gaming,1,3,0
TXN_9C9C27D8BCAB4DE9,2026-03-15 10:27:05.016910+00:00,ACC_00334,27.8,restaurant,0,4,0
TXN_E4E463BF77004DFB,2026-03-15 12:23:28.016910+00:00,ACC_00334,28.68,restaurant,0,0,0
TXN_F5CB6609D7E94115,2026-03-15 13:08:57.016910+00:00,ACC_00334,9.83,restaurant,0,1,0
TXN_1BCD5348BB664BFC,2026-03-15 13:23:48.016910+00:00,ACC_00434,307.23,pharmacy,0,0,0
TXN_351FE93AAF2641DC,2026-03-15 13:46:05.016910+00:00,ACC_00802,357.55,jewelry,0,0,0
TXN_2665F99E9A8F4CEA,2026-03-15 14:10:31.016910+00:00,ACC_00536,20.15,hotel,0,0,0
TXN_5ADD7AA9B989438C,2026-03-15 14:30:58.016910+00:00,ACC_00679,127.47,clothing,0,0,0
TXN_47D58D5EDD4E44C9,2026-03-15 15:04:22.016910+00:00,ACC_00221,116.6,gaming,0,0,0
TXN_4E16C63FEEC747C6,2026-03-15 15:17:21.016910+00:00,ACC_00747,12.32,restaurant,0,0,0
TXN_E4D5FB9F34C14C32,2026-03-15 15:17:30.016910+00:00,ACC_00168,38.15,restaurant,0,0,0
TXN_8F7A48AE14564F15,2026-03-15 15:25:57.016910+00:00,ACC_00147,93.42,restaurant,0,0,0
TXN_8228D652F26B41DE,2026-03-15 15:36:54.016910+00:00,ACC_00662,97.01,hotel,0,0,0
TXN_78D8ACE5EBA1458C,2026-03-15 15:51:41.016910+00:00,ACC_00168,81.23,electronics,0,1,0
TXN_4728EAA94D99464F,2026-03-15 16:08:40.016910+00:00,ACC_00988,22.7,restaurant,0,0,0
TXN_A9C1121DF59C4D7E,2026-03-15 16:36:55.016910+00:00,ACC_00417,139.87,hotel,0,0,0
TXN_499403E3B8744E1F,2026-03-15 16:46:40.016910+00:00,ACC_00417,27.26,clothing,0,1,0
TXN_4F1C3DB71179469C,2026-03-15 17:21:22.016910+00:00,ACC_00417,33.79,clothing,0,2,0
TXN_352412EB4459468E,2026-03-15 17:27:05.016910+00:00,ACC_00417,142.6,electronics,0,3,0
TXN_A3C0FB693EFC487E,2026-03-15 17:58:26.016910+00:00,ACC_00827,139.27,jewelry,0,0,0
TXN_0450D4F3C1AC4AA7,2026-03-15 18:00:08.016910+00:00,ACC_00278,12.76,grocery,0,0,0
TXN_AD92FA8F55D64AF6,2026-03-15 19:24:19.016910+00:00,ACC_00354,5.63,pharmacy,0,0,0
TXN_9444A61AAB2D45F6,2026-03-15 19:32:21.016910+00:00,ACC_00871,45.31,gaming,1,0,0
TXN_E9EA5E2643364A98,2026-03-15 20:10:43.016910+00:00,ACC_00674,122.01,fuel,0,0,0
TXN_AC961766358E430C,2026-03-15 20:20:46.016910+00:00,ACC_00655,80.12,other,0,0,0
TXN_06CBC65E6F6C414B,2026-03-15 20:34:04.016910+00:00,ACC_00469,37.68,hotel,0,0,0
TXN_FB0002B1DA554628,2026-03-15 20:54:33.016910+00:00,ACC_00439,26.9,other,0,0,0
TXN_170FEB7444AF4FBA,2026-03-15 21:06:47.016910+00:00,ACC_00879,28.24,fuel,0,0,0
TXN_06FC10A8BE2A4CFA,2026-03-15 21:21:26.016910+00:00,ACC_00879,157.54,restaurant,0,1,0
TXN_F92CE8E81A5F4B90,2026-03-15 22:05:37.016910+00:00,ACC_00879,235.21,grocery,0,2,0
TXN_1D15A90058E44361,2026-03-15 22:29:20.016910+00:00,ACC_00879,203.7,grocery,0,1,0
TXN_D5BCCBA6F3074A44,2026-03-15 22:37:27.016910+00:00,ACC_00879,62.29,other,0,2,0
TXN_8CC2B4A5344D4065,2026-03-15 22:50:08.016910+00:00,ACC_00879,676.15,pharmacy,0,3,0
TXN_7D9C8D9B219F40A6,2026-03-15 23:03:44.016910+00:00,ACC_00632,611.66,other,0,0,0
TXN_A9FA96C6D9D342C6,2026-03-15 23:05:21.016910+00:00,ACC_00757,156.0,jewelry,0,0,0
TXN_4B80217791224FFC,2026-03-15 23:40:00.016910+00:00,ACC_00173,521.55,jewelry,0,0,0
TXN_F415D50294244312,2026-03-15 23:42:13.016910+00:00,ACC_00137,50.16,grocery,0,0,0
TXN_47B60F0F9E5A4AFE,2026-03-16 00:34:18.016910+00:00,ACC_00116,45.43,pharmacy,0,0,0
TXN_B713255958184693,2026-03-16 00:37:49.016910+00:00,ACC_00121,6.99,online_services,0,0,0
TXN_E59B0F3B3DCB4E45,2026-03-16 00:54:35.016910+00:00,ACC_00583,54.09,travel,0,0,0
TXN_0473AECC3BF04A28,2026-03-16 01:05:29.016910+00:00,ACC_00915,41.62,gaming,0,0,0
TXN_9FADA33C24B44331,2026-03-16 02:24:07.016910+00:00,ACC_00915,15000.0,travel,1,6,0
TXN_259ADF5CBC594AC4,2026-03-16 02:42:37.016910+00:00,ACC_00915,10.76,grocery,0,1,0
TXN_21652669E625457D,2026-03-16 03:37:00.016910+00:00,ACC_00915,126.22,jewelry,0,1,0
TXN_1A3263CE39BC4709,2026-03-16 04:44:22.016910+00:00,ACC_00915,50.18,grocery,0,0,0
TXN_8B0CCDABC7A840B0,2026-03-16 05:19:01.016910+00:00,ACC_00915,76.61,fuel,0,1,0
TXN_EDE622BD643342F1,2026-03-16 05:32:16.016910+00:00,ACC_00915,36.46,jewelry,0,2,0
TXN_A6590B937C3747F4,2026-03-16 05:36:04.016910+00:00,ACC_00860,108.72,electronics,0,0,0
TXN_8991CD328688414F,2026-03-16 06:07:56.016910+00:00,ACC_00892,24.93,restaurant,0,0,0
TXN_18E6B1A446C44FD3,2026-03-16 06:20:22.016910+00:00,ACC_00762,47.7,grocery,0,0,0
TXN_FF89D9ED2ECF4ABB,2026-03-16 06:28:52.016910+00:00,ACC_00682,9.57,restaurant,0,0,0
TXN_0A10B1B2B58843A3,2026-03-16 06:35:46.016910+00:00,ACC_00732,13.63,fuel,0,0,0
TXN_048852E6F6B14D49,2026-03-16 06:55:15.016910+00:00,ACC_00399,89.74,restaurant,0,0,0
TXN_F462669980DC407C,2026-03-16 07:31:17.016910+00:00,ACC_00014,4.6,clothing,0,0,0
TXN_4C8C5A288F634E9F,2026-03-16 07:32:06.016910+00:00,ACC_00612,17.45,fuel,0,0,0
TXN_7FF5C37FB70A4821,2026-03-16 07:48:49.016910+00:00,ACC_00440,74.63,electronics,0,0,0
TXN_CF769BCC3FE74652,2026-03-16 07:55:24.016910+00:00,ACC_00118,40.9,other,0,0,0
TXN_A6AF54CE394E4C4B,2026-03-16 08:19:51.016910+00:00,ACC_00724,14.47,restaurant,0,0,0
TXN_9E2A32BA0756481E,2026-03-16 08:30:53.016910+00:00,ACC_00876,52.01,pharmacy,0,0,0
TXN_C5BFDCFBDE444DF3,2026-03-16 08:34:54.016910+00:00,ACC_00281,159.28,electronics,0,0,0
TXN_DABE59CE829A457C,2026-03-16 08:43:07.016910+00:00,ACC_00053,191.25,jewelry,0,0,0
TXN_6EBDFBFEEEF04D9D,2026-03-16 08:45:42.016910+00:00,ACC_00345,21.32,grocery,0,0,0
TXN_FDA922407A134460,2026-03-16 09:29:56.016910+00:00,ACC_00276,88.79,hotel,0,0,0
TXN_F0C747FAFCA54BB8,2026-03-16 10:53:11.016910+00:00,ACC_00187,35.27,pharmacy,0,0,0
TXN_8FC3DFDA55DA4FFF,2026-03-16 11:10:46.016910+00:00,ACC_00187,21.54,gaming,0,1,0
TXN_8B63ADC15AA04A59,2026-03-16 11:28:00.016910+00:00,ACC_00187,186.47,hotel,0,2,0
TXN_F0E42A4C84E94F1E,2026-03-16 12:58:04.016910+00:00,ACC_00187,84.31,pharmacy,0,0,0
TXN_1CCEE311CB7147F7,2026-03-16 13:24:51.016910+00:00,ACC_00760,215.25,other,0,0,0
TXN_192F47E1746C4AAD,2026-03-16 14:59:40.016910+00:00,ACC_00666,160.69,gaming,0,0,0
TXN_DEFC7B05886D4D19,2026-03-16 15:59:03.016910+00:00,ACC_00761,28.46,grocery,0,0,0
TXN_63AB1B56F15B49E6,2026-03-16 16:48:49.016910+00:00,ACC_00196,49.28,online_services,0,0,0
TXN_0A9816A285594540,2026-03-16 17:00:02.016910+00:00,ACC_00352,37.58,online_services,0,0,0
TXN_049A067EB2954DAE,2026-03-16 17:15:18.016910+00:00,ACC_00045,32.77,fuel,0,0,0
TXN_D9CE0C52CB874D6F,2026-03-16 17:59:01.016910+00:00,ACC_00874,176.44,jewelry,0,0,0
TXN_966760180E1746C5,2026-03-16 18:51:20.016910+00:00,ACC_00735,27.66,restaurant,0,0,0
TXN_76D6270C23914E04,2026-03-16 19:15:49.016910+00:00,ACC_00735,116.48,grocery,0,1,0
TXN_15309587A3434B28,2026-03-16 20:04:32.016910+00:00,ACC_00735,184.52,travel,0,1,0
TXN_C4359342FEEA44C1,2026-03-16 20:33:56.016910+00:00,ACC_00735,18.43,other,0,1,0
TXN_80753F9C3E5C4D5B,2026-03-16 20:49:56.016910+00:00,ACC_00735,537.49,jewelry,0,2,0
TXN_87E0402B5BF24265,2026-03-16 20:54:13.016910+00:00,ACC_00735,268.99,jewelry,0,3,0
TXN_7DF7BEAA48BA4473,2026-03-16 21:14:08.016910+00:00,ACC_00735,219.17,travel,1,3,0
TXN_2D28494F047949C8,2026-03-16 21:19:13.016910+00:00,ACC_00714,57.92,online_services,0,0,0
TXN_6F592E4F66504C96,2026-03-16 21:30:00.016910+00:00,ACC_00714,68.1,clothing,0,1,0
TXN_F3A75634C4584E46,2026-03-16 22:27:01.016910+00:00,ACC_00714,71.22,clothing,0,1,0
TXN_54AFCE6FCC50498E,2026-03-16 22:35:55.016910+00:00,ACC_00714,21.4,electronics,0,1,0
TXN_60E2E9123B824D97,2026-03-16 22:58:29.016910+00:00,ACC_00714,60.6,grocery,0,2,0
TXN_430B93CB7C7846E9,2026-03-16 23:13:40.016910+00:00,ACC_00714,111.85,jewelry,0,3,0
TXN_F918D74245E34FD2,2026-03-17 00:11:05.016910+00:00,ACC_00714,69.45,hotel,0,1,0
TXN_42CA1D641BF04129,2026-03-17 00:12:20.016910+00:00,ACC_00714,137.25,travel,0,2,0
TXN_9C44BF3EC6464A75,2026-03-17 00:16:42.016910+00:00,ACC_00333,153.32,pharmacy,0,0,0
TXN_884F16F21D674E08,2026-03-17 01:46:27.016910+00:00,ACC_00989,53.06,travel,0,0,0
TXN_613F4CFBCDAB4C39,2026-03-17 01:47:24.016910+00:00,ACC_00797,42.54,gaming,0,0,0
TXN_54AC6E7A7FE74A68,2026-03-17 01:51:46.016910+00:00,ACC_00670,25.88,pharmacy,0,0,0
TXN_BB582B08436745D8,2026-03-17 02:22:56.016910+00:00,ACC_00226,119.12,clothing,0,0,0
TXN_E9E7E10804614820,2026-03-17 03:17:36.016910+00:00,ACC_00160,42.04,other,0,0,0
TXN_D153DF71940D4952,2026-03-17 03:51:46.016910+00:00,ACC_00096,54.39,online_services,0,0,0
TXN_B13279B873CF4FFA,2026-03-17 05:07:24.016910+00:00,ACC_00503,42.55,electronics,1,0,0
TXN_A7E5149E82574EED,2026-03-17 05:36:51.016910+00:00,ACC_00838,125.67,gaming,0,0,0
TXN_7798577536D4466A,2026-03-17 05:54:41.016910+00:00,ACC_00466,10.02,fuel,0,0,0
TXN_A8E52CF7781D4DEB,2026-03-17 06:00:27.016910+00:00,ACC_00828,59.79,fuel,0,0,0
TXN_991E6C2A2877454C,2026-03-17 06:05:43.016910+00:00,ACC_00828,41.04,pharmacy,0,1,0
TXN_FD7BF7F874124280,2026-03-17 06:11:06.016910+00:00,ACC_00828,196.23,travel,0,2,0
TXN_02497D81ECCA4102,2026-03-17 06:18:35.016910+00:00,ACC_00828,10.14,grocery,0,3,0
TXN_121E8A31E9D849BC,2026-03-17 06:27:39.016910+00:00,ACC_00347,20.63,restaurant,0,0,0
TXN_65C87593660E49C9,2026-03-17 06:52:24.016910+00:00,ACC_00455,314.4,travel,0,0,0
TXN_984CE9F3EBE846CA,2026-03-17 07:03:22.016910+00:00,ACC_00709,1209.88,jewelry,0,0,0
TXN_891D7F98E1384063,2026-03-17 07:28:32.016910+00:00,ACC_00304,1700.65,electronics,0,0,0
TXN_B16AF6E49DD44EC8,2026-03-17 08:53:03.016910+00:00,ACC_00304,227.91,hotel,0,0,0
TXN_3A92B0D2FB804819,2026-03-17 09:35:47.016910+00:00,ACC_00304,43.59,fuel,0,1,0
TXN_2D09FBE2938347E6,2026-03-17 09:48:16.016910+00:00,ACC_00304,41.59,online_services,0,2,0
TXN_EF286ACD629448DF,2026-03-17 10:13:41.016910+00:00,ACC_00304,92.75,travel,0,2,0
TXN_D144591442B74DC4,2026-03-17 10:39:01.016910+00:00,ACC_00304,27.58,restaurant,0,2,0
TXN_7D0E6685053E4923,2026-03-17 10:46:16.016910+00:00,ACC_00304,415.8,jewelry,0,3,0
TXN_2F9F64E637B7470E,2026-03-17 11:02:17.016910+00:00,ACC_00915,282.04,travel,0,0,0
TXN_9CCEECAF638D439D,2026-03-17 11:49:06.016910+00:00,ACC_00278,10.21,pharmacy,0,0,0
TXN_A365514437484178,2026-03-17 13:03:21.016910+00:00,ACC_00818,68.36,electronics,0,0,0
TXN_AA74835D0B9A4660,2026-03-17 13:13:03.016910+00:00,ACC_00818,16.3,online_services,0,1,0
TXN_75562559657A4338,2026-03-17 13:38:51.016910+00:00,ACC_00818,28.9,restaurant,0,2,0
TXN_CBBB3A6A007D4F41,2026-03-17 14:30:47.016910+00:00,ACC_00818,79.88,electronics,0,1,0
TXN_D611490FB4654C36,2026-03-17 14:40:09.016910+00:00,ACC_00395,60.77,online_services,0,0,0
TXN_1931576F002C43F7,2026-03-17 14:56:15.016910+00:00,ACC_00813,162.36,electronics,0,0,0
TXN_D6FE033C6C084C44,2026-03-17 15:05:54.016910+00:00,ACC_00429,29.7,jewelry,0,0,0
TXN_61B39BCD08604857,2026-03-17 15:14:53.016910+00:00,ACC_00394,27.73,jewelry,0,0,0
TXN_05864DBE77414367,2026-03-17 15:38:49.016910+00:00,ACC_00394,54.76,other,0,1,0
TXN_4E629D886A6144A8,2026-03-17 15:56:32.016910+00:00,ACC_00394,118.97,grocery,0,2,0
TXN_94B079A1B3B44B5E,2026-03-17 16:25:05.016910+00:00,ACC_00394,17.1,restaurant,0,2,0
TXN_8C2DE2D780244937,2026-03-17 16:46:56.016910+00:00,ACC_00394,66.62,electronics,0,2,0
TXN_0ED051FDB0CA4E45,2026-03-17 16:56:58.016910+00:00,ACC_00394,98.25,fuel,0,2,0
TXN_D4DD4668E8FE42F4,2026-03-17 17:46:22.016910+00:00,ACC_00394,236.48,electronics,0,2,0
TXN_0C0577AA953D46E6,2026-03-17 17:47:30.016910+00:00,ACC_00751,44.41,hotel,0,0,0
TXN_67E9CE9E786542D3,2026-03-17 17:52:02.016910+00:00,ACC_00751,85.44,online_services,0,1,0
TXN_CDD652B553214644,2026-03-17 18:03:48.016910+00:00,ACC_00751,53.32,hotel,0,2,0
TXN_1EC1AFA4A3E2472D,2026-03-17 18:40:02.016910+00:00,ACC_00751,23.1,fuel,0,3,0
TXN_DA5969717CC44D36,2026-03-17 20:03:36.016910+00:00,ACC_00751,22.19,other,0,0,0
TXN_40BC30663D894452,2026-03-17 20:19:07.016910+00:00,ACC_00751,16.91,other,0,1,0
TXN_F432B525111A4C26,2026-03-17 20:37:29.016910+00:00,ACC_00751,152.6,travel,0,2,0
TXN_8DC826D841014BD3,2026-03-17 20:42:56.016910+00:00,ACC_00619,59.45,jewelry,0,0,0
TXN_1765EB6EFA624820,2026-03-17 21:11:52.016910+00:00,ACC_00971,253.66,jewelry,0,0,0
TXN_6622E1AECA394DA2,2026-03-17 21:12:31.016910+00:00,ACC_00314,43.08,fuel,0,0,0
TXN_77089F5443E54EAE,2026-03-17 21:19:01.016910+00:00,ACC_00387,95.06,electronics,0,0,0
TXN_273491448CDF46A9,2026-03-17 22:15:32.016910+00:00,ACC_00402,35.65,other,0,0,0
TXN_8C01EF54CB1B4A50,2026-03-17 22:25:09.016910+00:00,ACC_00710,59.64,hotel,0,0,0
TXN_08951134C58341A9,2026-03-17 22:43:36.016910+00:00,ACC_00056,11.92,pharmacy,0,0,0
TXN_3E90BF53C18F45A3,2026-03-17 22:49:15.016910+00:00,ACC_00372,434.13,hotel,0,0,0
TXN_CFE577565F8346CE,2026-03-17 23:22:47.016910+00:00,ACC_00067,31.93,grocery,0,0,0
TXN_778C8754D35E401F,2026-03-17 23:24:46.016910+00:00,ACC_00654,39.81,clothing,0,0,0
TXN_D61781B0B51E4F03,2026-03-17 23:38:55.016910+00:00,ACC_00578,18.48,online_services,0,0,0
TXN_FEB82D4990B942F3,2026-03-17 23:42:43.016910+00:00,ACC_00009,481.39,travel,0,0,0
TXN_BA23239000D841B2,2026-03-17 23:56:24.016910+00:00,ACC_00401,63.01,electronics,0,0,0
TXN_1B2202B67A5A49C2,2026-03-18 00:16:27.016910+00:00,ACC_00760,277.33,jewelry,0,0,0
TXN_79C4E6D166A34E03,2026-03-18 00:28:59.016910+00:00,ACC_00392,58.07,grocery,0,0,0
TXN_55E9C6B250B84566,2026-03-18 00:38:16.016910+00:00,ACC_00907,61.08,other,0,0,0
TXN_5A0DFFEAE3864512,2026-03-18 00:40:41.016910+00:00,ACC_00145,29.14,electronics,0,0,0
TXN_664B040BF8AF4DBB,2026-03-18 00:46:07.016910+00:00,ACC_00624,204.6,hotel,0,0,0
TXN_579BF56D9F044453,2026-03-18 00:46:58.016910+00:00,ACC_00639,21.85,fuel,0,0,0
TXN_FB19475D0814456C,2026-03-18 01:46:28.016910+00:00,ACC_00245,93.63,gaming,0,0,0
TXN_E8173A03A660470B,2026-03-18 01:54:47.016910+00:00,ACC_00510,58.98,electronics,0,0,0
TXN_C5F72ED30D004F80,2026-03-18 02:55:27.016910+00:00,ACC_00510,25.8,restaurant,0,0,0
TXN_01E51BEC001F44B0,2026-03-18 02:56:51.016910+00:00,ACC_00510,219.96,travel,0,1,0
TXN_8BA1C53318544F7D,2026-03-18 03:05:19.016910+00:00,ACC_00510,89.48,restaurant,0,2,0
TXN_1F263DC5FEE140F6,2026-03-18 03:41:52.016910+00:00,ACC_00485,78.85,online_services,0,0,0
TXN_092D1E7D1B0A4DC0,2026-03-18 04:18:57.016910+00:00,ACC_00583,180.22,hotel,0,0,0
TXN_C29C43218E3F4EBE,2026-03-18 04:42:53.016910+00:00,ACC_00940,85.62,online_services,0,0,0
TXN_6B22EE484C7945F6,2026-03-18 04:50:13.016910+00:00,ACC_00383,103.42,jewelry,0,0,0
TXN_13BD2A4E6ADE456D,2026-03-18 05:45:13.016910+00:00,ACC_00383,85.53,grocery,0,1,0
TXN_2E9C76DFE93B4EA8,2026-03-18 06:13:33.016910+00:00,ACC_00383,38.24,clothing,0,1,0
TXN_26F57C887254457C,2026-03-18 07:01:31.016910+00:00,ACC_00383,21.88,restaurant,0,1,0
TXN_643C90D34AA64BA5,2026-03-18 07:02:27.016910+00:00,ACC_00383,29.64,restaurant,0,2,0
TXN_3389ED43848940B7,2026-03-18 07:05:27.016910+00:00,ACC_00383,78.04,hotel,0,3,0
TXN_6D58A979F2864553,2026-03-18 07:33:17.016910+00:00,ACC_00383,17.2,online_services,0,3,0
TXN_01F386CA10164598,2026-03-18 07:37:47.016910+00:00,ACC_00983,38.61,fuel,0,0,0
TXN_FC86A03F2C0A428A,2026-03-18 07:40:22.016910+00:00,ACC_00619,43.96,other,0,0,0
TXN_503F81A3A3554F85,2026-03-18 07:42:17.016910+00:00,ACC_00559,34.04,online_services,0,0,0
TXN_AAA1C59CE07046A2,2026-03-18 07:59:12.016910+00:00,ACC_00616,35.06,grocery,0,0,0
TXN_8D08D4CACB5A46F1,2026-03-18 08:14:02.016910+00:00,ACC_00485,6.75,clothing,0,0,0
TXN_70CC91D1F4D84A42,2026-03-18 08:15:11.016910+00:00,ACC_00277,85.67,electronics,0,0,0
TXN_207F12E449484571,2026-03-18 08:24:37.016910+00:00,ACC_00306,163.5,online_services,0,0,0
TXN_86BCCC4EF1DD4DC0,2026-03-18 09:31:13.016910+00:00,ACC_00266,130.93,grocery,0,0,0
TXN_7274DE1909C74BC7,2026-03-18 09:32:41.016910+00:00,ACC_00772,51.28,clothing,0,0,0
TXN_1E5C8C8E499548ED,2026-03-18 10:16:10.016910+00:00,ACC_00706,55.2,other,0,0,0
TXN_3DA6629A990F4805,2026-03-18 11:03:40.016910+00:00,ACC_00843,5.46,clothing,0,0,0
TXN_E6CE41A96F504672,2026-03-18 11:33:40.016910+00:00,ACC_00843,65.66,hotel,0,1,0
TXN_E8C541E8D50A4B98,2026-03-18 11:35:56.016910+00:00,ACC_00843,105.95,other,1,2,0
TXN_E1B09E8F18584BA5,2026-03-18 13:46:48.016910+00:00,ACC_00843,30.54,online_services,0,0,0
TXN_2E1FF922C4D54E35,2026-03-18 14:16:09.016910+00:00,ACC_00843,102.45,fuel,0,1,0
TXN_A63628CD85D04B62,2026-03-18 15:01:09.016910+00:00,ACC_00843,274.51,electronics,0,1,0
TXN_C050C0BFB18E4883,2026-03-18 15:02:09.016910+00:00,ACC_00843,22.58,grocery,0,2,0
TXN_A26616710C3647FC,2026-03-18 15:32:42.016910+00:00,ACC_00843,244.38,jewelry,0,2,0
TXN_B4F299462BA6475F,2026-03-18 16:20:00.016910+00:00,ACC_00215,133.73,pharmacy,1,0,0
TXN_6CAC56DE40B24E4F,2026-03-18 16:50:06.016910+00:00,ACC_00919,7.15,restaurant,0,0,0
TXN_62276DD824904D04,2026-03-18 17:37:55.016910+00:00,ACC_00421,155.79,jewelry,0,0,0
TXN_786D91B3F1CC4F82,2026-03-18 18:10:12.016910+00:00,ACC_00949,9.2,fuel,0,0,0
TXN_15C482E31C074C49,2026-03-18 19:09:01.016910+00:00,ACC_00447,14.57,pharmacy,0,0,0
TXN_5B557A6336A241D0,2026-03-18 19:31:37.016910+00:00,ACC_00636,152.3,restaurant,0,0,0
TXN_ACB837D79D5F4069,2026-03-18 19:47:03.016910+00:00,ACC_00666,19.47,restaurant,0,0,0
TXN_1ED8FFF75A774E11,2026-03-18 20:11:00.016910+00:00,ACC_00666,4.49,restaurant,0,1,0
TXN_52F29461E02549B4,2026-03-18 22:11:23.016910+00:00,ACC_00666,12.79,pharmacy,0,0,0
TXN_6ACF026D37594583,2026-03-18 22:40:05.016910+00:00,ACC_00666,9.62,online_services,0,1,0
TXN_A38DF3810EA045ED,2026-03-18 22:45:52.016910+00:00,ACC_00666,31.67,restaurant,0,2,0
TXN_653841764F234A5E,2026-03-18 23:05:59.016910+00:00,ACC_00666,49.06,pharmacy,0,3,0
TXN_0C35F2A07B5C423F,2026-03-19 00:01:23.016910+00:00,ACC_00666,12922.19,travel,0,1,1
TXN_6002A7E491C64FD5,2026-03-19 00:28:09.016910+00:00,ACC_00932,2971.77,clothing,1,0,0
TXN_ABD365882D5F4F15,2026-03-19 01:02:40.016910+00:00,ACC_00384,59.5,jewelry,0,0,0
TXN_39695CD111184FA9,2026-03-19 01:32:27.016910+00:00,ACC_00983,54.48,fuel,0,0,0
TXN_8DFFB418F88B4020,2026-03-19 01:36:12.016910+00:00,ACC_00660,33.67,grocery,0,0,0
TXN_979C0D3EB4834BA9,2026-03-19 01:41:13.016910+00:00,ACC_00652,143.23,other,0,0,0
TXN_DC8100421E14477C,2026-03-19 02:00:13.016910+00:00,ACC_00448,112.16,other,0,0,0
TXN_65D2E20430F6454C,2026-03-19 02:15:43.016910+00:00,ACC_00804,212.51,pharmacy,0,0,0
TXN_842482CA93784113,2026-03-19 02:20:11.016910+00:00,ACC_00331,11.4,restaurant,1,0,0
TXN_F982A80611FF4027,2026-03-19 02:21:56.016910+00:00,ACC_00633,10.06,restaurant,1,0,0
TXN_9C1C173F899449F9,2026-03-19 02:36:19.016910+00:00,ACC_00465,69.31,hotel,0,0,0
TXN_E5B6EA2FBFD14FDF,2026-03-19 03:17:01.016910+00:00,ACC_00199,44.91,clothing,0,0,0
TXN_EA9007CF4F4841CD,2026-03-19 04:11:24.016910+00:00,ACC_00267,72.47,travel,0,0,0
TXN_5D4B4EB344AB4759,2026-03-19 04:16:39.016910+00:00,ACC_00594,11.93,restaurant,0,0,0
TXN_BDE64B7F12B748CA,2026-03-19 05:21:20.016910+00:00,ACC_00290,145.93,electronics,0,0,0
TXN_2C80756C20994175,2026-03-19 05:56:20.016910+00:00,ACC_00859,17.28,restaurant,1,0,0
TXN_3939A98E7FF748C2,2026-03-19 06:33:19.016910+00:00,ACC_00641,19.55,fuel,0,0,0
TXN_C48743191EC44106,2026-03-19 06:39:19.016910+00:00,ACC_00641,29.71,electronics,0,1,0
TXN_10508C25843D4E41,2026-03-19 06:40:37.016910+00:00,ACC_00641,3.89,pharmacy,1,2,0
TXN_A630EA1FE22847B6,2026-03-19 08:41:59.016910+00:00,ACC_00641,154.92,online_services,0,0,0
TXN_2A8CECDCC0464EF3,2026-03-19 08:43:43.016910+00:00,ACC_00641,15000.0,travel,1,5,0
TXN_3A229EDDFF554A36,2026-03-19 09:00:00.016910+00:00,ACC_00641,231.35,electronics,0,2,0
TXN_2AB7C65C8DE34896,2026-03-19 09:43:57.016910+00:00,ACC_00641,63.33,grocery,0,1,0
TXN_914471E5B6754EE7,2026-03-19 09:52:17.016910+00:00,ACC_00963,79.5,travel,0,0,0
TXN_3E72686983F64A44,2026-03-19 10:17:08.016910+00:00,ACC_00565,75.34,online_services,0,0,0
TXN_C5CCA6B24FCB498A,2026-03-19 10:49:28.016910+00:00,ACC_00410,47.32,travel,0,0,0
TXN_46D79CDF0A20464A,2026-03-19 11:27:30.016910+00:00,ACC_00288,29.86,restaurant,0,0,0
TXN_3A65299F0CBA46EF,2026-03-19 11:33:58.016910+00:00,ACC_00814,25.9,other,0,0,0
TXN_DCF16DD52C2D45CF,2026-03-19 11:59:33.016910+00:00,ACC_00766,189.14,hotel,0,0,0
TXN_48CE4F75D9944A9A,2026-03-19 12:43:26.016910+00:00,ACC_00581,144.14,pharmacy,0,0,0
TXN_DCA62B3338A04DEF,2026-03-19 12:43:53.016910+00:00,ACC_00982,17.0,gaming,0,0,0
TXN_F8F80B7922C34CBD,2026-03-19 13:13:06.016910+00:00,ACC_00974,66.42,hotel,0,0,0
TXN_8885B5C263334237,2026-03-19 13:19:35.016910+00:00,ACC_00440,117.34,hotel,0,0,0
TXN_313167BF85314525,2026-03-19 14:02:25.016910+00:00,ACC_00149,4.94,restaurant,0,0,0
TXN_ABCC869CDE2B4000,2026-03-19 15:10:29.016910+00:00,ACC_00219,25.0,hotel,0,0,0
TXN_A32F9DCBF4954841,2026-03-19 15:25:35.016910+00:00,ACC_00617,209.12,clothing,0,0,0
TXN_5C34450876E5426A,2026-03-19 15:50:17.016910+00:00,ACC_00905,43.96,pharmacy,0,0,0
TXN_90F2AF02B33D428C,2026-03-19 16:02:20.016910+00:00,ACC_00775,60.55,hotel,0,0,0
TXN_B07F8B66FCA74925,2026-03-19 16:32:31.016910+00:00,ACC_00048,37.12,fuel,0,0,0
TXN_91080DB28B2F4F8B,2026-03-19 16:35:11.016910+00:00,ACC_00606,27.83,gaming,1,0,0
TXN_A6BE1D19D4B44E08,2026-03-19 17:06:27.016910+00:00,ACC_00934,120.67,electronics,0,0,0
TXN_A9508324AB8147E9,2026-03-19 17:10:50.016910+00:00,ACC_00941,71.93,hotel,0,0,0
TXN_9C316984272C4AC4,2026-03-19 17:19:06.016910+00:00,ACC_00822,123.21,travel,0,0,0
TXN_4293DCA9F3814814,2026-03-19 17:36:52.016910+00:00,ACC_00570,82.53,online_services,0,0,0
TXN_C051B4ED6258404A,2026-03-19 17:38:22.016910+00:00,ACC_00466,58.0,pharmacy,0,0,0
TXN_54D36DAF55C444EA,2026-03-19 17:39:58.016910+00:00,ACC_00633,152.56,grocery,0,0,0
TXN_E7DB5BE28E58464F,2026-03-19 17:47:38.016910+00:00,ACC_00633,78.39,other,0,1,0
TXN_83CC6B53ADE64BB1,2026-03-19 18:40:26.016910+00:00,ACC_00633,56.23,other,0,1,0
TXN_857F7197F4724AF9,2026-03-19 18:47:03.016910+00:00,ACC_00633,179.42,grocery,0,2,0
TXN_2C2E19AA110D4F72,2026-03-19 19:36:53.016910+00:00,ACC_00633,31.3,grocery,0,2,0
TXN_6976207970EF4475,2026-03-19 19:45:58.016910+00:00,ACC_00338,4.9,fuel,0,0,0
TXN_DA6894832D524B45,2026-03-19 19:58:28.016910+00:00,ACC_00472,234.28,electronics,0,0,0
TXN_43618EA9ECCD45FA,2026-03-19 20:08:14.016910+00:00,ACC_00472,48.84,fuel,0,1,0
TXN_98FE8160644C40E3,2026-03-19 20:32:10.016910+00:00,ACC_00472,48.42,clothing,0,2,0
TXN_B79CD936C28F47F7,2026-03-19 21:06:31.016910+00:00,ACC_00472,240.68,hotel,0,2,0
TXN_3519B82AE7104A02,2026-03-19 22:43:34.016910+00:00,ACC_00472,90.61,travel,0,0,0
TXN_82923BD933DF4949,2026-03-19 22:56:01.016910+00:00,ACC_00472,6.55,clothing,0,1,0
TXN_6C0D965F806C47E2,2026-03-20 00:02:40.016910+00:00,ACC_00080,85.96,grocery,0,0,0
TXN_3DDF90FCB6064B56,2026-03-20 01:02:55.016910+00:00,ACC_00080,20.54,fuel,0,0,0
TXN_7F789D66C2574315,2026-03-20 01:06:36.016910+00:00,ACC_00080,17.59,gaming,0,1,0
TXN_BA15EC2115B54940,2026-03-20 02:43:54.016910+00:00,ACC_00080,18.98,travel,0,0,0
TXN_5AD0D808D3C743A2,2026-03-20 03:05:46.016910+00:00,ACC_00080,56.28,restaurant,0,1,0
TXN_33A6A106C27346E0,2026-03-20 03:35:34.016910+00:00,ACC_00080,4.17,online_services,0,2,0
TXN_292859AA6A0947EA,2026-03-20 03:43:31.016910+00:00,ACC_00080,159.69,clothing,0,3,0
TXN_5D7CA7B9E0C54D1C,2026-03-20 04:16:10.016910+00:00,ACC_00975,23.72,pharmacy,0,0,0
TXN_BC824FA21B2846E6,2026-03-20 04:19:08.016910+00:00,ACC_00113,94.49,online_services,1,0,0
TXN_55FD58B8E52A47CE,2026-03-20 04:34:25.016910+00:00,ACC_00361,322.91,jewelry,0,0,0
TXN_8876D8B990854221,2026-03-20 04:52:50.016910+00:00,ACC_00515,629.48,hotel,0,0,0
TXN_66AB5AF069B6478C,2026-03-20 05:38:37.016910+00:00,ACC_00665,55.03,fuel,0,0,0
TXN_992222AB4FA84903,2026-03-20 06:20:01.016910+00:00,ACC_00283,136.33,online_services,0,0,0
TXN_E0E3C78790E24245,2026-03-20 06:35:27.016910+00:00,ACC_00255,29.06,clothing,0,0,0
TXN_4F5AE43CF940473B,2026-03-20 06:35:38.016910+00:00,ACC_00245,31.15,travel,0,0,0
TXN_0D5278B37A2E461D,2026-03-20 06:41:23.016910+00:00,ACC_00245,96.52,fuel,0,1,0
TXN_39333D600B0740C4,2026-03-20 07:02:50.016910+00:00,ACC_00245,12.16,other,0,2,0
TXN_8430C1FC763049ED,2026-03-20 07:12:26.016910+00:00,ACC_00245,222.61,hotel,0,3,0
TXN_C9BF48A999ED4D91,2026-03-20 08:50:25.016910+00:00,ACC_00004,19.81,other,0,0,0
TXN_176445577A32438D,2026-03-20 09:13:22.016910+00:00,ACC_00004,71.09,other,0,1,0
TXN_F1E4EC60853B407B,2026-03-20 09:25:56.016910+00:00,ACC_00004,643.55,electronics,0,2,0
TXN_2370F916FBB145EE,2026-03-20 10:44:32.016910+00:00,ACC_00004,61.65,pharmacy,0,0,0
TXN_17D5ACCADE834888,2026-03-20 10:46:14.016910+00:00,ACC_00004,112.23,travel,0,1,0
TXN_6DF918E2F9C54FF5,2026-03-20 11:20:10.016910+00:00,ACC_00004,57.8,grocery,0,2,0
TXN_95369F2063DF4897,2026-03-20 11:31:38.016910+00:00,ACC_00004,26.68,online_services,0,3,0
TXN_74545807240140CF,2026-03-20 11:48:08.016910+00:00,ACC_00004,345.51,grocery,0,2,0
TXN_6F4E146B4E5B4594,2026-03-20 11:58:19.016910+00:00,ACC_00538,54.86,electronics,0,0,0
TXN_4CFE973A6EEB42A0,2026-03-20 12:04:14.016910+00:00,ACC_00344,49.58,other,0,0,0
TXN_EF73E15622F74B89,2026-03-20 12:24:19.016910+00:00,ACC_00260,65.68,grocery,0,0,0
TXN_4901187265CC40E6,2026-03-20 13:11:48.016910+00:00,ACC_00531,61.51,gaming,0,0,0
TXN_80A5F4ABBE334C35,2026-03-20 13:17:52.016910+00:00,ACC_00656,77.08,clothing,0,0,0
TXN_6A5E04A178CD4403,2026-03-20 13:19:21.016910+00:00,ACC_00656,30.58,clothing,0,1,0
TXN_24A0D0BEAA054AEB,2026-03-20 13:49:18.016910+00:00,ACC_00656,38.89,clothing,0,2,0
TXN_2A53F2D8BA3F4B5B,2026-03-20 13:52:50.016910+00:00,ACC_00656,78.81,pharmacy,0,3,0
TXN_6EBEC467222645C2,2026-03-20 14:25:07.016910+00:00,ACC_00656,498.96,jewelry,0,2,0
TXN_1A858B9B83F4430F,2026-03-20 14:30:30.016910+00:00,ACC_00656,314.73,jewelry,0,3,0
TXN_C712EA1B1E8849C4,2026-03-20 14:36:40.016910+00:00,ACC_00656,388.65,hotel,0,4,0
TXN_93FE791B69F94928,2026-03-20 15:09:04.016910+00:00,ACC_00317,109.49,gaming,0,0,0
TXN_763DDC66E0C94207,2026-03-20 15:13:32.016910+00:00,ACC_00444,96.72,gaming,0,0,0
TXN_F6DBBC037BFB4D92,2026-03-20 16:11:51.016910+00:00,ACC_00993,9.58,online_services,0,0,0
TXN_46A658E10FD54963,2026-03-20 16:26:27.016910+00:00,ACC_00993,311.04,jewelry,0,1,0
TXN_55357BE7E8BE42E4,2026-03-20 16:42:33.016910+00:00,ACC_00993,162.72,travel,0,2,0
TXN_2A2BDB0B5C44409F,2026-03-20 16:56:45.016910+00:00,ACC_00993,178.42,gaming,0,3,0
TXN_4E668B15162F4229,2026-03-20 17:17:36.016910+00:00,ACC_00993,14355.79,travel,0,2,0
TXN_C22AC16B8F4D4DB0,2026-03-20 17:32:14.016910+00:00,ACC_00982,94.07,electronics,0,0,0
TXN_F8FC4A97F1E340F7,2026-03-20 18:13:07.016910+00:00,ACC_00751,48.12,gaming,0,0,0
TXN_D6DE7C6039A549DE,2026-03-20 18:15:05.016910+00:00,ACC_00956,11.75,pharmacy,0,0,0
TXN_BCE527F9F76B45AE,2026-03-20 19:18:12.016910+00:00,ACC_00101,57.6,travel,0,0,0
TXN_F6ACDC83BC9B41E3,2026-03-20 19:27:37.016910+00:00,ACC_00897,179.06,gaming,0,0,0
TXN_99AA6D9BA4F443E3,2026-03-20 19:41:33.016910+00:00,ACC_00427,213.31,travel,0,0,0
TXN_6AD46943FC9F4081,2026-03-20 20:07:29.016910+00:00,ACC_00473,225.85,fuel,0,0,0
TXN_E31E87476D9E4162,2026-03-20 20:46:29.016910+00:00,ACC_00540,92.49,hotel,0,0,0
TXN_F994AB925F64493E,2026-03-20 21:53:33.016910+00:00,ACC_00363,10.09,fuel,0,0,0
TXN_BE2B9C31952B43FD,2026-03-20 22:45:49.016910+00:00,ACC_00028,28.3,fuel,0,0,0
TXN_2D63BE47AEF044C0,2026-03-20 22:52:02.016910+00:00,ACC_00806,137.9,jewelry,0,0,0
TXN_25C581A40A4C436E,2026-03-20 22:52:27.016910+00:00,ACC_00899,74.48,fuel,0,0,0
TXN_206C05A9E8814BEC,2026-03-20 23:48:18.016910+00:00,ACC_00782,81.72,online_services,0,0,0
TXN_524A177912504A26,2026-03-21 01:09:37.016910+00:00,ACC_00666,44.78,restaurant,0,0,0
TXN_BE35114A0DCF4F18,2026-03-21 02:30:16.016910+00:00,ACC_00666,320.19,grocery,0,0,0
TXN_FC04D15FCF98475A,2026-03-21 02:37:02.016910+00:00,ACC_00666,182.22,other,0,1,0
TXN_03BB7E521CC64617,2026-03-21 02:45:22.016910+00:00,ACC_00666,24.48,other,0,2,0
TXN_988A68B9FC1F4D8D,2026-03-21 03:57:05.016910+00:00,ACC_00666,84.96,pharmacy,0,0,0
TXN_165578E9EFCD4F37,2026-03-21 04:33:21.016910+00:00,ACC_00666,39.54,grocery,0,1,0
TXN_A53498DF8D9B4B5B,2026-03-21 04:42:05.016910+00:00,ACC_00666,583.47,restaurant,0,2,0
TXN_AD09472C66C74365,2026-03-21 04:46:07.016910+00:00,ACC_00666,187.37,clothing,1,3,0
TXN_B2EFA1011F6741D8,2026-03-21 05:00:07.016910+00:00,ACC_00057,57.84,travel,0,0,0
TXN_1E09E4A43FDC4F4E,2026-03-21 05:24:43.016910+00:00,ACC_00862,329.88,travel,0,0,0
TXN_2E31B0C1058F4625,2026-03-21 06:21:41.016910+00:00,ACC_00632,223.34,electronics,0,0,0
TXN_01ACD98A3A824A78,2026-03-21 06:29:17.016910+00:00,ACC_00674,91.02,jewelry,0,0,0
TXN_65B096DF2CA94E24,2026-03-21 06:57:35.016910+00:00,ACC_00297,5.82,restaurant,0,0,0
TXN_FCBF6D817B7F48C0,2026-03-21 07:08:56.016910+00:00,ACC_00401,25.4,restaurant,0,0,0
TXN_7DFE228020D042D6,2026-03-21 08:21:26.016910+00:00,ACC_00291,2.65,gaming,0,0,0
TXN_1D0B235AB8274B38,2026-03-21 08:49:58.016910+00:00,ACC_00667,127.61,gaming,0,0,0
TXN_4F872CB5E366498C,2026-03-21 10:10:21.016910+00:00,ACC_00143,77.47,other,1,0,0
TXN_F8CD8511F92C4DB7,2026-03-21 10:22:06.016910+00:00,ACC_00877,194.17,clothing,0,0,0
TXN_AA159A1421944876,2026-03-21 10:34:41.016910+00:00,ACC_00065,144.9,electronics,0,0,0
TXN_56795C81653449FE,2026-03-21 11:48:55.016910+00:00,ACC_00733,464.56,electronics,0,0,0
TXN_FBF44675228A4133,2026-03-21 12:29:38.016910+00:00,ACC_00404,21.91,fuel,0,0,0
TXN_E50E6C5AFE294C29,2026-03-21 12:45:48.016910+00:00,ACC_00404,89.28,other,0,1,0
TXN_0C331B20AA5343FA,2026-03-21 13:40:18.016910+00:00,ACC_00404,75.57,electronics,0,1,0
TXN_F5FBEEC3C7BF432A,2026-03-21 14:07:16.016910+00:00,ACC_00404,39.48,gaming,0,1,0
TXN_A0425859E122485E,2026-03-21 14:18:06.016910+00:00,ACC_00404,59.95,other,0,2,0
TXN_D62CD73D991E4731,2026-03-21 14:33:04.016910+00:00,ACC_00404,46.34,pharmacy,0,3,0
TXN_63F2CE1D7CF34202,2026-03-21 14:38:19.016910+00:00,ACC_00404,27.63,other,0,4,0
TXN_F3A6C44D26B44049,2026-03-21 14:48:52.016910+00:00,ACC_00746,59.58,fuel,0,0,0
TXN_BCA265580DF64C7B,2026-03-21 15:21:02.016910+00:00,ACC_00039,28.57,restaurant,0,0,0
TXN_72A9DA70CFC149D0,2026-03-21 15:49:58.016910+00:00,ACC_00031,30.21,hotel,0,0,0
TXN_3C2BF71D44CC44EE,2026-03-21 16:57:49.016910+00:00,ACC_00653,9.23,clothing,0,0,0
TXN_F96FEFC01A61408D,2026-03-21 17:02:17.016910+00:00,ACC_00231,320.3,electronics,0,0,0
TXN_7452867EBD404744,2026-03-21 17:08:43.016910+00:00,ACC_00089,3.85,pharmacy,0,0,0
TXN_63BFFB1E6B5F4988,2026-03-21 17:09:18.016910+00:00,ACC_00144,94.24,hotel,0,0,0
TXN_6FB3E56941244083,2026-03-21 17:58:58.016910+00:00,ACC_00349,13.78,other,0,0,0
TXN_391AAEC7B7FB4EB8,2026-03-21 18:10:31.016910+00:00,ACC_00195,222.46,gaming,0,0,0
TXN_DCB71BBC31144569,2026-03-21 19:10:29.016910+00:00,ACC_00922,187.85,electronics,0,0,0
TXN_09C2DD7B77AC4106,2026-03-21 19:19:24.016910+00:00,ACC_00895,150.49,electronics,0,0,0
TXN_8CCA84FD4BD54BC5,2026-03-21 19:34:47.016910+00:00,ACC_00895,22.94,clothing,0,1,0
TXN_6432AA96751C471A,2026-03-21 20:06:22.016910+00:00,ACC_00895,37.31,travel,0,2,0
TXN_FAAE57C7585F412B,2026-03-21 20:13:32.016910+00:00,ACC_00895,32.59,restaurant,0,3,0
TXN_49A416E272DF40B8,2026-03-21 20:16:16.016910+00:00,ACC_00548,215.31,jewelry,0,0,0
TXN_34B37AA4A2634BCF,2026-03-21 20:52:37.016910+00:00,ACC_00059,9.94,restaurant,0,0,0
TXN_1E7A041238AD44C9,2026-03-21 20:57:33.016910+00:00,ACC_00669,13.49,fuel,0,0,0
TXN_C475DC6D13D745E9,2026-03-21 21:31:22.016910+00:00,ACC_00669,36.89,electronics,0,1,0
TXN_5E4ACFF72F3043A0,2026-03-21 22:32:27.016910+00:00,ACC_00669,10.74,pharmacy,0,0,0
TXN_F08AEA31166A419C,2026-03-21 23:12:27.016910+00:00,ACC_00669,24.31,gaming,0,1,0
TXN_7F4ABEA9324F4DE9,2026-03-21 23:22:10.016910+00:00,ACC_00669,52.69,grocery,0,2,0
TXN_8EF6F76ECFE74720,2026-03-21 23:56:16.016910+00:00,ACC_00669,88.33,other,0,2,0
TXN_BC23862F7E3B4C41,2026-03-22 00:00:31.016910+00:00,ACC_00970,52.79,other,0,0,0
TXN_8517315F5EC54879,2026-03-22 00:11:21.016910+00:00,ACC_00666,49.89,online_services,0,0,0
TXN_840EDAC2B7C24C10,2026-03-22 00:13:20.016910+00:00,ACC_00022,64.8,grocery,0,0,0
TXN_57C923EAE82B461C,2026-03-22 01:29:39.016910+00:00,ACC_00881,4.95,pharmacy,0,0,0
TXN_D6BB329C32054E99,2026-03-22 01:38:38.016910+00:00,ACC_00785,134.32,electronics,0,0,0
TXN_4ED3EE87B898493F,2026-03-22 01:51:41.016910+00:00,ACC_00449,382.57,hotel,0,0,0
TXN_24FE7880C0B44D82,2026-03-22 02:24:12.016910+00:00,ACC_00449,7.88,clothing,0,1,0
TXN_9AEE7D2F2EBD44D3,2026-03-22 03:19:33.016910+00:00,ACC_00449,4.04,other,0,1,0
TXN_47419550C28F4874,2026-03-22 04:44:34.016910+00:00,ACC_00449,32.19,grocery,1,0,0
TXN_5A914F47996B44E6,2026-03-22 04:47:31.016910+00:00,ACC_00449,107.3,grocery,0,1,0
TXN_0D9907D144DA4E8F,2026-03-22 06:25:33.016910+00:00,ACC_00449,32.75,grocery,0,0,0
TXN_3BFFD2D95EDC42CD,2026-03-22 06:31:24.016910+00:00,ACC_00449,247.16,travel,0,1,0
TXN_3ED5E65EDE0B4E37,2026-03-22 06:48:45.016910+00:00,ACC_00449,44.28,pharmacy,0,2,0
TXN_9899A1E840874826,2026-03-22 07:04:06.016910+00:00,ACC_00507,36.38,hotel,0,0,0
TXN_2BBD94C21B404DDD,2026-03-22 07:44:28.016910+00:00,ACC_00310,88.43,jewelry,0,0,0
TXN_D9D2238550894480,2026-03-22 08:03:52.016910+00:00,ACC_00274,44.29,jewelry,0,0,0
TXN_435E7F28816845F7,2026-03-22 08:30:37.016910+00:00,ACC_00723,185.81,online_services,0,0,0
TXN_3512FDC23A0E401B,2026-03-22 08:40:34.016910+00:00,ACC_01000,305.38,travel,0,0,0
TXN_EB940F312224410E,2026-03-22 08:47:03.016910+00:00,ACC_00836,34.85,grocery,0,0,0
TXN_CB57FFAB5DAC4465,2026-03-22 08:57:06.016910+00:00,ACC_00465,30.75,grocery,1,0,0
TXN_74E7FD677BDA4CFA,2026-03-22 09:01:36.016910+00:00,ACC_00308,12.82,restaurant,0,0,0
TXN_659E6F54AF7F4CCB,2026-03-22 09:04:21.016910+00:00,ACC_00020,56.06,fuel,0,0,0
TXN_4C4FDC6DA7674AA0,2026-03-22 09:38:40.016910+00:00,ACC_00676,19.35,grocery,1,0,0
TXN_F22C78EEE0A7463A,2026-03-22 09:43:45.016910+00:00,ACC_00932,77.73,hotel,0,0,0
TXN_EFDDCDC6241645A3,2026-03-22 10:05:15.016910+00:00,ACC_00606,21.19,grocery,0,0,0
TXN_3F39E41239804452,2026-03-22 10:15:27.016910+00:00,ACC_00438,114.47,other,0,0,0
TXN_D48ACDBBE1CB4EC6,2026-03-22 12:44:41.016910+00:00,ACC_00976,28.73,pharmacy,0,0,0
TXN_35A4528B0DFB4FB5,2026-03-22 13:04:38.016910+00:00,ACC_00435,50.26,gaming,0,0,0
TXN_50C7F35A275F4A73,2026-03-22 13:13:16.016910+00:00,ACC_00479,16.65,clothing,1,0,0
TXN_D20912B3C2E04EC6,2026-03-22 13:20:17.016910+00:00,ACC_00088,120.37,jewelry,0,0,0
TXN_BB7AC3980DDA4BC3,2026-03-22 13:27:08.016910+00:00,ACC_00281,38.49,pharmacy,0,0,0
TXN_8C225C5148E34474,2026-03-22 13:29:11.016910+00:00,ACC_00013,9.74,gaming,0,0,0
TXN_D439FFC7008E491D,2026-03-22 13:40:38.016910+00:00,ACC_00455,35.7,online_services,0,0,0
TXN_058A8E57ED754996,2026-03-22 13:41:34.016910+00:00,ACC_00654,48.9,clothing,0,0,0
TXN_591CBCC597724628,2026-03-22 14:21:37.016910+00:00,ACC_00919,33.16,hotel,0,0,0
TXN_00098C60B759491D,2026-03-22 14:27:26.016910+00:00,ACC_00806,116.92,online_services,0,0,0
TXN_1010BBC8FEBF46E5,2026-03-22 15:04:18.016910+00:00,ACC_00633,68.75,clothing,0,0,0
TXN_4BC9E36E7B5A4B38,2026-03-22 15:41:45.016910+00:00,ACC_00882,95.12,hotel,0,0,0
TXN_5559CC51893B4495,2026-03-22 15:52:39.016910+00:00,ACC_00732,70.51,travel,0,0,0
TXN_22CA990230C74EFD,2026-03-22 15:58:18.016910+00:00,ACC_00554,9.43,gaming,0,0,0
TXN_7FE846431B4840F9,2026-03-22 16:12:12.016910+00:00,ACC_00116,121.22,clothing,0,0,0
TXN_87D9DFCFAD764298,2026-03-22 16:15:02.016910+00:00,ACC_00698,21.41,pharmacy,0,0,0
TXN_D7A86006B4484E53,2026-03-22 16:31:16.016910+00:00,ACC_00622,28.82,hotel,0,0,0
TXN_20F149B657B645FD,2026-03-22 16:47:52.016910+00:00,ACC_00966,22.0,gaming,0,0,0
TXN_6C53C88CEE03496E,2026-03-22 16:59:39.016910+00:00,ACC_00154,59.18,grocery,0,0,0
TXN_CE935230000F4F5F,2026-03-22 17:50:57.016910+00:00,ACC_00733,275.97,jewelry,0,0,0
TXN_A27827619AA04EFA,2026-03-22 17:59:09.016910+00:00,ACC_00388,13.96,grocery,0,0,0
TXN_1C222385A84A449B,2026-03-22 18:17:55.016910+00:00,ACC_00665,145.19,clothing,0,0,0
TXN_5973E4F886534CEC,2026-03-22 18:25:45.016910+00:00,ACC_00665,14.25,other,0,1,0
TXN_536348F9B30D486F,2026-03-22 18:43:42.016910+00:00,ACC_00665,799.38,jewelry,0,2,0
TXN_ACCFA8C0F1ED4075,2026-03-22 18:44:21.016910+00:00,ACC_00665,264.84,jewelry,0,3,0
TXN_103763A8298A41DD,2026-03-22 18:46:33.016910+00:00,ACC_00301,76.39,hotel,0,0,0
TXN_B8984A8D20FC4576,2026-03-22 18:58:01.016910+00:00,ACC_00467,21.64,restaurant,0,0,0
TXN_6F99938E1A6B4BAF,2026-03-22 19:09:37.016910+00:00,ACC_00420,118.53,hotel,0,0,0
TXN_6245A7F7509141E6,2026-03-22 19:36:58.016910+00:00,ACC_00496,72.95,online_services,0,0,0
TXN_A7EDAB02797148E0,2026-03-22 19:41:27.016910+00:00,ACC_00129,9.15,clothing,0,0,0
TXN_462C439EAE0F4560,2026-03-22 20:31:33.016910+00:00,ACC_00142,66.78,travel,0,0,0
TXN_C9FB0F4515A34892,2026-03-22 20:51:16.016910+00:00,ACC_00518,45.99,gaming,0,0,0
TXN_3B004A79EDD24567,2026-03-22 23:05:52.016910+00:00,ACC_00185,117.61,grocery,0,0,0
TXN_E82B112F48B94056,2026-03-22 23:29:03.016910+00:00,ACC_00729,161.22,other,0,0,0
TXN_2389FFE6C7284E5C,2026-03-22 23:35:36.016910+00:00,ACC_00025,124.6,restaurant,0,0,0
TXN_85245F153A3B4AD0,2026-03-22 23:36:03.016910+00:00,ACC_00926,306.26,electronics,0,0,0
TXN_E2D6450B10644091,2026-03-22 23:37:13.016910+00:00,ACC_00122,49.96,hotel,0,0,0
TXN_F76A98ECC07449B6,2026-03-23 00:05:36.016910+00:00,ACC_00047,43.29,online_services,0,0,0
TXN_4D271B9667374702,2026-03-23 00:20:20.016910+00:00,ACC_00047,107.87,fuel,0,1,0
TXN_9A7511C3A3D64F13,2026-03-23 00:27:51.016910+00:00,ACC_00047,277.44,electronics,0,2,0
TXN_65880AC06C3547B4,2026-03-23 01:25:40.016910+00:00,ACC_00047,181.28,jewelry,0,1,0
TXN_F78139D505B54306,2026-03-23 02:10:27.016910+00:00,ACC_00047,177.39,hotel,0,1,0
TXN_35DA939B241C47AE,2026-03-23 02:40:00.016910+00:00,ACC_00047,71.0,electronics,0,1,0
TXN_BFC85E3ABC96416F,2026-03-23 02:58:59.016910+00:00,ACC_00100,10.66,online_services,0,0,0
TXN_93BAC0FA3E2C455E,2026-03-23 03:04:51.016910+00:00,ACC_00594,34.38,fuel,0,0,0
TXN_FC72B83B3CD24E57,2026-03-23 03:46:07.016910+00:00,ACC_00977,46.41,other,0,0,0
TXN_DBEF9FF7EA914F3A,2026-03-23 04:59:53.016910+00:00,ACC_00285,27.19,gaming,0,0,0
TXN_E0548C952F1C4B63,2026-03-23 06:17:56.016910+00:00,ACC_00295,73.23,online_services,0,0,0
TXN_219CEADB2A904C8D,2026-03-23 06:40:10.016910+00:00,ACC_00266,21.97,restaurant,0,0,0
TXN_BA40C7C3AF4141C8,2026-03-23 06:46:52.016910+00:00,ACC_00212,318.2,jewelry,1,0,0
TXN_0C887819F61346C5,2026-03-23 08:00:55.016910+00:00,ACC_00553,3149.24,clothing,1,0,0
TXN_71301AEF58324686,2026-03-23 08:19:19.016910+00:00,ACC_00971,531.09,other,0,0,0
TXN_2663009097464FAB,2026-03-23 08:29:50.016910+00:00,ACC_00941,39.91,online_services,0,0,0
TXN_11E73CB86E0B4B1B,2026-03-23 08:47:49.016910+00:00,ACC_00941,341.14,electronics,0,1,0
TXN_9B5543C18C1B4A9B,2026-03-23 09:46:31.016910+00:00,ACC_00941,136.08,hotel,0,1,0
TXN_5133D046B5004B54,2026-03-23 10:13:47.016910+00:00,ACC_00941,35.95,restaurant,0,1,0
TXN_95CDF702082049B6,2026-03-23 10:34:47.016910+00:00,ACC_00646,30.32,pharmacy,0,0,0
TXN_0B2CFAA71F1A4AAA,2026-03-23 10:36:49.016910+00:00,ACC_00947,62.53,other,0,0,0
TXN_83F13A67DC7540D8,2026-03-23 10:59:50.016910+00:00,ACC_00947,26.59,pharmacy,0,1,0
TXN_874B8BF7E17349BB,2026-03-23 11:09:37.016910+00:00,ACC_00947,1278.56,pharmacy,0,2,0
TXN_A5E32A742B0D4BB5,2026-03-23 11:28:11.016910+00:00,ACC_00947,16.56,pharmacy,0,3,0
TXN_71DE3B4FDCAE4246,2026-03-23 11:44:42.016910+00:00,ACC_00192,33.05,travel,0,0,0
TXN_19AC287DA8AC4734,2026-03-23 11:49:02.016910+00:00,ACC_00529,33.0,other,0,0,0
TXN_7FCF22DED3724180,2026-03-23 13:42:24.016910+00:00,ACC_00626,59.92,electronics,0,0,0
TXN_4D1FEDF2F5014EF3,2026-03-23 14:27:03.016910+00:00,ACC_00647,19.79,pharmacy,0,0,0
TXN_6AAF72AE9CC64582,2026-03-23 16:01:39.016910+00:00,ACC_00899,43.28,clothing,0,0,0
TXN_1D268E90C587491F,2026-03-23 16:03:46.016910+00:00,ACC_00646,66.18,hotel,0,0,0
TXN_98C5F3FFE59B4115,2026-03-23 17:05:25.016910+00:00,ACC_00987,118.65,travel,0,0,0
TXN_418B21499786442D,2026-03-23 17:21:31.016910+00:00,ACC_00436,66.37,hotel,0,0,0
TXN_11860D05958A4989,2026-03-23 17:36:44.016910+00:00,ACC_00436,162.42,electronics,0,1,0
TXN_C7144D2991E34288,2026-03-23 18:07:27.016910+00:00,ACC_00436,419.92,online_services,0,2,0
TXN_98726995769142A5,2026-03-23 19:05:58.016910+00:00,ACC_00436,166.85,travel,0,1,0
TXN_AA540CCD220848B4,2026-03-23 19:23:28.016910+00:00,ACC_00436,24.09,grocery,0,1,0
TXN_3AD479E4538E4246,2026-03-23 19:28:28.016910+00:00,ACC_00436,4.23,fuel,0,2,0
TXN_57FAE2DF1F8F41EE,2026-03-23 19:48:41.016910+00:00,ACC_00436,234.73,grocery,0,3,0
TXN_4111E2BFD43C4B50,2026-03-23 21:01:56.016910+00:00,ACC_00839,49.28,fuel,0,0,0
TXN_2D2DB5AE8DF14094,2026-03-23 21:12:02.016910+00:00,ACC_00839,28.24,pharmacy,0,1,0
TXN_0C9ED87A64824466,2026-03-23 21:17:29.016910+00:00,ACC_00839,12.66,electronics,1,2,0
TXN_22D3978283D64E52,2026-03-23 21:26:42.016910+00:00,ACC_00839,34.58,fuel,0,3,0
TXN_951580F9BCC2469D,2026-03-23 21:57:36.016910+00:00,ACC_00839,248.12,jewelry,0,4,0
TXN_0802BBC14E4A4FA5,2026-03-23 22:08:46.016910+00:00,ACC_00839,133.17,jewelry,0,4,0
TXN_34C5CF63AAAB4097,2026-03-23 22:19:45.016910+00:00,ACC_00839,15.42,other,0,3,0
TXN_98E943DDFB80478A,2026-03-23 22:24:02.016910+00:00,ACC_00340,58.31,jewelry,0,0,0
TXN_81D6D403E31A45DC,2026-03-23 22:31:00.016910+00:00,ACC_00021,1367.07,jewelry,0,0,0
TXN_75C71069BB574F03,2026-03-23 22:37:42.016910+00:00,ACC_00161,42.24,grocery,0,0,0
TXN_FE042AE4FB224A1C,2026-03-23 22:58:08.016910+00:00,ACC_00279,23.29,fuel,0,0,0
TXN_E082582F4CC34073,2026-03-23 23:11:31.016910+00:00,ACC_00277,28.5,restaurant,0,0,0
TXN_5518F12929084DAD,2026-03-24 00:01:46.016910+00:00,ACC_00426,42.73,gaming,0,0,0
TXN_C2AA948372F74B52,2026-03-24 00:17:56.016910+00:00,ACC_00426,9.78,fuel,0,1,0
TXN_06391362429A4875,2026-03-24 01:27:43.016910+00:00,ACC_00426,262.27,hotel,0,0,0
TXN_9704ED091BD14376,2026-03-24 01:50:08.016910+00:00,ACC_00426,36.75,online_services,0,1,0
TXN_C2F54105111C4E75,2026-03-24 01:53:50.016910+00:00,ACC_00426,48.91,online_services,0,2,0
TXN_A527C7CE367A495F,2026-03-24 02:05:21.016910+00:00,ACC_00426,156.68,fuel,0,3,0
TXN_3A1242A85BFD44FE,2026-03-24 02:23:47.016910+00:00,ACC_00426,63.27,jewelry,0,4,0
TXN_823D227E109749BC,2026-03-24 02:35:04.016910+00:00,ACC_00426,26.35,other,0,4,0
TXN_C52A0E5460CB4A2E,2026-03-24 03:37:28.016910+00:00,ACC_00111,59.28,gaming,0,0,0
TXN_68E92F056AA945A1,2026-03-24 03:49:06.016910+00:00,ACC_00379,64.23,restaurant,0,0,0
TXN_361A48DFE9E44628,2026-03-24 04:15:10.016910+00:00,ACC_01000,61.1,electronics,0,0,0
TXN_A9A09534A18F4A49,2026-03-24 04:15:55.016910+00:00,ACC_01000,16.07,restaurant,0,1,0
TXN_693D92A4AF7945D3,2026-03-24 05:03:28.016910+00:00,ACC_01000,99.95,other,0,2,0
TXN_B5C0A3BA904D47A1,2026-03-24 05:03:42.016910+00:00,ACC_01000,379.35,online_services,0,3,0
TXN_7A055393051D43E3,2026-03-24 05:28:18.016910+00:00,ACC_01000,117.61,electronics,0,2,0
TXN_A6ECFEFED7734FA7,2026-03-24 05:36:56.016910+00:00,ACC_01000,18.39,grocery,0,3,0
TXN_B45773D06F194C4B,2026-03-24 06:28:03.016910+00:00,ACC_01000,16.12,online_services,0,2,0
TXN_52925100EA6B428A,2026-03-24 06:41:58.016910+00:00,ACC_01000,95.91,hotel,0,1,0
TXN_DF3A8EE936E34393,2026-03-24 06:58:45.016910+00:00,ACC_00758,61.2,restaurant,0,0,0
TXN_BE1290AAEB97484D,2026-03-24 07:11:20.016910+00:00,ACC_00131,1586.95,electronics,0,0,0
TXN_2FE3F4F66AE54F39,2026-03-24 07:50:32.016910+00:00,ACC_00891,28.65,grocery,0,0,0
TXN_6C0C38C3D1D445E3,2026-03-24 08:02:58.016910+00:00,ACC_00538,58.89,other,0,0,0
TXN_B1E9A000B9704AD4,2026-03-24 08:16:31.016910+00:00,ACC_00121,15000.0,travel,1,6,1
TXN_8BC70A82B5C449CE,2026-03-24 09:18:24.016910+00:00,ACC_00536,58.34,gaming,0,0,0
TXN_1F5C213E3FE34B52,2026-03-24 09:21:37.016910+00:00,ACC_00484,134.37,hotel,0,0,0
TXN_EF87576CB07F4C61,2026-03-24 09:40:41.016910+00:00,ACC_00139,220.65,other,1,0,0
TXN_5D556BB43F23426E,2026-03-24 10:20:57.016910+00:00,ACC_00482,150.55,travel,0,0,0
TXN_0147D4F1F5444762,2026-03-24 10:42:41.016910+00:00,ACC_00482,17.29,online_services,0,1,0
TXN_B2462A1E52F84ABF,2026-03-24 10:50:59.016910+00:00,ACC_00482,348.18,electronics,0,2,0
TXN_F9106318624B4AF4,2026-03-24 11:02:34.016910+00:00,ACC_00482,24.24,hotel,0,3,0
TXN_5A93E38C0FE44AAE,2026-03-24 11:11:46.016910+00:00,ACC_00841,101.03,fuel,0,0,0
TXN_A70746610291484A,2026-03-24 11:17:03.016910+00:00,ACC_00413,218.35,jewelry,0,0,0
TXN_CEC13767C0AE47C9,2026-03-24 11:36:24.016910+00:00,ACC_00157,103.33,travel,0,0,0
TXN_697A2C151AC04A93,2026-03-24 11:37:35.016910+00:00,ACC_00157,161.45,jewelry,0,1,0
TXN_69D1E3258F4A4EDD,2026-03-24 12:40:28.016910+00:00,ACC_00157,38.23,gaming,0,0,0
TXN_AF28670DB9494B53,2026-03-24 12:40:41.016910+00:00,ACC_00157,28.89,gaming,0,1,0
TXN_C75EA1C3F498406F,2026-03-24 12:40:50.016910+00:00,ACC_00157,75.36,clothing,0,2,0
TXN_CE00ED17930E488E,2026-03-24 12:46:28.016910+00:00,ACC_00151,29.82,online_services,0,0,0
TXN_252C3B8C66394C5B,2026-03-24 13:11:14.016910+00:00,ACC_00054,7.09,online_services,0,0,0
TXN_57F3F770020E4268,2026-03-24 13:14:15.016910+00:00,ACC_00779,38.48,fuel,0,0,0
TXN_50482E6EBA6B405C,2026-03-24 14:39:43.016910+00:00,ACC_00779,342.52,travel,0,0,0
TXN_23FD101BDDC04EBA,2026-03-24 14:40:15.016910+00:00,ACC_00779,6.75,gaming,0,1,0
TXN_18F5D09A83514826,2026-03-24 15:57:55.016910+00:00,ACC_00779,136.57,travel,0,0,0
TXN_B6B989FFF658412D,2026-03-24 17:15:19.016910+00:00,ACC_00779,28.37,online_services,0,0,0
TXN_66531D0608BA4B4E,2026-03-24 17:54:01.016910+00:00,ACC_00779,93.38,fuel,0,1,0
TXN_E0A58CEBC6DD4DFF,2026-03-24 18:34:44.016910+00:00,ACC_00779,34.34,online_services,0,1,0
TXN_911ABA47DADB4FD8,2026-03-24 18:34:54.016910+00:00,ACC_00779,91.37,gaming,0,2,0
TXN_146B9A51094445C4,2026-03-24 18:38:22.016910+00:00,ACC_00392,101.46,other,0,0,0
TXN_C17C9311F7B745B4,2026-03-24 18:47:06.016910+00:00,ACC_00200,208.63,hotel,0,0,0
TXN_F3B14C77ACD54FFB,2026-03-24 19:23:21.016910+00:00,ACC_00200,169.28,grocery,1,1,0
TXN_6BB6261CCF2C479E,2026-03-24 19:28:43.016910+00:00,ACC_00200,31.05,fuel,0,2,0
TXN_7075FD8572134F10,2026-03-24 19:49:27.016910+00:00,ACC_00200,34.85,pharmacy,0,2,0
TXN_E20CBFC34B424096,2026-03-24 20:00:48.016910+00:00,ACC_00200,81.55,other,0,3,0
TXN_357F02FB665D4C87,2026-03-24 20:07:34.016910+00:00,ACC_00200,47.83,online_services,0,4,0
TXN_2E8115513F14419C,2026-03-24 22:07:53.016910+00:00,ACC_00559,30.11,grocery,0,0,0
TXN_5D78815A551F41A8,2026-03-24 22:17:16.016910+00:00,ACC_00723,46.75,electronics,0,0,0
TXN_07CE05CD23B94C2E,2026-03-24 22:17:21.016910+00:00,ACC_00455,38.9,grocery,0,0,0
TXN_66D36BCB7008484B,2026-03-24 22:40:32.016910+00:00,ACC_00874,10.61,gaming,0,0,0
TXN_76A471FEA3104C52,2026-03-24 22:44:23.016910+00:00,ACC_00922,7.94,other,0,0,0
TXN_55FE3F09F5564703,2026-03-24 22:49:14.016910+00:00,ACC_00376,11.41,pharmacy,0,0,0
TXN_7A4C32DC33034DA7,2026-03-24 23:03:43.016910+00:00,ACC_00067,412.38,jewelry,0,0,0
TXN_A8E872BB9A354037,2026-03-24 23:06:07.016910+00:00,ACC_00046,61.66,clothing,0,0,0
TXN_00FBD8121A294317,2026-03-24 23:17:03.016910+00:00,ACC_00863,72.91,grocery,0,0,0
TXN_47C2CACA7A3C413B,2026-03-24 23:19:48.016910+00:00,ACC_00478,28.5,other,0,0,0
TXN_414EFD1C888849F3,2026-03-24 23:43:44.016910+00:00,ACC_00941,296.5,electronics,0,0,0
TXN_26AB6F324F944F63,2026-03-24 23:51:50.016910+00:00,ACC_00941,29.18,electronics,0,1,0
TXN_9E2DE4DEB1E54542,2026-03-24 23:57:24.016910+00:00,ACC_00941,9.81,restaurant,0,2,0
TXN_9F6EB093091448A5,2026-03-25 00:23:11.016910+00:00,ACC_00941,87.3,pharmacy,0,3,0
TXN_D9589CFB7B834E08,2026-03-25 00:29:04.016910+00:00,ACC_00774,159.65,travel,0,0,0
TXN_871C05B0F41D4C7B,2026-03-25 01:00:39.016910+00:00,ACC_00144,73.35,fuel,0,0,0
TXN_0E97444F6DA445ED,2026-03-25 01:18:08.016910+00:00,ACC_00182,171.99,travel,0,0,0
TXN_6CEEB1AD57DD4327,2026-03-25 01:32:04.016910+00:00,ACC_00593,19.35,pharmacy,0,0,0
TXN_D5EFC8DEFF6C4C70,2026-03-25 02:04:34.016910+00:00,ACC_00175,12.38,fuel,0,0,0
TXN_1C8F388C9F014F4C,2026-03-25 02:17:27.016910+00:00,ACC_00175,6.78,fuel,0,1,0
TXN_E9408247A93D4197,2026-03-25 02:58:32.016910+00:00,ACC_00175,276.01,clothing,0,2,0
TXN_6A78CD38448C4CAF,2026-03-25 03:12:03.016910+00:00,ACC_00175,11.73,other,0,2,0
TXN_2301189B3E9845F6,2026-03-25 03:27:15.016910+00:00,ACC_00175,530.93,travel,0,2,0
TXN_2EEE3EE1D94E47FF,2026-03-25 03:29:28.016910+00:00,ACC_00175,242.26,jewelry,0,3,0
TXN_98DD4551A05644CF,2026-03-25 03:33:18.016910+00:00,ACC_00175,56.69,gaming,0,4,0
TXN_B38909393F5D4C17,2026-03-25 03:36:37.016910+00:00,ACC_00175,46.54,grocery,0,5,0
TXN_6EA2665985C8477E,2026-03-25 04:26:03.016910+00:00,ACC_00923,73.69,online_services,0,0,0
TXN_F365266D389E4BC9,2026-03-25 04:59:18.016910+00:00,ACC_00923,52.27,hotel,0,1,0
TXN_B2960F2728D14ABB,2026-03-25 05:42:04.016910+00:00,ACC_00923,4.97,grocery,0,1,0
TXN_527935EE9E414AA7,2026-03-25 05:53:18.016910+00:00,ACC_00923,31.65,other,0,2,0
TXN_57A5FCD985D547A4,2026-03-25 06:05:38.016910+00:00,ACC_00923,211.45,travel,0,2,0
TXN_67CA0B0AFAD24892,2026-03-25 06:46:52.016910+00:00,ACC_00923,13.86,fuel,0,2,0
TXN_EEFB15D200A842DE,2026-03-25 06:56:58.016910+00:00,ACC_00923,608.73,jewelry,0,2,0
TXN_1BDC42E2DA8E4FBC,2026-03-25 06:58:10.016910+00:00,ACC_00592,34.03,grocery,0,0,0
TXN_E44FBFC7F49D4710,2026-03-25 07:01:36.016910+00:00,ACC_00612,73.02,jewelry,0,0,0
TXN_C3BE35BCC3F7439A,2026-03-25 07:07:25.016910+00:00,ACC_00134,44.28,grocery,0,0,0
TXN_3E17AF176D12465D,2026-03-25 09:23:08.016910+00:00,ACC_00821,58.23,fuel,1,0,0
TXN_D0C8782EE3664A9D,2026-03-25 09:27:55.016910+00:00,ACC_00177,44.63,restaurant,0,0,0
TXN_795A6979CD53487E,2026-03-25 10:02:19.016910+00:00,ACC_00742,2.07,pharmacy,0,0,0
TXN_DAEE240565CA484A,2026-03-25 11:29:34.016910+00:00,ACC_00164,15000.0,travel,1,8,1
TXN_24408758C51445CB,2026-03-25 11:39:24.016910+00:00,ACC_00782,101.98,fuel,0,0,0
TXN_BD07F585093D4B9C,2026-03-25 11:55:39.016910+00:00,ACC_00792,34.15,travel,0,0,0
TXN_E011CD5AAF7A4A98,2026-03-25 12:00:28.016910+00:00,ACC_00404,291.79,hotel,0,0,0
TXN_D7313C535F0C4381,2026-03-25 12:10:59.016910+00:00,ACC_00228,321.51,electronics,0,0,0
TXN_A50764C3971F43FB,2026-03-25 12:19:31.016910+00:00,ACC_00843,12.4,fuel,0,0,0
TXN_43B4F3DA195745F4,2026-03-25 12:22:17.016910+00:00,ACC_00843,18.83,clothing,0,1,0
TXN_FB60690745734C8E,2026-03-25 12:28:19.016910+00:00,ACC_00843,77.21,fuel,0,2,0
TXN_847CCC498DE84C16,2026-03-25 12:32:37.016910+00:00,ACC_00843,26.24,fuel,0,3,0
TXN_4391F7525BBE45CE,2026-03-25 12:46:08.016910+00:00,ACC_00843,131.56,fuel,0,4,0
TXN_8DED8C338AEA4CAD,2026-03-25 12:57:21.016910+00:00,ACC_00843,126.24,restaurant,0,5,0
TXN_0676299BD7EF445C,2026-03-25 13:28:05.016910+00:00,ACC_00843,9.12,restaurant,0,4,0
TXN_27513A9752F34045,2026-03-25 13:52:48.016910+00:00,ACC_00843,51.36,electronics,0,2,0
TXN_B41BACC5E4964197,2026-03-25 13:59:40.016910+00:00,ACC_00466,42.13,fuel,0,0,0
TXN_B08EE93785004D5E,2026-03-25 14:12:58.016910+00:00,ACC_00466,4.16,pharmacy,0,1,0
TXN_0C66A6EBB1E04AFD,2026-03-25 16:21:32.016910+00:00,ACC_00466,39.68,jewelry,0,0,0
TXN_52725EF5EB0B4A1F,2026-03-25 17:52:55.016910+00:00,ACC_00466,92.76,jewelry,0,0,0
TXN_E1E3AE0893F8485E,2026-03-25 18:54:06.016910+00:00,ACC_00466,257.64,fuel,0,0,0
TXN_D5829C7DCDF04AEA,2026-03-25 18:54:52.016910+00:00,ACC_00466,4695.21,electronics,0,1,0
TXN_5F1B4C7069934F97,2026-03-25 19:55:26.016910+00:00,ACC_00466,118.2,jewelry,0,0,0
TXN_129DAFE2F16F492E,2026-03-25 19:57:46.016910+00:00,ACC_00050,14.55,grocery,0,0,0
TXN_03E85838A393487D,2026-03-25 21:11:49.016910+00:00,ACC_00911,35.09,hotel,0,0,0
TXN_3753D6B5580B4BBE,2026-03-25 21:36:15.016910+00:00,ACC_00839,63.04,electronics,0,0,0
TXN_D81BD06570FB4927,2026-03-25 22:03:37.016910+00:00,ACC_00839,74.83,travel,0,1,0
TXN_5B7609933DDC4050,2026-03-25 22:15:13.016910+00:00,ACC_00839,30.76,grocery,0,2,0
TXN_177335C2428B40A2,2026-03-25 22:19:57.016910+00:00,ACC_00839,348.79,jewelry,0,3,0
TXN_A6A78C4FFAF14CB8,2026-03-25 22:53:26.016910+00:00,ACC_00839,35.39,fuel,0,3,0
TXN_685EE39D8A374A2C,2026-03-25 22:54:03.016910+00:00,ACC_00839,93.78,gaming,0,4,0
TXN_64AAE8EB21EA4350,2026-03-25 22:59:56.016910+00:00,ACC_00751,32.88,gaming,0,0,0
TXN_8C376126533C49A2,2026-03-25 23:47:05.016910+00:00,ACC_00151,275.64,other,0,0,0
TXN_25269C2BF347422C,2026-03-25 23:53:36.016910+00:00,ACC_00743,80.0,fuel,0,0,0
TXN_50091CF274664EF8,2026-03-26 00:23:28.016910+00:00,ACC_00743,67.61,other,0,1,0
TXN_88A27BBBE22447D2,2026-03-26 01:05:17.016910+00:00,ACC_00743,61.25,fuel,0,1,0
TXN_E0C04F3161BC4924,2026-03-26 01:28:22.016910+00:00,ACC_00743,80.74,travel,0,1,0
TXN_52C9BE218F2E47A9,2026-03-26 01:39:41.016910+00:00,ACC_00743,43.29,other,0,2,0
TXN_D7617BAE56F24281,2026-03-26 03:03:32.016910+00:00,ACC_00743,29.23,fuel,0,0,0
TXN_691CEB8F16F04676,2026-03-26 03:15:22.016910+00:00,ACC_00514,21.23,gaming,0,0,0
TXN_2D7CDE43EAC04517,2026-03-26 03:16:17.016910+00:00,ACC_00006,10.57,grocery,0,0,0
TXN_C47FBF969D5C4B90,2026-03-26 03:19:38.016910+00:00,ACC_00474,55.4,pharmacy,0,0,0
TXN_C763B3C925854E9C,2026-03-26 03:25:10.016910+00:00,ACC_00333,110.07,gaming,0,0,0
TXN_389AD92F08B44EA6,2026-03-26 04:12:41.016910+00:00,ACC_00603,63.85,gaming,0,0,0
TXN_5820D20BB714431D,2026-03-26 04:29:42.016910+00:00,ACC_00013,100.84,hotel,0,0,0
TXN_518DFCC998144949,2026-03-26 05:02:26.016910+00:00,ACC_00761,1802.76,jewelry,0,0,0
TXN_34FB8579352F497D,2026-03-26 05:08:20.016910+00:00,ACC_00034,23.37,gaming,0,0,0
TXN_AAF170A296F94305,2026-03-26 05:38:50.016910+00:00,ACC_00354,139.73,hotel,0,0,0
TXN_302A150210FF4F81,2026-03-26 06:27:50.016910+00:00,ACC_00354,127.83,online_services,0,1,0
TXN_2A41700C9D254C90,2026-03-26 07:04:50.016910+00:00,ACC_00354,38.29,hotel,0,1,0
TXN_2D86E4AB8EF64EB5,2026-03-26 07:45:02.016910+00:00,ACC_00354,249.14,travel,0,1,0
TXN_DA3DDBA09CAA4560,2026-03-26 07:53:12.016910+00:00,ACC_00354,1190.29,jewelry,0,2,0
TXN_C0352331F92046BB,2026-03-26 08:09:22.016910+00:00,ACC_00354,27.23,restaurant,0,2,0
TXN_0D3ABE51B3004CB4,2026-03-26 08:13:22.016910+00:00,ACC_00354,159.97,travel,0,3,0
TXN_5D7D94BD1C1D4BEE,2026-03-26 08:33:41.016910+00:00,ACC_00354,29.37,other,0,4,0
TXN_19E6E502EFA041FE,2026-03-26 09:20:07.016910+00:00,ACC_00223,69.2,gaming,0,0,0
TXN_E5F5C0D298354249,2026-03-26 09:25:42.016910+00:00,ACC_00681,15.58,pharmacy,0,0,0
TXN_009FE6451B0545A9,2026-03-26 09:34:20.016910+00:00,ACC_00402,36.03,fuel,0,0,0
TXN_9963EF22A0174DBD,2026-03-26 09:43:15.016910+00:00,ACC_00461,27.17,electronics,1,0,0
TXN_BD6EDE5E573946C2,2026-03-26 09:46:53.016910+00:00,ACC_00672,2.32,restaurant,0,0,0
TXN_158CC3035990455B,2026-03-26 09:51:57.016910+00:00,ACC_00421,24.45,grocery,0,0,0
TXN_773AF93C2FF14F68,2026-03-26 09:54:24.016910+00:00,ACC_00083,34.42,other,1,0,0
TXN_4F211150DAE44B62,2026-03-26 11:10:53.016910+00:00,ACC_00583,22.63,pharmacy,0,0,0
TXN_7CFBC1A73EC74F90,2026-03-26 11:29:03.016910+00:00,ACC_00905,77.53,fuel,0,0,0
TXN_6A9A9C5EDA3743C4,2026-03-26 12:07:42.016910+00:00,ACC_00166,141.75,other,0,0,0
TXN_92FB49B447AF4D27,2026-03-26 12:11:54.016910+00:00,ACC_00944,145.52,electronics,0,0,0
TXN_8384E01920254226,2026-03-26 12:21:27.016910+00:00,ACC_00473,61.78,pharmacy,0,0,0
TXN_16640891E9C9443C,2026-03-26 12:28:30.016910+00:00,ACC_00997,15.98,pharmacy,0,0,0
TXN_E1F7AF3D4FFE4051,2026-03-26 14:00:43.016910+00:00,ACC_00943,19.25,clothing,0,0,0
TXN_9542DB6D9B0947B9,2026-03-26 14:01:11.016910+00:00,ACC_00034,15000.0,travel,1,7,1
TXN_30C3627405634FF0,2026-03-26 14:22:51.016910+00:00,ACC_00551,15.14,gaming,0,0,0
TXN_EB998D86BE984D9F,2026-03-26 14:41:50.016910+00:00,ACC_00493,12.03,grocery,0,0,0
TXN_126639630A904EB9,2026-03-26 15:43:41.016910+00:00,ACC_00788,830.39,other,0,0,0
TXN_B7A10D6BADFC406E,2026-03-26 16:13:58.016910+00:00,ACC_00788,28.94,restaurant,0,1,0
TXN_600ADD713C1B4F25,2026-03-26 16:20:17.016910+00:00,ACC_00788,27.55,gaming,0,2,0
TXN_8464C8B5BFF64DE7,2026-03-26 16:40:38.016910+00:00,ACC_00788,21.72,fuel,0,3,0
TXN_B851348E229B43BB,2026-03-26 18:31:26.016910+00:00,ACC_00788,11.13,online_services,0,0,0
TXN_7536CE1201BF41D8,2026-03-26 18:39:27.016910+00:00,ACC_00788,35.64,restaurant,0,1,0
TXN_27948D34DE8B48C8,2026-03-26 18:39:32.016910+00:00,ACC_00788,102.52,travel,0,2,0
TXN_E98A43AE749540BB,2026-03-26 19:36:55.016910+00:00,ACC_00462,110.0,gaming,0,0,0
TXN_8027D053B1224F10,2026-03-26 19:53:56.016910+00:00,ACC_00535,81.95,clothing,0,0,0
TXN_D0241CD021B64D95,2026-03-26 20:21:22.016910+00:00,ACC_00315,79.47,electronics,0,0,0
TXN_10AA9A341C1F4F86,2026-03-26 20:42:57.016910+00:00,ACC_00690,8.4,other,0,0,0
TXN_2BA5462203BD4872,2026-03-26 20:46:12.016910+00:00,ACC_00880,34.82,pharmacy,0,0,0
TXN_8771734AD29A49C0,2026-03-26 21:07:55.016910+00:00,ACC_00152,133.07,travel,0,0,0
TXN_97E036B8EEA842BC,2026-03-26 21:25:42.016910+00:00,ACC_00530,5.67,gaming,0,0,0
TXN_44FB7DD028AE4432,2026-03-26 21:27:24.016910+00:00,ACC_00602,161.97,hotel,0,0,0
TXN_7DE331B50E3F47E2,2026-03-26 21:48:16.016910+00:00,ACC_00664,73.53,jewelry,0,0,0
TXN_86745E29B7BA475D,2026-03-26 22:40:24.016910+00:00,ACC_00685,290.55,hotel,0,0,0
TXN_2067310C7D4248FC,2026-03-26 23:02:43.016910+00:00,ACC_00624,25.12,restaurant,0,0,0
TXN_BAECC325D7004F8C,2026-03-26 23:59:28.016910+00:00,ACC_00935,21.17,grocery,0,0,0
TXN_0142E41451A84A6F,2026-03-27 00:41:05.016910+00:00,ACC_00537,66.2,other,0,0,0
TXN_8D5AB414A5BC4A85,2026-03-27 01:04:20.016910+00:00,ACC_00102,249.36,jewelry,0,0,0
TXN_3F62055DA5844E46,2026-03-27 01:07:18.016910+00:00,ACC_00760,30.09,restaurant,0,0,0
TXN_5B2E05587BDA4C3B,2026-03-27 01:18:58.016910+00:00,ACC_00254,125.79,other,0,0,0
TXN_AAF60DA56B394D68,2026-03-27 01:49:20.016910+00:00,ACC_00234,7.9,online_services,0,0,0
TXN_0FDCDD8553A44F4B,2026-03-27 02:12:55.016910+00:00,ACC_00285,70.19,other,0,0,0
TXN_877E9200C1084BBA,2026-03-27 02:22:04.016910+00:00,ACC_00285,111.66,jewelry,0,1,0
TXN_CBDF1AD048FC48D8,2026-03-27 02:31:12.016910+00:00,ACC_00285,33.73,gaming,0,2,0
TXN_0CD0CC54F7D1408D,2026-03-27 03:09:48.016910+00:00,ACC_00285,145.69,grocery,0,3,0
TXN_25437360C53A4013,2026-03-27 04:31:54.016910+00:00,ACC_00285,12.88,restaurant,0,0,0
TXN_C157CCC2BCAE43C2,2026-03-27 04:40:16.016910+00:00,ACC_00604,63.76,online_services,0,0,0
TXN_092EF929E684466E,2026-03-27 05:23:41.016910+00:00,ACC_00115,104.57,online_services,0,0,0
TXN_A1DB62C9CE804C3B,2026-03-27 06:54:18.016910+00:00,ACC_00630,61.29,grocery,0,0,0
TXN_CABE1CBC98754B87,2026-03-27 07:06:04.016910+00:00,ACC_00647,233.5,jewelry,0,0,0
TXN_17C93F11488E4D71,2026-03-27 07:16:52.016910+00:00,ACC_00271,60.72,clothing,0,0,0
TXN_2F261EA9BF3D4E4E,2026-03-27 07:34:32.016910+00:00,ACC_00641,186.4,electronics,0,0,0
TXN_37CBE7FDAF8E4BA4,2026-03-27 07:46:02.016910+00:00,ACC_00482,51.0,electronics,0,0,0
TXN_A2F44DB2B20B435A,2026-03-27 07:46:26.016910+00:00,ACC_00948,107.11,hotel,0,0,0
TXN_622AD6AD2D844C31,2026-03-27 07:49:02.016910+00:00,ACC_00798,402.69,clothing,0,0,0
TXN_23553E9E601B4CDA,2026-03-27 08:03:49.016910+00:00,ACC_00798,65.72,online_services,0,1,0
TXN_822D15F2B1574016,2026-03-27 08:34:30.016910+00:00,ACC_00798,48.29,gaming,0,2,0
TXN_17E999087BA54F7A,2026-03-27 08:36:47.016910+00:00,ACC_00798,26.88,fuel,0,3,0
TXN_F421B2A4856B496E,2026-03-27 08:49:29.016910+00:00,ACC_00798,51.5,electronics,0,3,0
TXN_B7A5732066704256,2026-03-27 09:07:38.016910+00:00,ACC_00610,69.67,other,0,0,0
TXN_801AB128B2F042B8,2026-03-27 09:34:33.016910+00:00,ACC_00877,148.95,hotel,0,0,0
TXN_1DB79FDA373643E0,2026-03-27 10:02:37.016910+00:00,ACC_00764,125.64,travel,0,0,0
TXN_802EB14192594A34,2026-03-27 10:10:15.016910+00:00,ACC_00781,502.42,grocery,0,0,0
TXN_0634B2E35E8E4CC6,2026-03-27 10:31:49.016910+00:00,ACC_00999,69.42,travel,0,0,0
TXN_F3E25B61725B40EC,2026-03-27 10:57:58.016910+00:00,ACC_00734,44.92,hotel,0,0,0
TXN_267E0592860546EE,2026-03-27 11:25:34.016910+00:00,ACC_00572,35.02,clothing,0,0,0
TXN_370957187BB746DE,2026-03-27 11:32:08.016910+00:00,ACC_00281,103.56,electronics,0,0,0
TXN_13F9BA3254B246DA,2026-03-27 11:49:30.016910+00:00,ACC_00281,19.68,online_services,0,1,0
TXN_4C3BCC888FF04226,2026-03-27 11:51:07.016910+00:00,ACC_00281,47.64,fuel,0,2,0
TXN_2E8E5DF0C7794344,2026-03-27 12:49:33.016910+00:00,ACC_00281,188.58,travel,0,1,0
TXN_315D539A2CD14A03,2026-03-27 13:04:07.016910+00:00,ACC_00281,73.28,grocery,0,1,0
TXN_F2CC19C2105E4E24,2026-03-27 13:17:09.016910+00:00,ACC_00946,26.81,online_services,0,0,0
TXN_9428DE217DCA4810,2026-03-27 13:34:51.016910+00:00,ACC_00794,378.64,electronics,0,0,0
TXN_D869C2E9214B40B2,2026-03-27 13:48:37.016910+00:00,ACC_00576,195.43,hotel,0,0,0
TXN_7DDE72E4DB724FEC,2026-03-27 14:42:54.016910+00:00,ACC_00576,3183.21,jewelry,0,1,0
TXN_5AA872236B644B9F,2026-03-27 14:48:22.016910+00:00,ACC_00576,13.64,restaurant,0,2,0
TXN_C4F928C8E0F6412C,2026-03-27 14:48:49.016910+00:00,ACC_00576,49.02,hotel,0,2,0
TXN_C7BBB2B989CE4D0F,2026-03-27 14:54:35.016910+00:00,ACC_00576,82.75,electronics,0,3,0
TXN_C1F6000D433E4977,2026-03-27 15:37:28.016910+00:00,ACC_00204,75.61,other,0,0,0
TXN_E4D240524574488F,2026-03-27 15:39:39.016910+00:00,ACC_00144,60.8,fuel,0,0,0
TXN_C4CC48375491416D,2026-03-27 17:06:35.016910+00:00,ACC_00144,390.13,jewelry,0,0,0
TXN_C6391AEF871A4976,2026-03-27 17:42:27.016910+00:00,ACC_00144,330.06,gaming,1,1,0
TXN_12C91BEB76F840D3,2026-03-27 18:31:34.016910+00:00,ACC_00144,18.75,hotel,0,1,0
TXN_C765F9F535DD42BB,2026-03-27 19:24:28.016910+00:00,ACC_00144,6.32,pharmacy,0,1,0
TXN_C143D5EB7E214356,2026-03-27 20:36:31.016910+00:00,ACC_00144,195.96,jewelry,0,0,0
TXN_96E477BE64AC4C0C,2026-03-27 22:12:14.016910+00:00,ACC_00144,185.78,restaurant,0,0,0
TXN_9E0FE09D249A47AA,2026-03-27 22:45:58.016910+00:00,ACC_00196,65.78,pharmacy,0,0,0
TXN_37B3017EC33443AE,2026-03-27 22:52:22.016910+00:00,ACC_00902,42.58,electronics,0,0,0
TXN_2B0F5D83F2BA4C76,2026-03-27 23:49:48.016910+00:00,ACC_00348,64.82,other,0,0,0
TXN_92DD01CED070400C,2026-03-28 00:07:38.016910+00:00,ACC_00412,32.44,grocery,0,0,0
TXN_75E5EA750C2B4CAD,2026-03-28 00:12:34.016910+00:00,ACC_00331,13960.84,travel,0,0,0
TXN_E4DEB476DEBE4E4C,2026-03-28 01:05:58.016910+00:00,ACC_00842,65.89,hotel,0,0,0
TXN_9FEB6BECE9614922,2026-03-28 01:19:30.016910+00:00,ACC_00194,53.96,clothing,0,0,0
TXN_0FAE0C6C7C2E4433,2026-03-28 01:37:54.016910+00:00,ACC_00968,307.14,electronics,0,0,0
TXN_9FE0E01BB5BD4FA3,2026-03-28 01:41:49.016910+00:00,ACC_00323,21.4,pharmacy,0,0,0
TXN_81976F65A58B46BF,2026-03-28 01:58:11.016910+00:00,ACC_00278,88.44,clothing,1,0,0
TXN_71EB550F43CE4136,2026-03-28 02:00:41.016910+00:00,ACC_00971,93.23,online_services,0,0,0
TXN_FD6FDFCC12D34FA3,2026-03-28 02:38:05.016910+00:00,ACC_00051,131.34,fuel,0,0,0
TXN_A781A0E7F9694214,2026-03-28 02:39:38.016910+00:00,ACC_00128,96.6,jewelry,0,0,0
TXN_E03D208415AC4427,2026-03-28 03:02:07.016910+00:00,ACC_00128,50.03,clothing,0,1,0
TXN_974BF1E36AB64E7A,2026-03-28 03:11:09.016910+00:00,ACC_00128,29.68,other,0,2,0
TXN_8AE620BD7CD74565,2026-03-28 03:40:49.016910+00:00,ACC_00128,30.03,restaurant,0,2,0
TXN_B53B8F4E146C40C9,2026-03-28 04:02:50.016910+00:00,ACC_00128,29.84,restaurant,1,2,0
TXN_1758607F3CC044EA,2026-03-28 04:03:47.016910+00:00,ACC_00410,9.67,restaurant,0,0,0
TXN_C137CE57BACD4599,2026-03-28 04:56:56.016910+00:00,ACC_00445,38.09,pharmacy,0,0,0
TXN_28023CDA60084268,2026-03-28 04:59:58.016910+00:00,ACC_00660,350.99,online_services,0,0,0
TXN_F25F682ADF32490F,2026-03-28 05:02:28.016910+00:00,ACC_00919,174.39,electronics,0,0,0
TXN_ABBDB183993448C3,2026-03-28 05:12:17.016910+00:00,ACC_00532,15000.0,travel,1,7,0
TXN_AF1781C093C542AF,2026-03-28 05:23:07.016910+00:00,ACC_00425,16.01,fuel,0,0,0
TXN_5A07633DF8924D4C,2026-03-28 06:31:46.016910+00:00,ACC_00760,31.8,pharmacy,0,0,0
TXN_FC1D45D79B0C4AFC,2026-03-28 06:38:26.016910+00:00,ACC_00167,58.34,travel,0,0,0
TXN_3E19A2B34F6D4BEC,2026-03-28 06:57:13.016910+00:00,ACC_00167,141.47,gaming,0,1,0
TXN_B7057F54951C466D,2026-03-28 07:26:41.016910+00:00,ACC_00167,11.71,online_services,0,2,0
TXN_CA1B786A4EB846A2,2026-03-28 08:41:49.016910+00:00,ACC_00167,61.46,grocery,0,0,0
TXN_30CD9D5EAFB04235,2026-03-28 08:56:15.016910+00:00,ACC_00167,24.47,electronics,1,1,0
TXN_42051E3B0CED47AF,2026-03-28 09:16:57.016910+00:00,ACC_00068,41.77,online_services,0,0,0
TXN_0989790FE40A4C28,2026-03-28 09:36:38.016910+00:00,ACC_00068,41.09,electronics,0,1,0
TXN_A9F4B93AEEC141CF,2026-03-28 09:56:59.016910+00:00,ACC_00068,15000.0,travel,1,7,1
TXN_ACD881AEFE104E63,2026-03-28 09:57:34.016910+00:00,ACC_00068,88.11,pharmacy,0,3,0
TXN_1999451668174DE0,2026-03-28 10:16:33.016910+00:00,ACC_00068,60.32,gaming,0,4,0
TXN_1688FA3C00B14D38,2026-03-28 10:19:02.016910+00:00,ACC_00068,308.23,electronics,0,4,0
TXN_3F21E505EE9A4C03,2026-03-28 10:48:23.016910+00:00,ACC_00068,4.02,fuel,0,4,0
TXN_5F2E776E3ECB4BEA,2026-03-28 11:47:41.016910+00:00,ACC_00257,37.63,pharmacy,0,0,0
TXN_C1B72BF6DC1D4D61,2026-03-28 12:26:44.016910+00:00,ACC_00605,69.26,gaming,0,0,0
TXN_B69AF13A634847EC,2026-03-28 13:15:32.016910+00:00,ACC_00336,58.82,pharmacy,0,0,0
TXN_C458F4334D3148B4,2026-03-28 13:40:08.016910+00:00,ACC_00766,6.66,fuel,0,0,0
TXN_8ECC336A8AD04650,2026-03-28 13:55:31.016910+00:00,ACC_00015,57.18,grocery,0,0,0
TXN_364140932E5B4C70,2026-03-28 14:19:20.016910+00:00,ACC_00012,80.15,online_services,0,0,0
TXN_B0CB2692D9B04C83,2026-03-28 14:42:02.016910+00:00,ACC_00995,49.64,online_services,0,0,0
TXN_993F7A942D094525,2026-03-28 15:30:17.016910+00:00,ACC_00451,9.8,pharmacy,0,0,0
TXN_541F785483244FF3,2026-03-28 15:51:27.016910+00:00,ACC_00451,65.45,electronics,0,1,0
TXN_1EF7B729BFB14A8D,2026-03-28 15:55:23.016910+00:00,ACC_00451,711.31,jewelry,0,2,0
TXN_9BD038F402354686,2026-03-28 16:08:21.016910+00:00,ACC_00451,628.49,jewelry,0,3,0
TXN_1BBDF517B3FB44AB,2026-03-28 16:08:58.016910+00:00,ACC_00451,59.52,grocery,0,4,0
TXN_23662DC161A64E1E,2026-03-28 16:10:14.016910+00:00,ACC_00451,85.35,online_services,0,5,0
TXN_2D27755005674879,2026-03-28 16:13:45.016910+00:00,ACC_00130,345.88,travel,0,0,0
TXN_ABFE4354F9C74B21,2026-03-28 17:15:59.016910+00:00,ACC_00990,336.28,jewelry,0,0,0
TXN_575496C3B69C400E,2026-03-28 17:42:12.016910+00:00,ACC_00524,103.45,pharmacy,1,0,0
TXN_8452075EC3D94A75,2026-03-28 18:37:20.016910+00:00,ACC_00539,332.68,electronics,0,0,0
TXN_DF5B310483C64A53,2026-03-28 18:45:58.016910+00:00,ACC_00546,570.13,clothing,0,0,0
TXN_E3B21A04009147F0,2026-03-28 19:43:42.016910+00:00,ACC_00163,20.38,pharmacy,0,0,0
TXN_9D455E55BA234546,2026-03-28 20:34:58.016910+00:00,ACC_00163,34.52,other,0,1,0
TXN_C1A83BC0B13F4138,2026-03-28 20:46:12.016910+00:00,ACC_00163,3.59,clothing,0,1,0
TXN_03AEF3CDB5D247AC,2026-03-28 21:07:03.016910+00:00,ACC_00163,195.3,travel,0,2,0
TXN_E664DB95F9054FFD,2026-03-28 21:16:20.016910+00:00,ACC_00163,276.66,online_services,0,3,0
TXN_DD4E018934DD4F00,2026-03-28 23:02:51.016910+00:00,ACC_00001,112.5,pharmacy,0,0,0
TXN_FAF05CB0E3144948,2026-03-28 23:06:26.016910+00:00,ACC_00001,60.3,restaurant,0,1,0
TXN_63D517E160504DA6,2026-03-28 23:15:21.016910+00:00,ACC_00001,403.76,electronics,0,2,0
TXN_D8951CA3821B48EB,2026-03-28 23:23:58.016910+00:00,ACC_00001,79.3,clothing,0,3,0
TXN_DD6484D1F4664018,2026-03-28 23:36:49.016910+00:00,ACC_00001,33.46,gaming,0,4,0
TXN_1385610AC3364025,2026-03-29 00:16:44.016910+00:00,ACC_00001,1148.59,travel,0,2,0
TXN_2E924DCD66BA431F,2026-03-29 00:38:25.016910+00:00,ACC_00001,65.54,gaming,0,1,0
TXN_45A42FC1F2604303,2026-03-29 01:03:54.016910+00:00,ACC_00001,97.49,pharmacy,0,2,0
TXN_8EFA237B759642A6,2026-03-29 02:19:48.016910+00:00,ACC_00534,2.86,restaurant,0,0,0
TXN_6A87FBB97B9F40C0,2026-03-29 03:08:07.016910+00:00,ACC_00449,3.34,restaurant,0,0,0
TXN_B3A29CA613E04352,2026-03-29 04:06:53.016910+00:00,ACC_00902,64.61,other,0,0,0
TXN_10430E493C134E25,2026-03-29 04:32:40.016910+00:00,ACC_00391,58.36,travel,0,0,0
TXN_7F9ECFB584A74A6B,2026-03-29 05:24:11.016910+00:00,ACC_00898,56.37,online_services,0,0,0
TXN_8CDCFB722BF34BAE,2026-03-29 05:30:28.016910+00:00,ACC_00750,27.58,gaming,0,0,0
TXN_0EEBAABC616947D9,2026-03-29 05:54:03.016910+00:00,ACC_00507,533.64,fuel,0,0,0
TXN_77E0E8568A594956,2026-03-29 06:09:44.016910+00:00,ACC_00287,149.06,other,0,0,0
TXN_B552A6C008A244AA,2026-03-29 06:50:52.016910+00:00,ACC_00430,560.66,travel,0,0,0
TXN_95C9E4FBD8B2486E,2026-03-29 06:53:57.016910+00:00,ACC_00826,6.25,gaming,0,0,0
TXN_9320E265C1554396,2026-03-29 07:26:39.016910+00:00,ACC_00107,118.92,other,0,0,0
TXN_74E9ADB7D11847D8,2026-03-29 07:35:41.016910+00:00,ACC_00622,27.91,pharmacy,0,0,0
TXN_11996ABF1AF14BA8,2026-03-29 07:53:44.016910+00:00,ACC_00813,114.56,restaurant,0,0,0
TXN_BCCB334B8DD8426C,2026-03-29 08:21:58.016910+00:00,ACC_00370,102.14,other,0,0,0
TXN_F121564AC8F44B17,2026-03-29 08:22:12.016910+00:00,ACC_00763,42.47,online_services,0,0,0
TXN_1C1075F2706D4829,2026-03-29 08:33:50.016910+00:00,ACC_00763,10.7,pharmacy,0,1,0
TXN_906A21FE951E4BF1,2026-03-29 08:45:25.016910+00:00,ACC_00763,57.09,clothing,1,2,0
TXN_9AA0623E30314EBB,2026-03-29 08:47:56.016910+00:00,ACC_00763,121.44,fuel,0,3,0
TXN_CFA3DDE5C3E447E8,2026-03-29 09:21:14.016910+00:00,ACC_00763,611.02,travel,0,4,0
TXN_7CB985A8A2F543E4,2026-03-29 09:51:23.016910+00:00,ACC_00763,35.42,clothing,0,1,0
TXN_ECB7D6593D644CAC,2026-03-29 09:53:24.016910+00:00,ACC_00763,609.5,other,0,2,0
TXN_2CB89F9F5B3D4B96,2026-03-29 10:04:25.016910+00:00,ACC_00215,637.18,jewelry,0,0,0
TXN_6194B4425C224B0D,2026-03-29 10:40:07.016910+00:00,ACC_00800,19.01,online_services,0,0,0
TXN_02AB9B6465BB4E30,2026-03-29 10:50:00.016910+00:00,ACC_00758,17.4,clothing,0,0,0
TXN_64F9F2F8A73640C4,2026-03-29 11:10:51.016910+00:00,ACC_00093,98.64,hotel,0,0,0
TXN_CC438C55914A4BFC,2026-03-29 11:41:21.016910+00:00,ACC_00208,39.27,other,0,0,0
TXN_90CD32C1B6BF493E,2026-03-29 11:41:36.016910+00:00,ACC_00371,177.63,electronics,0,0,0
TXN_806A08DAC4BB4AF2,2026-03-29 12:06:58.016910+00:00,ACC_00931,34.36,pharmacy,0,0,0
TXN_308A67A3AA4E46F0,2026-03-29 12:54:00.016910+00:00,ACC_00408,21.2,restaurant,0,0,0
TXN_B562F6111CA948F0,2026-03-29 12:58:04.016910+00:00,ACC_00898,32.05,travel,0,0,0
TXN_1ADDF243A2EA46DD,2026-03-29 12:59:23.016910+00:00,ACC_00137,52.67,restaurant,0,0,0
TXN_FA25F5E719F94C38,2026-03-29 13:13:40.016910+00:00,ACC_00818,9.54,gaming,0,0,0
TXN_DB21F094DE124452,2026-03-29 13:32:27.016910+00:00,ACC_00846,319.71,electronics,0,0,0
TXN_D1FCA1C97AA84BB3,2026-03-29 13:35:44.016910+00:00,ACC_00846,8.54,other,0,1,0
TXN_7B92069F1CDC4B61,2026-03-29 13:48:33.016910+00:00,ACC_00846,6.82,pharmacy,0,2,0
TXN_C2E7CF24E45A4EE8,2026-03-29 13:51:34.016910+00:00,ACC_00846,16.57,grocery,0,3,0
TXN_DEABADEFBE614171,2026-03-29 13:52:29.016910+00:00,ACC_00846,144.58,jewelry,0,4,0
TXN_DCC9CFAE16C440B9,2026-03-29 14:31:09.016910+00:00,ACC_00846,119.3,jewelry,0,5,0
TXN_4B9CBEC598954FB5,2026-03-29 14:35:17.016910+00:00,ACC_00846,25.2,fuel,0,5,0
TXN_4256601338454E5A,2026-03-29 14:42:49.016910+00:00,ACC_00846,179.6,travel,0,5,0
TXN_0CB2795A51FB4597,2026-03-29 14:49:56.016910+00:00,ACC_00241,48.32,hotel,0,0,0
TXN_B6A341BBFC9945C9,2026-03-29 15:15:19.016910+00:00,ACC_00848,65.25,clothing,0,0,0
TXN_2BDA77B2A6B741C5,2026-03-29 15:40:49.016910+00:00,ACC_00940,23.1,jewelry,0,0,0
TXN_AD34E2C952244D7F,2026-03-29 15:53:46.016910+00:00,ACC_00847,23.37,other,0,0,0
TXN_BAAC9E57E2144A2E,2026-03-29 15:56:49.016910+00:00,ACC_00841,8.73,online_services,0,0,0
TXN_6C40E1C3BD2C441D,2026-03-29 16:39:07.016910+00:00,ACC_00449,110.51,fuel,0,0,0
TXN_E43AC90B6EEA4865,2026-03-29 17:06:54.016910+00:00,ACC_00460,18.97,grocery,0,0,0
TXN_3E84B83946C34C1B,2026-03-29 17:52:35.016910+00:00,ACC_00066,49.38,restaurant,0,0,0
TXN_9BAF92328DF14047,2026-03-29 18:48:30.016910+00:00,ACC_00919,9.39,other,0,0,0
TXN_A6D00927ACCB4AF1,2026-03-29 19:13:08.016910+00:00,ACC_00137,215.8,clothing,0,0,0
TXN_03B82C761B01411F,2026-03-29 19:57:56.016910+00:00,ACC_00312,48.43,gaming,0,0,0
TXN_719E807AD92843B7,2026-03-29 20:17:58.016910+00:00,ACC_00785,244.21,pharmacy,0,0,0
TXN_75B7A7259FCA4693,2026-03-29 20:46:58.016910+00:00,ACC_00055,108.25,hotel,0,0,0
TXN_83AE6F9B7131491E,2026-03-29 21:46:43.016910+00:00,ACC_00066,12.95,other,0,0,0
TXN_573E50FC9C2B402E,2026-03-29 22:05:30.016910+00:00,ACC_00793,41.81,electronics,1,0,0
TXN_5BEC2FC6E23241BB,2026-03-29 22:18:25.016910+00:00,ACC_00340,34.94,gaming,0,0,0
TXN_5A69FA97B655466F,2026-03-29 22:36:37.016910+00:00,ACC_00340,15.13,fuel,0,1,0
TXN_327C33EE2B1B47A9,2026-03-29 23:00:31.016910+00:00,ACC_00340,70.81,restaurant,0,2,0
TXN_27103913B5C24EA3,2026-03-29 23:02:42.016910+00:00,ACC_00340,146.97,travel,0,3,0
TXN_FC64D50722A54954,2026-03-29 23:22:29.016910+00:00,ACC_00340,19.67,clothing,0,3,0
TXN_64682CDED8674797,2026-03-29 23:23:40.016910+00:00,ACC_00340,95.83,online_services,0,4,0
TXN_E346CDA6D7374395,2026-03-30 00:11:23.016910+00:00,ACC_00340,30.78,gaming,0,2,0
TXN_5B728374169A48C1,2026-03-30 00:19:18.016910+00:00,ACC_00098,456.75,jewelry,0,0,0
TXN_9C002AB2DD714C2D,2026-03-30 01:42:27.016910+00:00,ACC_00820,26.47,gaming,0,0,0
TXN_E3B28D6BD6B0439A,2026-03-30 03:00:27.016910+00:00,ACC_00652,183.93,electronics,0,0,0
TXN_4F25C4E938674A5E,2026-03-30 03:09:15.016910+00:00,ACC_00700,29.79,gaming,0,0,0
TXN_26F1F176FCC34B9C,2026-03-30 03:20:47.016910+00:00,ACC_00867,283.33,electronics,0,0,0
TXN_B4B38D9E62F94749,2026-03-30 03:29:37.016910+00:00,ACC_00638,4.78,restaurant,0,0,0
TXN_A5D6C733EFA847B4,2026-03-30 03:46:25.016910+00:00,ACC_00638,33.25,hotel,0,1,0
TXN_E37B16CACED94067,2026-03-30 05:12:19.016910+00:00,ACC_00638,23.74,restaurant,0,0,0
TXN_B151181CB5484B9B,2026-03-30 05:31:50.016910+00:00,ACC_00638,56.42,hotel,0,1,0
TXN_2436B1F3863A4EC5,2026-03-30 05:40:09.016910+00:00,ACC_00638,25.33,fuel,0,2,0
TXN_C4618FBD30174981,2026-03-30 06:05:54.016910+00:00,ACC_00638,51.57,restaurant,0,3,0
TXN_CCABB0D3C2F645A3,2026-03-30 06:08:18.016910+00:00,ACC_00638,28.4,online_services,0,4,0
TXN_5B29922F0CFA46DC,2026-03-30 06:18:48.016910+00:00,ACC_00638,60.07,online_services,0,4,0
TXN_3E30D52A524646F4,2026-03-30 06:45:53.016910+00:00,ACC_00860,92.89,jewelry,0,0,0
TXN_30CB8C34254040CA,2026-03-30 07:09:18.016910+00:00,ACC_00577,31.93,jewelry,0,0,0
TXN_F3FA40ECD7C24324,2026-03-30 07:16:41.016910+00:00,ACC_00290,90.76,online_services,0,0,0
TXN_2448A1413B904708,2026-03-30 07:22:25.016910+00:00,ACC_00414,154.45,restaurant,0,0,0
TXN_385712D335D84355,2026-03-30 07:35:35.016910+00:00,ACC_00496,169.05,travel,0,0,0
TXN_5EBB39217E504DDB,2026-03-30 07:44:50.016910+00:00,ACC_00701,200.01,jewelry,0,0,0
TXN_D1BA98E4FF6F4CEC,2026-03-30 08:02:45.016910+00:00,ACC_00914,48.71,gaming,0,0,0
TXN_3B06CCECE3D241EB,2026-03-30 08:39:23.016910+00:00,ACC_00548,142.52,fuel,0,0,0
TXN_9E178B512A8540FD,2026-03-30 09:15:50.016910+00:00,ACC_00548,41.05,pharmacy,0,1,0
TXN_A8888664CC2B4D23,2026-03-30 09:21:26.016910+00:00,ACC_00548,238.66,electronics,0,2,0
TXN_125120D2F6534769,2026-03-30 09:26:23.016910+00:00,ACC_00548,102.48,clothing,0,3,0
TXN_F4B616133B564350,2026-03-30 09:49:01.016910+00:00,ACC_00548,155.01,other,0,3,0
TXN_BCCD509F7C654156,2026-03-30 09:55:51.016910+00:00,ACC_00548,39.18,gaming,1,4,0
TXN_E158B105B76C4B6C,2026-03-30 10:11:49.016910+00:00,ACC_00706,22.87,grocery,0,0,0
TXN_E2BD326CD37044A2,2026-03-30 11:10:25.016910+00:00,ACC_00706,186.03,hotel,0,1,0
TXN_6FC0485476DE4D6C,2026-03-30 11:20:34.016910+00:00,ACC_00706,286.78,hotel,0,1,0
TXN_BDF63063CCB6497C,2026-03-30 11:41:10.016910+00:00,ACC_00706,139.91,gaming,0,2,0
TXN_B510C6C286684B2D,2026-03-30 12:10:18.016910+00:00,ACC_00706,163.41,fuel,0,3,0
TXN_B801C0A3D5584F61,2026-03-30 12:41:23.016910+00:00,ACC_00706,324.93,travel,0,1,0
TXN_30267FF22DE54778,2026-03-30 13:27:07.016910+00:00,ACC_00280,21.74,grocery,0,0,0
TXN_5443B382324D48E2,2026-03-30 13:40:38.016910+00:00,ACC_00923,54.03,online_services,1,0,0
TXN_C1415347053746BD,2026-03-30 14:04:03.016910+00:00,ACC_00713,123.72,electronics,0,0,0
TXN_1983CEB331834193,2026-03-30 14:42:04.016910+00:00,ACC_00119,44.46,online_services,0,0,0
TXN_D7392071F30F4AE6,2026-03-30 14:42:18.016910+00:00,ACC_00758,55.92,pharmacy,0,0,0
TXN_4E2AB9D9108D4190,2026-03-30 14:55:15.016910+00:00,ACC_00294,35.86,gaming,0,0,0
TXN_E7F3D64403474B45,2026-03-30 15:07:01.016910+00:00,ACC_00907,22.45,restaurant,0,0,0
TXN_307DA4397D5B4ACD,2026-03-30 15:46:21.016910+00:00,ACC_00037,166.1,restaurant,0,0,0
TXN_55802E04D322418C,2026-03-30 16:04:47.016910+00:00,ACC_00086,25.73,restaurant,0,0,0
TXN_E0D6416B141C448A,2026-03-30 16:51:17.016910+00:00,ACC_00147,107.65,grocery,0,0,0
TXN_E40AD31DFCD0466D,2026-03-30 17:08:47.016910+00:00,ACC_00787,327.45,hotel,1,0,0
TXN_F92366E630504D79,2026-03-30 17:18:35.016910+00:00,ACC_00974,138.79,electronics,0,0,0
TXN_D45FE9248EFE4071,2026-03-30 17:36:21.016910+00:00,ACC_00401,116.44,travel,0,0,0
TXN_FB83BF51AF8D4154,2026-03-30 17:38:23.016910+00:00,ACC_00344,19.25,online_services,0,0,0
TXN_92D2BFC0B1A5417D,2026-03-30 19:01:34.016910+00:00,ACC_00617,47.12,jewelry,0,0,0
TXN_74B643E8FF9D4B8C,2026-03-30 19:25:42.016910+00:00,ACC_00115,70.13,fuel,1,0,0
TXN_9700E6FF1E864FF4,2026-03-30 20:13:54.016910+00:00,ACC_00956,56.71,grocery,0,0,0
TXN_35B39E7C7FC04F46,2026-03-30 20:28:47.016910+00:00,ACC_00391,81.35,fuel,0,0,0
TXN_E678DFB7D073483A,2026-03-30 20:42:27.016910+00:00,ACC_00391,20.77,pharmacy,0,1,0
TXN_D02E943EB6274B10,2026-03-30 21:08:46.016910+00:00,ACC_00391,300.0,online_services,0,2,0
TXN_814DDD1BCA3E4D15,2026-03-30 21:11:13.016910+00:00,ACC_00391,70.74,gaming,0,3,0
TXN_1807F8E155A9459E,2026-03-30 21:11:18.016910+00:00,ACC_00503,99.25,hotel,0,0,0
TXN_647367B56B714712,2026-03-30 21:27:08.016910+00:00,ACC_00921,30.35,jewelry,0,0,0
TXN_5BC771C178B64C49,2026-03-30 23:19:19.016910+00:00,ACC_00749,26.83,fuel,0,0,0
TXN_E1D84FEBCC2F44B2,2026-03-30 23:28:47.016910+00:00,ACC_00022,305.28,travel,0,0,0
TXN_9FEFC8837468461B,2026-03-31 00:03:44.016910+00:00,ACC_00555,158.58,fuel,0,0,0
TXN_69018EEBEA414D68,2026-03-31 00:29:07.016910+00:00,ACC_00416,40.22,fuel,0,0,0
TXN_B8883DAF57D74342,2026-03-31 00:39:24.016910+00:00,ACC_00475,543.89,hotel,0,0,0
TXN_D3704D693BCB4594,2026-03-31 02:03:19.016910+00:00,ACC_00252,20.24,clothing,0,0,0
TXN_B5CC932C4BE148C3,2026-03-31 02:19:36.016910+00:00,ACC_00803,66.8,online_services,0,0,0
TXN_8B6E1E7A6742418F,2026-03-31 02:26:48.016910+00:00,ACC_00660,60.13,fuel,0,0,0
TXN_3DA221E88E8D4CED,2026-03-31 02:51:15.016910+00:00,ACC_00308,80.81,gaming,0,0,0
TXN_9FDA945F060D4EE4,2026-03-31 03:08:30.016910+00:00,ACC_00912,45.81,fuel,0,0,0
TXN_CCBE0631C48F4CC8,2026-03-31 03:41:34.016910+00:00,ACC_00025,55.31,fuel,0,0,0
TXN_7F807A13158C47FD,2026-03-31 03:55:09.016910+00:00,ACC_00697,44.03,electronics,0,0,0
TXN_E4B69FC4387C4BBB,2026-03-31 04:06:40.016910+00:00,ACC_00155,162.05,online_services,0,0,0
TXN_8562696E8F874ACD,2026-03-31 04:19:24.016910+00:00,ACC_00499,110.36,gaming,0,0,0
TXN_603D1B5EF140473E,2026-03-31 05:27:56.016910+00:00,ACC_00100,37.98,restaurant,0,0,0
TXN_F2462445DE884821,2026-03-31 05:29:33.016910+00:00,ACC_00340,282.91,hotel,0,0,0
TXN_240AEDAD17DD4600,2026-03-31 06:00:14.016910+00:00,ACC_00981,104.99,restaurant,0,0,0
TXN_05A31BD976D749B3,2026-03-31 06:20:22.016910+00:00,ACC_00849,199.03,hotel,0,0,0
TXN_13781C346F91429A,2026-03-31 06:35:07.016910+00:00,ACC_00576,855.09,electronics,0,0,0
TXN_6FA2ADAC814740E1,2026-03-31 08:25:35.016910+00:00,ACC_00420,433.1,jewelry,0,0,0
TXN_FD372F53A28C46B7,2026-03-31 08:26:55.016910+00:00,ACC_00869,12.59,restaurant,0,0,0
TXN_F431559836894A14,2026-03-31 08:42:54.016910+00:00,ACC_00774,57.79,online_services,0,0,0
TXN_070812F678894348,2026-03-31 08:47:22.016910+00:00,ACC_00774,147.48,other,0,1,0
TXN_CA9312AE837A43CB,2026-03-31 10:13:48.016910+00:00,ACC_00774,168.16,gaming,0,0,0
TXN_CB771892BCC44836,2026-03-31 10:28:01.016910+00:00,ACC_00774,40.08,pharmacy,0,1,0
TXN_2A7477173DD040A4,2026-03-31 10:33:42.016910+00:00,ACC_00774,46.89,hotel,0,2,0
TXN_13AD25BD3B444A98,2026-03-31 11:23:31.016910+00:00,ACC_00774,31.94,fuel,0,2,0
TXN_14EFD890C1F9499F,2026-03-31 11:45:41.016910+00:00,ACC_00774,9.32,pharmacy,0,1,0
TXN_53C074B8245E472A,2026-03-31 13:06:17.016910+00:00,ACC_00812,60.14,restaurant,0,0,0
TXN_8EC865858F774B4D,2026-03-31 13:10:43.016910+00:00,ACC_00637,26.52,fuel,0,0,0
TXN_2BECBBA7E75344BA,2026-03-31 13:27:33.016910+00:00,ACC_00526,115.42,jewelry,1,0,0
TXN_35833A0E888E4A50,2026-03-31 14:34:04.016910+00:00,ACC_00054,133.11,other,0,0,0
TXN_CE8C0C4C6FD44C9C,2026-03-31 15:30:45.016910+00:00,ACC_00042,159.34,pharmacy,0,0,0
TXN_3DFC436E8B664800,2026-03-31 17:11:49.016910+00:00,ACC_00134,22.99,gaming,0,0,0
TXN_9A660EC637404A74,2026-03-31 17:12:01.016910+00:00,ACC_00205,47.07,fuel,0,0,0
TXN_A50C7281900847B3,2026-03-31 17:48:29.016910+00:00,ACC_00385,189.85,jewelry,0,0,0
TXN_2F8A737D7767422A,2026-03-31 18:32:14.016910+00:00,ACC_00351,442.91,hotel,0,0,0
TXN_4D88995200D748A4,2026-03-31 18:37:06.016910+00:00,ACC_00274,31.7,pharmacy,0,0,0
TXN_F1190C4D59ED48E6,2026-03-31 19:34:25.016910+00:00,ACC_00274,86.2,jewelry,0,1,0
TXN_77CE5A0D0A4E4A01,2026-03-31 20:52:14.016910+00:00,ACC_00274,27.64,restaurant,0,0,0
TXN_3390D48354B94E3C,2026-03-31 21:19:12.016910+00:00,ACC_00274,138.55,gaming,0,1,0
TXN_7D7DCDB2FACE45D0,2026-03-31 22:32:29.016910+00:00,ACC_00274,31.42,grocery,0,0,0
TXN_3D14B59C7D8D443C,2026-03-31 22:34:03.016910+00:00,ACC_00274,25.24,gaming,0,1,0
TXN_1E93394E2DB54E44,2026-03-31 22:44:48.016910+00:00,ACC_00274,40.47,online_services,0,2,0
TXN_B01BDEE1A02842ED,2026-03-31 23:35:36.016910+00:00,ACC_00628,22.16,other,0,0,0
TXN_FAA84A8076444200,2026-03-31 23:52:53.016910+00:00,ACC_00191,33.18,grocery,0,0,0
TXN_E76FD13FEC634DD9,2026-04-01 01:12:35.016910+00:00,ACC_00191,33.76,other,0,0,0
TXN_50D2D9BD3F7D4DBF,2026-04-01 01:30:08.016910+00:00,ACC_00191,427.19,online_services,0,1,0
TXN_FAB6C86509654E11,2026-04-01 01:48:50.016910+00:00,ACC_00191,9.06,other,0,2,0
TXN_AF4DB5543D7E44DF,2026-04-01 01:50:01.016910+00:00,ACC_00886,20.06,online_services,0,0,0
TXN_E2D068F9BD2F49D1,2026-04-01 02:00:42.016910+00:00,ACC_00270,126.09,jewelry,0,0,0
TXN_F56063EE7B9244F1,2026-04-01 03:19:19.016910+00:00,ACC_00780,44.59,hotel,0,0,0
TXN_ED7915FC2B6749DC,2026-04-01 03:57:09.016910+00:00,ACC_00780,67.46,gaming,0,1,0
TXN_1FD4282B6D714430,2026-04-01 03:57:31.016910+00:00,ACC_00780,25.45,clothing,0,2,0
TXN_A93291EEDC674E1E,2026-04-01 04:10:16.016910+00:00,ACC_00780,1838.97,jewelry,0,3,0
TXN_E639728D0E564FFA,2026-04-01 04:55:29.016910+00:00,ACC_00780,123.14,electronics,0,3,0
TXN_E4AEDCFDD9A94314,2026-04-01 06:02:03.016910+00:00,ACC_00751,21.25,restaurant,0,0,0
TXN_08AEC7ED4D5B419E,2026-04-01 06:27:36.016910+00:00,ACC_00751,29.5,other,0,1,0
TXN_1C6E8F2680EE445B,2026-04-01 06:44:06.016910+00:00,ACC_00751,430.38,hotel,0,2,0
TXN_C3931D13AB154C4F,2026-04-01 07:55:06.016910+00:00,ACC_00751,69.76,gaming,0,0,0
TXN_C1F0AA49A8FB4781,2026-04-01 07:59:53.016910+00:00,ACC_00751,77.83,other,0,1,0
TXN_9369E5F7412D4FF9,2026-04-01 08:08:30.016910+00:00,ACC_00751,71.34,online_services,0,2,0
TXN_15DCEA91BF184234,2026-04-01 08:33:17.016910+00:00,ACC_00751,67.73,gaming,0,3,0
TXN_D924B1D88AD24F25,2026-04-01 08:46:28.016910+00:00,ACC_00902,31.19,fuel,0,0,0
TXN_58D1D78206E645CF,2026-04-01 10:05:13.016910+00:00,ACC_00146,19.99,fuel,1,0,0
TXN_656DDA94A9F1415D,2026-04-01 10:19:30.016910+00:00,ACC_00391,37.74,pharmacy,0,0,0
TXN_1548E13E2AF34B0E,2026-04-01 10:41:03.016910+00:00,ACC_00838,87.59,electronics,0,0,0
TXN_D816709C97C64B0D,2026-04-01 11:19:59.016910+00:00,ACC_00017,17.93,electronics,0,0,0
TXN_230667B761F24809,2026-04-01 11:25:49.016910+00:00,ACC_00163,82.53,jewelry,0,0,0
TXN_F238B20A931F4384,2026-04-01 11:48:33.016910+00:00,ACC_00512,77.72,electronics,0,0,0
TXN_EBD4D4A9E467445D,2026-04-01 12:31:16.016910+00:00,ACC_00109,136.18,other,0,0,0
TXN_5A781139519647C9,2026-04-01 13:32:51.016910+00:00,ACC_00109,50.53,online_services,0,0,0
TXN_123EB6FCA52A4774,2026-04-01 14:58:45.016910+00:00,ACC_00109,60.63,travel,0,0,0
TXN_D7413AF419D84EFF,2026-04-01 15:14:59.016910+00:00,ACC_00109,15.3,gaming,0,1,0
TXN_7DE9BEC045E84649,2026-04-01 15:15:50.016910+00:00,ACC_00109,424.31,travel,0,2,0
TXN_FBA701F0153A4A26,2026-04-01 15:53:02.016910+00:00,ACC_00109,93.04,electronics,0,3,0
TXN_6C77E7645ABF4861,2026-04-01 16:16:46.016910+00:00,ACC_00458,3.27,clothing,0,0,0
TXN_0A518A6A61714ADA,2026-04-01 16:37:34.016910+00:00,ACC_00893,29.63,pharmacy,0,0,0
TXN_612893D2E1F043E8,2026-04-01 16:39:39.016910+00:00,ACC_00569,215.23,hotel,0,0,0
TXN_58760F56A04B46E2,2026-04-01 16:51:15.016910+00:00,ACC_00801,16.76,clothing,0,0,0
TXN_A8B0451794F04CF2,2026-04-01 17:19:59.016910+00:00,ACC_00256,46.92,online_services,0,0,0
TXN_86D6BF624CB84664,2026-04-01 17:50:55.016910+00:00,ACC_00394,51.32,gaming,0,0,0
TXN_E81F5C6E52E046EA,2026-04-01 18:03:52.016910+00:00,ACC_00923,19.6,other,0,0,0
TXN_CA97ABFCDF2446B1,2026-04-01 18:35:51.016910+00:00,ACC_00811,187.31,other,0,0,0
TXN_5F87FB4523D24958,2026-04-01 18:49:19.016910+00:00,ACC_00253,45.66,grocery,0,0,0
TXN_3207B237A9854D23,2026-04-01 19:05:07.016910+00:00,ACC_00150,77.35,hotel,0,0,0
TXN_A4814070EF044361,2026-04-01 19:22:12.016910+00:00,ACC_00205,28.09,pharmacy,0,0,0
TXN_F129E8D6A3994E42,2026-04-01 19:37:01.016910+00:00,ACC_00303,16.55,other,0,0,0
TXN_DBA77A44D0A2431E,2026-04-01 19:38:57.016910+00:00,ACC_00255,11.18,fuel,0,0,0
TXN_F297DFE56E804876,2026-04-01 19:53:11.016910+00:00,ACC_00210,24.81,grocery,0,0,0
TXN_9FC0F3428D524211,2026-04-01 21:12:18.016910+00:00,ACC_00378,75.03,electronics,0,0,0
TXN_E9109B751B02498A,2026-04-01 21:37:30.016910+00:00,ACC_00455,21.99,restaurant,0,0,0
TXN_442B4A8B27F64C1A,2026-04-01 21:56:07.016910+00:00,ACC_00622,412.79,electronics,0,0,0
TXN_D77A128A15B1494E,2026-04-01 22:03:30.016910+00:00,ACC_00054,407.0,jewelry,0,0,0
TXN_EB11F4B668524B0A,2026-04-01 22:16:04.016910+00:00,ACC_00385,6.1,pharmacy,0,0,0
TXN_0F627AD3BEA1441F,2026-04-01 23:31:13.016910+00:00,ACC_00628,115.9,grocery,0,0,0
TXN_A4CC0AFC05E34890,2026-04-01 23:38:15.016910+00:00,ACC_00041,24.64,grocery,0,0,0
TXN_6C9F90F331D54F0E,2026-04-02 00:34:29.016910+00:00,ACC_00950,56.06,restaurant,0,0,0
TXN_53E767B42E364703,2026-04-02 00:40:57.016910+00:00,ACC_00950,75.68,hotel,0,1,0
TXN_B9F5874A41CF4295,2026-04-02 00:43:11.016910+00:00,ACC_00950,30.64,restaurant,0,2,0
TXN_020C3136DF474CB8,2026-04-02 01:13:54.016910+00:00,ACC_00950,10.58,pharmacy,0,3,0
TXN_8D02E547151649D0,2026-04-02 01:22:38.016910+00:00,ACC_00950,37.68,restaurant,0,4,0
TXN_7B34BAA017704FDD,2026-04-02 01:25:24.016910+00:00,ACC_00934,113.34,clothing,0,0,0
TXN_E4649A71C8454802,2026-04-02 01:33:25.016910+00:00,ACC_00054,11.84,other,0,0,0
TXN_D8BD225784E346A4,2026-04-02 01:45:51.016910+00:00,ACC_00239,255.99,electronics,0,0,0
TXN_FF6C05A56CB44A75,2026-04-02 02:27:11.016910+00:00,ACC_00687,113.78,jewelry,0,0,0
TXN_CA021C6A61574F0F,2026-04-02 02:31:04.016910+00:00,ACC_00714,145.36,restaurant,0,0,0
TXN_30FE6FA7BF2646A3,2026-04-02 02:37:49.016910+00:00,ACC_00597,228.58,hotel,0,0,0
TXN_85F2EFFDA88143BC,2026-04-02 03:06:02.016910+00:00,ACC_00921,66.59,fuel,0,0,0
TXN_2076304EDC4F4576,2026-04-02 03:59:58.016910+00:00,ACC_00763,117.69,travel,0,0,0
TXN_91D7EB80DA0B4D7B,2026-04-02 04:01:15.016910+00:00,ACC_00207,1680.13,travel,0,0,0
TXN_93DB6634189442CA,2026-04-02 04:08:51.016910+00:00,ACC_00123,28.32,online_services,0,0,0
TXN_9B932D91D40640EE,2026-04-02 04:46:02.016910+00:00,ACC_00525,18.95,clothing,0,0,0
TXN_0C8F347AB55C4D37,2026-04-02 04:51:23.016910+00:00,ACC_00761,26.42,clothing,0,0,0
TXN_0F783177C78846C5,2026-04-02 04:53:53.016910+00:00,ACC_00853,136.27,clothing,0,0,0
TXN_CF3015F21FBA4A2C,2026-04-02 04:57:17.016910+00:00,ACC_00056,54.15,clothing,0,0,0
TXN_EB04F4FBD3A2405F,2026-04-02 04:58:44.016910+00:00,ACC_00524,46.92,clothing,0,0,0
TXN_3D3C299EB81C492F,2026-04-02 06:14:58.016910+00:00,ACC_00524,35.89,other,0,0,0
TXN_379FA7AD17D34675,2026-04-02 06:58:43.016910+00:00,ACC_00524,39.69,gaming,0,1,0
TXN_2F01C751A37442BF,2026-04-02 08:01:32.016910+00:00,ACC_00524,26.94,gaming,0,0,0
TXN_A901C7186828470A,2026-04-02 08:01:48.016910+00:00,ACC_00255,73.15,grocery,0,0,0
TXN_020B8B69DAD54AD7,2026-04-02 08:12:21.016910+00:00,ACC_00255,107.66,travel,0,1,0
TXN_5BB32368AB5B4487,2026-04-02 08:41:30.016910+00:00,ACC_00255,23.87,gaming,0,2,0
TXN_9B3AF0F933AB4479,2026-04-02 08:56:52.016910+00:00,ACC_00255,82.92,pharmacy,0,3,0
TXN_CE40419161D04E94,2026-04-02 09:58:34.016910+00:00,ACC_00078,12.98,pharmacy,0,0,0
TXN_5FD2DD772A6E46FE,2026-04-02 10:24:14.016910+00:00,ACC_00310,48.79,online_services,0,0,0
TXN_516CDE8D1B364814,2026-04-02 10:24:45.016910+00:00,ACC_00210,5.35,pharmacy,0,0,0
TXN_B8F177E0F7584399,2026-04-02 10:39:15.016910+00:00,ACC_00954,29.76,electronics,0,0,0
TXN_D97C31023BB24702,2026-04-02 10:42:50.016910+00:00,ACC_00891,38.91,other,0,0,0
TXN_7DB18A573A0B45BB,2026-04-02 11:21:40.016910+00:00,ACC_00492,29.81,clothing,0,0,0
TXN_A7521E8BFAEC4FC8,2026-04-02 11:23:23.016910+00:00,ACC_00492,26.46,online_services,0,1,0
TXN_71551EF5D56E4E14,2026-04-02 11:53:21.016910+00:00,ACC_00492,80.76,grocery,0,2,0
TXN_6D3CE0C7D0CA49F8,2026-04-02 12:15:01.016910+00:00,ACC_00492,306.32,travel,0,3,0
TXN_897ED5AC928045DA,2026-04-02 12:22:57.016910+00:00,ACC_00492,182.65,travel,0,3,0
TXN_370481168D8D4B18,2026-04-02 12:45:14.016910+00:00,ACC_00241,14.45,grocery,0,0,0
TXN_C9878F03CDFE4F64,2026-04-02 13:09:20.016910+00:00,ACC_00878,49.25,other,0,0,0
TXN_D5FB79F4DD164842,2026-04-02 13:13:58.016910+00:00,ACC_00049,171.14,restaurant,0,0,0
TXN_9D2117DC7A9C4FE8,2026-04-02 13:30:03.016910+00:00,ACC_00168,1175.81,hotel,0,0,0
TXN_6C1C77CAAE464FDC,2026-04-02 13:47:33.016910+00:00,ACC_00655,279.25,electronics,0,0,0
TXN_688FD7B8C9FD4F97,2026-04-02 13:55:17.016910+00:00,ACC_00786,12.81,pharmacy,0,0,0
TXN_7C706B9F7E1749C4,2026-04-02 14:19:54.016910+00:00,ACC_00369,24.83,restaurant,0,0,0
TXN_F358BE3B5C9843E1,2026-04-02 14:22:10.016910+00:00,ACC_00368,54.78,online_services,0,0,0
TXN_9E800CF69FDD44CE,2026-04-02 14:55:50.016910+00:00,ACC_00044,35.45,pharmacy,0,0,0
TXN_F45E337B14CE4448,2026-04-02 15:00:55.016910+00:00,ACC_00763,124.64,gaming,0,0,0
TXN_3B64507AAF7B4A7C,2026-04-02 16:01:02.016910+00:00,ACC_00710,77.16,fuel,0,0,0
TXN_3E15EC4457CE4859,2026-04-02 16:09:11.016910+00:00,ACC_00533,50.94,travel,0,0,0
TXN_6559DCB6F06D4CE7,2026-04-02 16:47:40.016910+00:00,ACC_00533,27.45,clothing,0,1,0
TXN_D51B882AA2E54E04,2026-04-02 17:02:49.016910+00:00,ACC_00533,278.01,hotel,0,2,0
TXN_3726585E4A5B4019,2026-04-02 17:36:59.016910+00:00,ACC_00533,149.91,fuel,0,2,0
TXN_50D4CC7F557C4C5E,2026-04-02 17:53:57.016910+00:00,ACC_00360,69.31,other,0,0,0
TXN_73F99427D6F24CE0,2026-04-02 17:56:09.016910+00:00,ACC_00465,245.66,other,0,0,0
TXN_5067B57211794A0C,2026-04-02 18:21:44.016910+00:00,ACC_00813,15000.0,travel,1,8,0
TXN_6F8B20A2BAB442A8,2026-04-02 18:38:46.016910+00:00,ACC_00215,11.81,restaurant,0,0,0
TXN_F09AD78C42DF4C99,2026-04-02 19:00:44.016910+00:00,ACC_00303,200.68,electronics,0,0,0
TXN_96BC20F293104953,2026-04-02 19:07:52.016910+00:00,ACC_00464,704.31,fuel,0,0,0
TXN_02A6EC9511794096,2026-04-02 19:13:59.016910+00:00,ACC_00612,15000.0,travel,1,8,0
TXN_637B64300D2D43C8,2026-04-02 19:52:11.016910+00:00,ACC_00608,164.6,grocery,0,0,0
TXN_4391A665EC024FFB,2026-04-02 20:47:57.016910+00:00,ACC_00608,75.78,online_services,0,1,0
TXN_E2B4ED41DBC54F50,2026-04-02 20:51:29.016910+00:00,ACC_00608,14.45,restaurant,0,2,0
TXN_C0A7331482834D47,2026-04-02 21:40:42.016910+00:00,ACC_00608,5.45,pharmacy,1,2,0
TXN_71E8C2C9CCAB49A8,2026-04-02 22:03:21.016910+00:00,ACC_00608,3.27,restaurant,0,1,0
TXN_0D1D148261954AD6,2026-04-02 22:09:49.016910+00:00,ACC_00608,33.02,other,0,2,0
TXN_08EEA641C7C84FC0,2026-04-02 22:17:06.016910+00:00,ACC_00608,56.11,fuel,0,3,0
TXN_B8653F140AD24A5E,2026-04-02 22:22:59.016910+00:00,ACC_00036,514.26,jewelry,0,0,0
TXN_DCD0177E71464E76,2026-04-02 22:36:55.016910+00:00,ACC_00421,130.06,gaming,0,0,0
TXN_7CAF4D18D7314F6A,2026-04-02 22:46:12.016910+00:00,ACC_00421,58.7,online_services,0,1,0
TXN_20C59C4B06884075,2026-04-02 23:11:10.016910+00:00,ACC_00421,50.34,gaming,0,2,0
TXN_F38E57F0E6634296,2026-04-03 00:35:54.016910+00:00,ACC_00421,28.07,grocery,0,0,0
TXN_579025AB51594942,2026-04-03 00:42:10.016910+00:00,ACC_00421,164.19,electronics,0,1,0
TXN_198BD66129AE4B72,2026-04-03 01:06:28.016910+00:00,ACC_00298,20.5,fuel,0,0,0
TXN_E3256960632B4FDA,2026-04-03 01:32:27.016910+00:00,ACC_00204,467.79,clothing,0,0,0
TXN_8972268128564B72,2026-04-03 01:42:02.016910+00:00,ACC_00792,148.16,travel,0,0,0
TXN_336EFB57B76A41A1,2026-04-03 01:55:31.016910+00:00,ACC_00866,118.56,other,0,0,0
TXN_956074E2972C4A31,2026-04-03 01:57:54.016910+00:00,ACC_00104,28.91,electronics,0,0,0
TXN_8E9779829CAA4B30,2026-04-03 02:01:57.016910+00:00,ACC_00449,33.02,other,0,0,0
TXN_B4E5328BD65D4B5A,2026-04-03 02:02:18.016910+00:00,ACC_00378,28.6,restaurant,0,0,0
TXN_3F4B94183A534A7D,2026-04-03 02:09:12.016910+00:00,ACC_00433,140.14,travel,0,0,0
TXN_180CF2CFD2D44E88,2026-04-03 02:12:38.016910+00:00,ACC_00433,368.82,jewelry,0,1,0
TXN_77D1E4E8EDED4751,2026-04-03 02:28:25.016910+00:00,ACC_00433,165.29,restaurant,0,2,0
TXN_C5BF0227E5114F25,2026-04-03 02:38:26.016910+00:00,ACC_00433,5.92,clothing,0,3,0
TXN_ABE36A581B0341C3,2026-04-03 03:06:54.016910+00:00,ACC_00270,209.32,pharmacy,0,0,0
TXN_A2B0F31F8BC24759,2026-04-03 03:13:45.016910+00:00,ACC_00238,782.92,travel,0,0,0
TXN_F68D0CB8A37C42BA,2026-04-03 03:19:40.016910+00:00,ACC_00062,12910.03,travel,0,0,1
TXN_9952DB06DE9045AC,2026-04-03 03:34:23.016910+00:00,ACC_00328,54.45,online_services,0,0,0
TXN_5C3135E430104A8E,2026-04-03 03:43:58.016910+00:00,ACC_00491,59.64,electronics,0,0,0
TXN_365C7C60DD604782,2026-04-03 04:10:40.016910+00:00,ACC_00824,516.59,jewelry,0,0,0
TXN_6A721BA73EE84924,2026-04-03 04:58:49.016910+00:00,ACC_00824,35.77,restaurant,0,1,0
TXN_C9D8207F541C4EEC,2026-04-03 05:55:05.016910+00:00,ACC_00824,24.54,pharmacy,0,1,0
TXN_BE0BCF79C00E4260,2026-04-03 05:58:59.016910+00:00,ACC_00824,87.96,grocery,0,1,0
TXN_91A870A1C08F4993,2026-04-03 06:06:35.016910+00:00,ACC_00824,105.03,fuel,0,2,0
TXN_C84E314CFB1F4439,2026-04-03 06:26:15.016910+00:00,ACC_00401,3.67,clothing,0,0,0
TXN_983BE9FC6A804593,2026-04-03 07:26:13.016910+00:00,ACC_00810,148.59,fuel,0,0,0
TXN_CA6B299CFF824538,2026-04-03 07:27:22.016910+00:00,ACC_00614,21.56,online_services,0,0,0
TXN_E62D9E86D2A3482B,2026-04-03 07:29:24.016910+00:00,ACC_00068,182.95,other,0,0,0
TXN_EF85682452B74C8D,2026-04-03 07:30:04.016910+00:00,ACC_00379,104.05,travel,0,0,0
TXN_96E4EBCFCB724555,2026-04-03 08:17:08.016910+00:00,ACC_00311,54.6,gaming,0,0,0
TXN_90E0572044504C34,2026-04-03 08:30:23.016910+00:00,ACC_00524,82.16,other,0,0,0
TXN_9681D2015C9D464C,2026-04-03 09:17:34.016910+00:00,ACC_00614,133.62,gaming,0,0,0
TXN_5CF2A510951D4D15,2026-04-03 09:30:49.016910+00:00,ACC_00999,450.67,jewelry,0,0,0
TXN_B85DCF7675A14F33,2026-04-03 09:41:07.016910+00:00,ACC_00957,100.68,travel,0,0,0
TXN_C64ACFFD03F54428,2026-04-03 09:52:16.016910+00:00,ACC_00332,5.83,gaming,0,0,0
TXN_3EB30603F26344FA,2026-04-03 10:06:41.016910+00:00,ACC_00344,63.77,fuel,0,0,0
TXN_87A263F229384614,2026-04-03 10:19:27.016910+00:00,ACC_00193,131.06,electronics,0,0,0
TXN_F038025BB605422F,2026-04-03 10:34:48.016910+00:00,ACC_00703,65.89,jewelry,0,0,0
TXN_FE5331FD29054C82,2026-04-03 11:05:38.016910+00:00,ACC_00533,73.45,other,0,0,0
TXN_6234C4DA51E2461F,2026-04-03 11:21:15.016910+00:00,ACC_00613,113.0,hotel,0,0,0
TXN_E0BF93FB45E944C7,2026-04-03 12:13:54.016910+00:00,ACC_00252,209.92,other,0,0,0
TXN_30FD18258E4A4C19,2026-04-03 12:54:17.016910+00:00,ACC_00150,189.43,restaurant,0,0,0
TXN_0BDBB7DBA0344B01,2026-04-03 13:53:55.016910+00:00,ACC_00403,365.14,travel,0,0,0
TXN_2049B12D211D44F0,2026-04-03 13:57:18.016910+00:00,ACC_00403,42.73,gaming,0,1,0
TXN_63F1B0EA0F834E61,2026-04-03 14:07:41.016910+00:00,ACC_00403,153.98,travel,0,2,0
TXN_F796829CDE2E4A19,2026-04-03 14:35:27.016910+00:00,ACC_00403,20.89,gaming,0,3,0
TXN_1131F70EC98347B3,2026-04-03 14:39:13.016910+00:00,ACC_00403,61.61,electronics,0,4,0
TXN_A9E3312D20814AB7,2026-04-03 14:41:21.016910+00:00,ACC_00056,126.26,travel,0,0,0
TXN_F2981477E064466B,2026-04-03 14:43:34.016910+00:00,ACC_00056,22.84,restaurant,0,1,0
TXN_B7B8658AFBB54CF3,2026-04-03 14:55:38.016910+00:00,ACC_00056,9.4,pharmacy,0,2,0
TXN_24300D4D5CE34B44,2026-04-03 14:58:50.016910+00:00,ACC_00056,212.41,other,0,3,0
TXN_579E8A735A4B4328,2026-04-03 15:33:04.016910+00:00,ACC_00634,620.38,travel,0,0,0
TXN_703FBF7DFFCA42A5,2026-04-03 16:18:05.016910+00:00,ACC_00024,409.53,hotel,0,0,0
TXN_5CDD8D17520E4C94,2026-04-03 16:38:49.016910+00:00,ACC_00393,206.48,gaming,0,0,0
TXN_0E46D07AAD0142AD,2026-04-03 17:00:46.016910+00:00,ACC_00629,1331.86,travel,0,0,0
TXN_98DA166C62DA4D12,2026-04-03 17:31:48.016910+00:00,ACC_00417,21.24,online_services,0,0,0
TXN_109B91376D2C4AE9,2026-04-03 17:46:15.016910+00:00,ACC_00287,302.17,pharmacy,0,0,0
TXN_0EE60EDCC57E488D,2026-04-03 17:55:04.016910+00:00,ACC_00287,28.03,fuel,0,1,0
TXN_D17C4F33CFB343A1,2026-04-03 19:00:34.016910+00:00,ACC_00287,73.99,fuel,0,0,0
TXN_EFFA2894402E407E,2026-04-03 20:41:00.016910+00:00,ACC_00287,8.85,fuel,0,0,0
TXN_049895A77E5D4F73,2026-04-03 21:11:56.016910+00:00,ACC_00287,88.61,travel,0,1,0
TXN_6506A556C154484C,2026-04-03 21:15:02.016910+00:00,ACC_00897,301.21,hotel,0,0,0
TXN_1808F6DEE9AE4B95,2026-04-03 21:19:19.016910+00:00,ACC_00453,222.1,hotel,0,0,0
TXN_05E2885540A34C0E,2026-04-03 21:34:34.016910+00:00,ACC_00700,27.52,fuel,0,0,0
TXN_05236ABC5D354354,2026-04-03 22:10:29.016910+00:00,ACC_00255,55.41,clothing,0,0,0
TXN_37AA54F4C91F42DB,2026-04-03 22:19:53.016910+00:00,ACC_00703,28.89,clothing,0,0,0
TXN_F548A0F1880D443F,2026-04-03 22:37:17.016910+00:00,ACC_00023,300.31,hotel,0,0,0
TXN_AA91735A462B47BC,2026-04-03 22:43:35.016910+00:00,ACC_00932,5.52,fuel,0,0,0
TXN_AE38FBD54E344669,2026-04-03 23:39:21.016910+00:00,ACC_00267,457.9,electronics,0,0,0
TXN_4E3BFDD5537547E6,2026-04-04 00:38:52.016910+00:00,ACC_00544,18.66,grocery,0,0,0
TXN_DB7397138C364E40,2026-04-04 00:43:00.016910+00:00,ACC_00093,111.39,electronics,0,0,0
TXN_7804488383DA4B48,2026-04-04 01:02:24.016910+00:00,ACC_00082,37.84,travel,0,0,0
TXN_48302C5E0A2B4894,2026-04-04 01:21:24.016910+00:00,ACC_00286,142.56,electronics,0,0,0
TXN_614E5FCC2A37493F,2026-04-04 01:54:53.016910+00:00,ACC_00238,75.75,gaming,0,0,0
TXN_613F1B44F48D436E,2026-04-04 01:58:50.016910+00:00,ACC_00977,77.22,other,0,0,0
TXN_CB1C33B4DF174A64,2026-04-04 02:21:40.016910+00:00,ACC_00917,61.14,grocery,0,0,0
TXN_640F581BF5D0442C,2026-04-04 03:33:32.016910+00:00,ACC_00069,125.53,travel,0,0,0
TXN_6FCAA323BDB84311,2026-04-04 03:52:21.016910+00:00,ACC_00474,102.73,hotel,0,0,0
TXN_4F137E55807943F2,2026-04-04 04:12:56.016910+00:00,ACC_00252,98.24,hotel,0,0,0
TXN_EC63AC34B2934091,2026-04-04 05:18:35.016910+00:00,ACC_00022,24.12,grocery,0,0,0
TXN_BB9B929A735B4B2A,2026-04-04 05:56:42.016910+00:00,ACC_00867,30.86,gaming,0,0,0
TXN_CDBF1A2B7C144CB6,2026-04-04 06:04:21.016910+00:00,ACC_00252,90.38,other,0,0,0
TXN_F76AC34FC67B4EF3,2026-04-04 06:06:51.016910+00:00,ACC_00773,9611.48,electronics,0,0,0
TXN_6EA81C9A1EFE48C3,2026-04-04 06:16:31.016910+00:00,ACC_00773,15.85,fuel,0,1,0
TXN_EFD01F9E026D4F47,2026-04-04 06:36:48.016910+00:00,ACC_00773,40.94,online_services,0,2,0
TXN_ABBFFAB40D904DEB,2026-04-04 07:35:19.016910+00:00,ACC_00773,14.92,gaming,0,1,0
TXN_798F0ECF32A84534,2026-04-04 07:52:47.016910+00:00,ACC_00773,87.6,travel,0,1,0
TXN_FF687F30D4584098,2026-04-04 08:01:00.016910+00:00,ACC_00773,32.6,online_services,0,2,0
TXN_3F76546A94124D21,2026-04-04 08:14:39.016910+00:00,ACC_00773,132.92,hotel,0,3,0
TXN_E7FC862AD429412E,2026-04-04 08:15:49.016910+00:00,ACC_00392,129.34,hotel,0,0,0
TXN_AD3D0390957F47CC,2026-04-04 08:52:27.016910+00:00,ACC_00221,33.13,pharmacy,0,0,0
TXN_7C9100127697473B,2026-04-04 08:58:01.016910+00:00,ACC_00777,49.9,pharmacy,0,0,0
TXN_956864A1B06045A9,2026-04-04 09:32:30.016910+00:00,ACC_00923,19.71,online_services,0,0,0
TXN_03FAFF28227F43B2,2026-04-04 09:54:46.016910+00:00,ACC_00381,53.6,online_services,0,0,0
TXN_0FB9C65982024F91,2026-04-04 10:27:12.016910+00:00,ACC_00150,57.19,restaurant,0,0,0
TXN_353D663797FF472B,2026-04-04 10:48:24.016910+00:00,ACC_00396,17.05,fuel,0,0,0
TXN_5C3B3DB39B794E88,2026-04-04 11:12:00.016910+00:00,ACC_00565,8.54,online_services,0,0,0
TXN_834D0F11736D4530,2026-04-04 12:23:29.016910+00:00,ACC_00519,74.43,restaurant,0,0,0
TXN_99AD09A78A9D4186,2026-04-04 12:46:01.016910+00:00,ACC_00026,11.51,pharmacy,1,0,0
TXN_34DF2612F53C4EDF,2026-04-04 13:30:51.016910+00:00,ACC_00628,26.79,gaming,0,0,0
TXN_1D6F9A1ACA53453B,2026-04-04 13:56:51.016910+00:00,ACC_00600,88.81,online_services,0,0,0
TXN_0C2AA15492944BED,2026-04-04 14:32:54.016910+00:00,ACC_00683,23.27,other,0,0,0
TXN_0A04D53496194C45,2026-04-04 14:55:10.016910+00:00,ACC_00158,96.7,fuel,0,0,0
TXN_78F0559B46B643F7,2026-04-04 14:55:53.016910+00:00,ACC_00651,58.48,electronics,0,0,0
TXN_70DC3F217AAD49B0,2026-04-04 15:44:37.016910+00:00,ACC_00283,18.28,grocery,1,0,0
TXN_894F88FD5D524CDE,2026-04-04 15:45:06.016910+00:00,ACC_00583,37.46,electronics,0,0,0
TXN_1CB9EB2B201345BF,2026-04-04 15:57:57.016910+00:00,ACC_00216,58.96,electronics,0,0,0
TXN_E5FA93342BCD44CB,2026-04-04 16:00:36.016910+00:00,ACC_00216,48.23,restaurant,0,1,0
TXN_2CA991FB64D24B79,2026-04-04 16:39:27.016910+00:00,ACC_00216,20.09,pharmacy,0,2,0
TXN_C20EDF316B6E4922,2026-04-04 16:49:00.016910+00:00,ACC_00216,299.01,hotel,0,3,0
TXN_AC61F7593F8E4A37,2026-04-04 18:02:08.016910+00:00,ACC_00979,45.91,gaming,0,0,0
TXN_791CB3E0DAD94F42,2026-04-04 18:09:11.016910+00:00,ACC_00339,124.67,hotel,0,0,0
TXN_841FF1C3BA1F4FFA,2026-04-04 18:31:16.016910+00:00,ACC_00604,63.52,travel,0,0,0
TXN_6E70B8831CBF4230,2026-04-04 18:34:40.016910+00:00,ACC_00835,436.3,travel,0,0,0
TXN_DAD16FF2A36D40FC,2026-04-04 19:06:40.016910+00:00,ACC_00835,115.34,other,0,1,0
TXN_A0417F9E9196402D,2026-04-04 19:17:27.016910+00:00,ACC_00835,280.06,travel,0,2,0
TXN_C7A008C13D9A468D,2026-04-04 19:31:14.016910+00:00,ACC_00835,42.79,clothing,0,3,0
TXN_03D3BF1CE2D34A1F,2026-04-04 19:48:33.016910+00:00,ACC_00835,8.4,restaurant,0,3,0
TXN_BE39D564AFF44712,2026-04-04 20:00:57.016910+00:00,ACC_00835,45.92,fuel,0,4,0
TXN_0EC4ABC931F74B0E,2026-04-04 20:52:40.016910+00:00,ACC_00835,184.8,electronics,0,1,0
TXN_59DEC0048F1B42E0,2026-04-04 20:57:06.016910+00:00,ACC_00794,65.33,grocery,0,0,0
TXN_7BC443684CE3470C,2026-04-04 21:06:01.016910+00:00,ACC_00485,162.83,hotel,0,0,0
TXN_5C3602CE673C4272,2026-04-04 22:15:42.016910+00:00,ACC_00901,54.7,fuel,0,0,0
TXN_ABFEFF23A4AD4976,2026-04-04 22:54:47.016910+00:00,ACC_00294,58.22,electronics,0,0,0
TXN_665D20A571C6453C,2026-04-04 23:55:51.016910+00:00,ACC_00874,15.21,restaurant,1,0,0
TXN_7453EF68304C4BB6,2026-04-05 01:10:00.016910+00:00,ACC_00874,9.45,restaurant,0,0,0
TXN_3633FB025ECB4773,2026-04-05 01:17:07.016910+00:00,ACC_00874,302.74,electronics,1,1,0
TXN_3CD02E792B75489F,2026-04-05 01:37:41.016910+00:00,ACC_00874,895.35,travel,0,2,0
TXN_9F4BA7B184B44998,2026-04-05 02:07:28.016910+00:00,ACC_00847,587.97,pharmacy,0,0,0
TXN_60C0955951BC4DF8,2026-04-05 02:41:50.016910+00:00,ACC_00339,35.04,restaurant,0,0,0
TXN_B5765BD7EC414199,2026-04-05 02:45:24.016910+00:00,ACC_00339,70.5,clothing,0,1,0
TXN_2BCE1DA6295E4C55,2026-04-05 02:51:36.016910+00:00,ACC_00339,39.49,online_services,0,2,0
TXN_5911639AC37F493C,2026-04-05 03:00:27.016910+00:00,ACC_00339,276.12,jewelry,0,3,0
TXN_5A66E2EB0E1C4BD9,2026-04-05 03:09:24.016910+00:00,ACC_00339,18.55,online_services,0,4,0
TXN_8C599DF6B9E8470B,2026-04-05 03:38:05.016910+00:00,ACC_00339,48.42,other,0,5,0
TXN_266AC23FE35B41A3,2026-04-05 03:56:32.016910+00:00,ACC_00339,65.76,travel,0,3,0
TXN_595D4A2286A34A5B,2026-04-05 03:57:00.016910+00:00,ACC_00339,42.82,other,0,4,0
TXN_0CC2140E37AB4E34,2026-04-05 03:59:16.016910+00:00,ACC_00314,28.33,other,0,0,0
TXN_190C7C532AA143A0,2026-04-05 04:15:36.016910+00:00,ACC_00814,231.12,travel,0,0,0
TXN_26430110BBE54A14,2026-04-05 05:07:59.016910+00:00,ACC_00721,52.3,restaurant,0,0,0
TXN_E5E4590A1D91480B,2026-04-05 05:23:45.016910+00:00,ACC_00460,76.0,other,0,0,0
TXN_FAEC301B8E744FF8,2026-04-05 05:42:40.016910+00:00,ACC_00594,24.42,online_services,0,0,0
TXN_048970AAD59B4A32,2026-04-05 05:45:28.016910+00:00,ACC_00966,17.79,other,0,0,0
TXN_FFB699DCCB30431F,2026-04-05 05:46:44.016910+00:00,ACC_00485,211.59,hotel,0,0,0
TXN_75FCDAA8FAD344F6,2026-04-05 07:08:41.016910+00:00,ACC_00033,142.73,travel,0,0,0
TXN_D66D1DB2C33C413B,2026-04-05 07:09:07.016910+00:00,ACC_00990,10.32,other,0,0,0
TXN_AC95F3AC2FDD405A,2026-04-05 07:15:07.016910+00:00,ACC_00764,45.56,fuel,0,0,0
TXN_97856626A22C473A,2026-04-05 08:11:00.016910+00:00,ACC_00889,55.24,grocery,0,0,0
TXN_65E67BF89FE940E8,2026-04-05 08:23:05.016910+00:00,ACC_00096,26.51,hotel,0,0,0
TXN_40947F18A1F74F48,2026-04-05 08:35:09.016910+00:00,ACC_00619,235.17,travel,0,0,0
TXN_5B314B9448DA495C,2026-04-05 08:38:47.016910+00:00,ACC_00790,15.0,other,0,0,0
TXN_D7BBBA9AD59740C4,2026-04-05 08:43:16.016910+00:00,ACC_00790,13.83,restaurant,0,1,0
TXN_D0BFBE980B5B48BE,2026-04-05 09:32:09.016910+00:00,ACC_00790,13.57,clothing,0,2,0
TXN_C14E7B9429B34C99,2026-04-05 09:52:16.016910+00:00,ACC_00790,25.19,other,0,1,0
TXN_31F3853063BA4991,2026-04-05 09:52:32.016910+00:00,ACC_00790,14.33,gaming,0,2,0
TXN_9847E71E1EE54F37,2026-04-05 09:52:36.016910+00:00,ACC_00790,150.35,other,0,3,0
TXN_619A88C7DA0F4CC0,2026-04-05 10:17:00.016910+00:00,ACC_00561,36.16,online_services,0,0,0
TXN_312E5B1476404E1A,2026-04-05 10:21:26.016910+00:00,ACC_00643,18.48,restaurant,0,0,0
TXN_43F091525D63483C,2026-04-05 11:17:02.016910+00:00,ACC_00937,132.89,gaming,0,0,0
TXN_A7E45E086D8C4FA7,2026-04-05 11:25:00.016910+00:00,ACC_00461,94.23,pharmacy,0,0,0
TXN_66E57458E7C24D56,2026-04-05 11:28:40.016910+00:00,ACC_00594,1714.73,travel,0,0,0
TXN_1EFD2CC98D5F4165,2026-04-05 11:33:56.016910+00:00,ACC_00245,52.2,fuel,0,0,0
TXN_49002427F0224AC2,2026-04-05 11:51:21.016910+00:00,ACC_00549,130.67,jewelry,1,0,0
TXN_3D3AD59DD54244A9,2026-04-05 12:50:05.016910+00:00,ACC_00656,41.5,gaming,0,0,0
TXN_0D4F38243720437B,2026-04-05 13:11:36.016910+00:00,ACC_00547,51.92,travel,0,0,0
TXN_601BD3D6A5AE424F,2026-04-05 13:20:49.016910+00:00,ACC_00399,171.31,hotel,0,0,0
TXN_BE524A03F41C4366,2026-04-05 13:55:02.016910+00:00,ACC_00440,138.66,online_services,0,0,0
TXN_CAE35327781243DA,2026-04-05 13:56:27.016910+00:00,ACC_00440,356.16,travel,0,1,0
TXN_D277E11F787049A3,2026-04-05 14:38:35.016910+00:00,ACC_00440,119.29,electronics,0,2,0
TXN_57363B734AD547F6,2026-04-05 15:15:45.016910+00:00,ACC_00440,4.77,restaurant,0,1,0
TXN_03EAB3F787D6401D,2026-04-05 15:43:32.016910+00:00,ACC_00440,31.34,other,0,1,0
TXN_6B18DA621EC74652,2026-04-05 15:50:38.016910+00:00,ACC_00895,36.27,grocery,0,0,0
TXN_F058BBF562AA4A0D,2026-04-05 16:09:44.016910+00:00,ACC_00777,32.05,electronics,0,0,0
TXN_0F7AB0D09BBE4A14,2026-04-05 16:42:32.016910+00:00,ACC_00785,55.34,jewelry,0,0,0
TXN_4A51301F5CE144D8,2026-04-05 16:59:40.016910+00:00,ACC_00285,461.67,hotel,0,0,0
TXN_540ABDBE8DFD4539,2026-04-05 17:09:02.016910+00:00,ACC_00194,314.16,travel,0,0,0
TXN_E0D5E1C10CFA4C5C,2026-04-05 17:32:08.016910+00:00,ACC_00993,46.19,restaurant,0,0,0
TXN_F6B95CEAE83F4C18,2026-04-05 17:59:04.016910+00:00,ACC_00535,444.9,jewelry,0,0,0
TXN_0ACF731055D94EB0,2026-04-05 18:19:17.016910+00:00,ACC_00360,12.89,fuel,0,0,0
TXN_9D3D0F9DF7544BBA,2026-04-05 18:47:31.016910+00:00,ACC_00360,22.02,clothing,0,1,0
TXN_6C5BCC98120248DF,2026-04-05 18:48:54.016910+00:00,ACC_00360,56.23,gaming,0,2,0
TXN_65CDCDE076474939,2026-04-05 19:55:36.016910+00:00,ACC_00360,68.18,clothing,0,0,0
TXN_F1CF638ABDFC4380,2026-04-05 20:11:34.016910+00:00,ACC_00360,61.02,jewelry,0,1,0
TXN_C73797A6D6EB415A,2026-04-05 21:00:51.016910+00:00,ACC_00360,59.06,clothing,0,1,0
TXN_49A63291B87C4845,2026-04-05 21:29:00.016910+00:00,ACC_00360,42.17,gaming,0,1,0
TXN_97107F01E9F94DBC,2026-04-05 22:38:36.016910+00:00,ACC_00665,137.71,other,0,0,0
TXN_4273CD2D4BAD4FCA,2026-04-05 23:32:21.016910+00:00,ACC_00088,38.06,restaurant,0,0,0
TXN_A66CAC2A86EA4B13,2026-04-06 00:41:03.016910+00:00,ACC_00140,1049.13,jewelry,0,0,0
TXN_5AF9444FDFBA4AA7,2026-04-06 00:45:39.016910+00:00,ACC_00640,23.95,pharmacy,0,0,0
TXN_6004A0A5298D433E,2026-04-06 01:49:16.016910+00:00,ACC_00301,13.64,grocery,0,0,0
TXN_365993C52D914604,2026-04-06 02:00:52.016910+00:00,ACC_00301,254.33,other,0,1,0
TXN_09B94E0961DE41A7,2026-04-06 02:16:35.016910+00:00,ACC_00301,160.11,hotel,0,2,0
TXN_AF763A15661A4425,2026-04-06 02:20:05.016910+00:00,ACC_00301,106.01,hotel,0,3,0
TXN_E63788D9D4994A44,2026-04-06 02:53:49.016910+00:00,ACC_00024,50.55,hotel,0,0,0
TXN_AB060004698C4B97,2026-04-06 03:34:33.016910+00:00,ACC_00024,161.37,jewelry,0,1,0
TXN_421E1669A9E24924,2026-04-06 04:05:46.016910+00:00,ACC_00024,19.22,restaurant,0,1,0
TXN_2DFD1B52EB2A4CE5,2026-04-06 04:22:07.016910+00:00,ACC_00024,9.38,restaurant,0,2,0
TXN_58D37352F3BE46EA,2026-04-06 04:25:27.016910+00:00,ACC_00024,6.67,clothing,0,3,0
TXN_CFCBB26721444F5D,2026-04-06 05:32:45.016910+00:00,ACC_00024,150.49,jewelry,0,0,0
TXN_501875909F014A17,2026-04-06 05:45:47.016910+00:00,ACC_00958,114.15,other,0,0,0
TXN_EF5DBA7B5DC14855,2026-04-06 06:15:11.016910+00:00,ACC_00103,132.95,grocery,0,0,0
TXN_04364D0F7F9D478D,2026-04-06 06:46:54.016910+00:00,ACC_00342,100.41,grocery,0,0,0
TXN_98D2077907B346F9,2026-04-06 07:01:13.016910+00:00,ACC_00005,106.72,grocery,0,0,0
TXN_09287B1264E54B3D,2026-04-06 07:47:02.016910+00:00,ACC_00005,51.76,travel,0,1,0
TXN_36B4503F4C6643BF,2026-04-06 08:16:33.016910+00:00,ACC_00005,64.42,clothing,0,1,0
TXN_AE2F20E94F234B15,2026-04-06 08:31:36.016910+00:00,ACC_00005,74.47,gaming,0,2,0
TXN_A882C20A8EA34614,2026-04-06 08:46:37.016910+00:00,ACC_00005,79.32,online_services,0,3,0
TXN_06AC667E79224A2D,2026-04-06 08:49:54.016910+00:00,ACC_00005,31.14,pharmacy,0,3,0
TXN_22B3720B780F447C,2026-04-06 08:51:52.016910+00:00,ACC_00005,15000.0,travel,1,8,0
TXN_3189C8424682489A,2026-04-06 09:04:10.016910+00:00,ACC_00061,311.97,gaming,0,0,0
TXN_1716F4AB30E94DB4,2026-04-06 09:11:38.016910+00:00,ACC_00353,111.21,gaming,0,0,0
TXN_0C4A54C4254D4F4F,2026-04-06 09:20:31.016910+00:00,ACC_00632,44.9,restaurant,0,0,0
TXN_B0AA099F90CD4DDB,2026-04-06 09:24:35.016910+00:00,ACC_00002,75.15,fuel,0,0,0
TXN_F7045B43BAAD45AD,2026-04-06 09:27:16.016910+00:00,ACC_00591,21.65,pharmacy,0,0,0
TXN_1CD0573EC5E24A3D,2026-04-06 10:45:01.016910+00:00,ACC_00729,101.75,other,0,0,0
TXN_7025C0B4DFB84B5E,2026-04-06 11:29:43.016910+00:00,ACC_00729,56.45,clothing,0,1,0
TXN_5513574A1D94491B,2026-04-06 11:34:01.016910+00:00,ACC_00729,12619.0,travel,0,2,0
TXN_FDF66C08888943D8,2026-04-06 11:47:33.016910+00:00,ACC_00729,29.1,other,0,2,0
TXN_43D0F331E66A49F1,2026-04-06 11:55:08.016910+00:00,ACC_00729,80.31,fuel,0,3,0
TXN_6C8E1D45C39A4739,2026-04-06 12:34:08.016910+00:00,ACC_00680,24.51,pharmacy,0,0,0
TXN_497D319D3F684BD9,2026-04-06 12:47:13.016910+00:00,ACC_00682,69.16,pharmacy,0,0,0
TXN_E7AC377236B2420D,2026-04-06 12:56:35.016910+00:00,ACC_00051,50.42,fuel,0,0,0
TXN_6F6CF0E5B7DF4BED,2026-04-06 13:23:24.016910+00:00,ACC_00062,233.82,jewelry,0,0,0
TXN_2222DD0E83EB4563,2026-04-06 14:06:11.016910+00:00,ACC_00145,85.82,electronics,1,0,0
TXN_9B1CB1D4AF3749F5,2026-04-06 14:34:55.016910+00:00,ACC_00466,31.93,pharmacy,0,0,0
TXN_E2B5EEE832AC4F12,2026-04-06 14:37:29.016910+00:00,ACC_00860,26.39,fuel,0,0,0
TXN_F5A4D364877A4B3B,2026-04-06 14:44:16.016910+00:00,ACC_00137,25.26,pharmacy,0,0,0
TXN_B018F197591C49CF,2026-04-06 15:31:37.016910+00:00,ACC_00137,349.75,jewelry,0,1,0
TXN_97DF1DBB07F84264,2026-04-06 16:10:06.016910+00:00,ACC_00137,23.43,hotel,0,1,0
TXN_F195D3BEF7D94598,2026-04-06 17:26:38.016910+00:00,ACC_00137,68.2,pharmacy,0,0,0
TXN_26556B8992604AAB,2026-04-06 17:27:51.016910+00:00,ACC_00137,57.81,restaurant,0,1,0
TXN_45EAA190A7C04DC6,2026-04-06 17:43:59.016910+00:00,ACC_00290,39.69,clothing,0,0,0
TXN_89FEAD3E497E4CAA,2026-04-06 17:59:02.016910+00:00,ACC_00629,260.43,jewelry,0,0,0
TXN_1699108625494B4C,2026-04-06 18:56:02.016910+00:00,ACC_00004,16.11,grocery,0,0,0
TXN_9AC348F84B254E8C,2026-04-06 18:59:32.016910+00:00,ACC_00582,65.59,online_services,0,0,0
TXN_B02326D06CE04925,2026-04-06 21:09:28.016910+00:00,ACC_00783,25.58,other,0,0,0
TXN_A1E88A5625D94C43,2026-04-06 21:48:24.016910+00:00,ACC_00686,3.37,gaming,0,0,0
TXN_C0E654B1E1814DBF,2026-04-06 22:10:11.016910+00:00,ACC_00640,163.83,clothing,0,0,0
TXN_03F11487DCEE4391,2026-04-06 22:37:44.016910+00:00,ACC_00778,41.76,hotel,0,0,0
TXN_2CEAC902E24546C8,2026-04-06 23:35:23.016910+00:00,ACC_00707,104.31,electronics,0,0,0
TXN_7EBEC3C26D4E43FC,2026-04-06 23:48:38.016910+00:00,ACC_00707,47.25,fuel,0,1,0
TXN_F7BBBECBD6B7400F,2026-04-07 00:03:09.016910+00:00,ACC_00707,348.99,jewelry,0,2,0
TXN_161D7A29821F4761,2026-04-07 00:03:19.016910+00:00,ACC_00707,50.93,clothing,0,3,0
TXN_F6DCE9CD9DCE4DDF,2026-04-07 00:13:04.016910+00:00,ACC_00707,15000.0,travel,1,8,1
TXN_D162B44BC79E4830,2026-04-07 00:27:24.016910+00:00,ACC_00707,21.58,restaurant,0,5,0
TXN_11131A50A069491F,2026-04-07 00:29:36.016910+00:00,ACC_00707,33.79,travel,0,6,0
TXN_FA15851E6C7646D9,2026-04-07 00:29:59.016910+00:00,ACC_00707,49.11,clothing,0,7,1
TXN_0C7450BFAD0F45BD,2026-04-07 01:00:47.016910+00:00,ACC_00674,3124.54,other,0,0,0
TXN_0944268EAF824F38,2026-04-07 01:24:01.016910+00:00,ACC_00422,10.99,restaurant,0,0,0
TXN_265863A74AE84B7E,2026-04-07 01:39:27.016910+00:00,ACC_00285,136.33,hotel,0,0,0
TXN_4218CD5EC03D4947,2026-04-07 02:31:51.016910+00:00,ACC_00285,327.6,other,0,1,0
TXN_281DAFBB9B034A10,2026-04-07 02:43:43.016910+00:00,ACC_00285,128.23,travel,0,1,0
TXN_87BC1F0C40E04C7E,2026-04-07 03:01:05.016910+00:00,ACC_00285,37.65,grocery,0,2,0
TXN_0A1B2F5EC09040CA,2026-04-07 03:01:44.016910+00:00,ACC_00285,25.25,electronics,0,3,0
TXN_18C59FFA8F3D4405,2026-04-07 03:10:49.016910+00:00,ACC_00285,15.87,gaming,0,4,0
TXN_681E5ADC3FFD4E76,2026-04-07 03:37:40.016910+00:00,ACC_00210,64.57,travel,0,0,0
TXN_4B69DDBCE9AE4564,2026-04-07 04:50:00.016910+00:00,ACC_00854,76.61,online_services,0,0,0
TXN_BE63D2309A194353,2026-04-07 05:39:18.016910+00:00,ACC_00180,16.31,fuel,0,0,0
TXN_7D2C5068A40D4D3A,2026-04-07 06:16:59.016910+00:00,ACC_00158,6.59,fuel,0,0,0
TXN_19683404C3F84DCD,2026-04-07 07:20:15.016910+00:00,ACC_00533,48.21,pharmacy,0,0,0
TXN_D5388505B1FB4585,2026-04-07 07:21:39.016910+00:00,ACC_00985,55.87,hotel,0,0,0
TXN_4BC057975B6146E9,2026-04-07 07:33:37.016910+00:00,ACC_00546,11.73,clothing,0,0,0
TXN_97412EDD7BA24779,2026-04-07 08:30:08.016910+00:00,ACC_00814,215.87,hotel,0,0,0
TXN_68139F4FDA384294,2026-04-07 09:03:42.016910+00:00,ACC_00791,34.94,clothing,0,0,0
TXN_8E0F299CAE4C41F9,2026-04-07 09:08:11.016910+00:00,ACC_00950,43.95,restaurant,0,0,0
TXN_E8D2DE3D026A4E07,2026-04-07 09:11:33.016910+00:00,ACC_00950,12.67,other,0,1,0
TXN_947D91435E2741FB,2026-04-07 09:18:31.016910+00:00,ACC_00950,5.47,online_services,0,2,0
TXN_AF3DF4B9D4D048EA,2026-04-07 10:22:39.016910+00:00,ACC_00950,124.39,electronics,0,0,0
TXN_44B0B276616049AD,2026-04-07 10:43:35.016910+00:00,ACC_00950,38.47,electronics,0,1,0
TXN_86FF5B8989A34A77,2026-04-07 10:48:23.016910+00:00,ACC_00950,245.43,jewelry,0,2,0
TXN_CE1E8B899B864726,2026-04-07 11:00:21.016910+00:00,ACC_00950,125.24,hotel,0,3,0
TXN_9EDC5958C630427D,2026-04-07 11:39:31.016910+00:00,ACC_00950,221.68,jewelry,0,3,0
TXN_345DDCE2D2874575,2026-04-07 12:03:51.016910+00:00,ACC_00871,302.35,electronics,0,0,0
TXN_405DA9CB61444CB7,2026-04-07 12:45:31.016910+00:00,ACC_00531,637.73,online_services,0,0,0
TXN_1DC0C094F1A94744,2026-04-07 13:34:54.016910+00:00,ACC_00756,63.18,online_services,0,0,0
TXN_B315CBA7B4FD4E89,2026-04-07 13:43:36.016910+00:00,ACC_00031,229.05,grocery,0,0,0
TXN_5389B78897314B7A,2026-04-07 13:52:02.016910+00:00,ACC_00031,11.97,other,0,1,0
TXN_9FF1D15CAF9B4F21,2026-04-07 14:43:25.016910+00:00,ACC_00031,23.87,pharmacy,0,2,0
TXN_DBDADE5D861A4A46,2026-04-07 14:50:57.016910+00:00,ACC_00031,8.16,restaurant,0,2,0
TXN_96718A6963C647E5,2026-04-07 15:33:56.016910+00:00,ACC_00059,29.62,other,1,0,0
TXN_BED92248A533469E,2026-04-07 15:48:26.016910+00:00,ACC_00321,21.0,restaurant,0,0,0
TXN_7B0324586DB240B1,2026-04-07 16:20:29.016910+00:00,ACC_00300,180.79,restaurant,0,0,0
TXN_B01EF0F8DC604E81,2026-04-07 16:27:18.016910+00:00,ACC_00553,46.76,online_services,0,0,0
TXN_C5343B6820814F8C,2026-04-07 16:29:07.016910+00:00,ACC_00845,629.13,jewelry,0,0,0
TXN_B9CDA990C0A04F3F,2026-04-07 16:34:26.016910+00:00,ACC_00042,29.49,online_services,0,0,0
TXN_CE1BE17D408F474F,2026-04-07 17:23:18.016910+00:00,ACC_00268,15000.0,travel,1,7,0
TXN_EC79A82D5A074EF3,2026-04-07 17:56:03.016910+00:00,ACC_00415,6.12,restaurant,0,0,0
TXN_19B88864734D40C7,2026-04-07 17:58:25.016910+00:00,ACC_00234,695.27,hotel,0,0,0
TXN_6FD8E23FF561411A,2026-04-07 18:20:55.016910+00:00,ACC_00804,220.53,other,0,0,0
TXN_3F9C1F9C23B144FC,2026-04-07 20:29:31.016910+00:00,ACC_00055,61.96,clothing,0,0,0
TXN_61D9C78A2D524CCD,2026-04-07 20:31:41.016910+00:00,ACC_00633,31.01,grocery,0,0,0
TXN_2D56CD87B1D24962,2026-04-07 21:17:19.016910+00:00,ACC_00877,121.17,electronics,0,0,0
TXN_92675A3E1CC94666,2026-04-07 21:17:34.016910+00:00,ACC_00951,11.04,fuel,0,0,0
TXN_96036EFDB1D14EBC,2026-04-07 21:26:40.016910+00:00,ACC_00938,61.41,grocery,0,0,0
TXN_6E50505EFE6144D3,2026-04-07 21:43:04.016910+00:00,ACC_00660,160.54,online_services,0,0,0
TXN_155EAA3BDE8A482F,2026-04-07 22:01:30.016910+00:00,ACC_00388,190.95,clothing,0,0,0
TXN_1B08F0CC18F24A3F,2026-04-07 22:35:56.016910+00:00,ACC_00159,25.34,electronics,0,0,0
TXN_0EC1D70838C445A1,2026-04-07 23:32:42.016910+00:00,ACC_00175,93.43,pharmacy,0,0,0
TXN_A870C618CC554558,2026-04-07 23:45:01.016910+00:00,ACC_00163,15.86,other,0,0,0
TXN_5C1F73CD2B0D4448,2026-04-07 23:47:11.016910+00:00,ACC_00163,5.05,fuel,0,1,0
TXN_1D747D0BF87D45BF,2026-04-08 00:13:55.016910+00:00,ACC_00163,81.06,restaurant,0,2,0
TXN_1C2721686A6745A3,2026-04-08 00:30:23.016910+00:00,ACC_00163,20.54,pharmacy,0,3,0
TXN_08005441B88D48B2,2026-04-08 01:23:43.016910+00:00,ACC_00163,347.11,travel,0,1,0
TXN_BDF25026A6DA43D5,2026-04-08 01:40:32.016910+00:00,ACC_00163,113.59,clothing,0,1,0
TXN_28C97D0A969042A8,2026-04-08 02:14:35.016910+00:00,ACC_00163,220.69,electronics,0,2,0
TXN_A2722D5DA6FA41DD,2026-04-08 03:21:47.016910+00:00,ACC_00024,47.91,online_services,0,0,0
TXN_8BD57955BDC84248,2026-04-08 03:32:47.016910+00:00,ACC_00298,69.54,jewelry,0,0,0
TXN_4C63C73F1EA848DE,2026-04-08 03:42:02.016910+00:00,ACC_00749,168.29,jewelry,0,0,0
TXN_B5DD2A8C8C3F4A70,2026-04-08 04:30:03.016910+00:00,ACC_00749,540.45,travel,0,1,0
TXN_1027B313683948E7,2026-04-08 05:46:19.016910+00:00,ACC_00749,142.68,other,0,0,0
TXN_8825DAAC98D84448,2026-04-08 05:47:25.016910+00:00,ACC_00749,26.49,pharmacy,0,1,0
TXN_486BC5E343854B24,2026-04-08 05:59:15.016910+00:00,ACC_00749,39.28,clothing,0,2,0
TXN_CA81820AD6B344D9,2026-04-08 06:44:23.016910+00:00,ACC_00364,402.49,jewelry,0,0,0
TXN_15BB8A32F8A74274,2026-04-08 07:18:38.016910+00:00,ACC_00405,128.24,electronics,0,0,0
TXN_97DC49F83C5740C8,2026-04-08 07:26:23.016910+00:00,ACC_00466,46.3,other,0,0,0
TXN_90FF88D3832B4C09,2026-04-08 07:29:30.016910+00:00,ACC_01000,73.9,gaming,0,0,0
TXN_5C4958420A0A43EA,2026-04-08 08:25:04.016910+00:00,ACC_00138,178.69,hotel,0,0,0
TXN_F6FAFCDA3805414F,2026-04-08 08:30:54.016910+00:00,ACC_00036,15.18,restaurant,0,0,0
TXN_1BC4FFA3EB964237,2026-04-08 09:16:15.016910+00:00,ACC_00777,54.03,fuel,0,0,0
TXN_429A678FDB274D9A,2026-04-08 09:49:47.016910+00:00,ACC_00798,336.22,jewelry,1,0,0
TXN_1F2C9929AAFD4A35,2026-04-08 10:20:18.016910+00:00,ACC_00028,38.96,grocery,0,0,0
TXN_DD7D565C97F14227,2026-04-08 10:53:06.016910+00:00,ACC_00563,22.05,gaming,1,0,0
TXN_E711746E130F4734,2026-04-08 11:24:53.016910+00:00,ACC_00484,32.71,online_services,0,0,0
TXN_6DDDD3A18836446E,2026-04-08 11:27:23.016910+00:00,ACC_00123,16.06,fuel,0,0,0
TXN_21A16D645A7249F7,2026-04-08 13:18:36.016910+00:00,ACC_00402,158.53,hotel,0,0,0
TXN_FA6405A78C8D4BB3,2026-04-08 13:52:30.016910+00:00,ACC_00073,50.92,jewelry,0,0,0
TXN_FF09962B1F244DAF,2026-04-08 13:56:26.016910+00:00,ACC_00300,169.66,fuel,0,0,0
TXN_1DB3D3C4B0B84401,2026-04-08 14:15:04.016910+00:00,ACC_00143,133.26,fuel,0,0,0
TXN_4E68D076E79143A8,2026-04-08 15:21:33.016910+00:00,ACC_00221,344.23,jewelry,0,0,0
TXN_DAA7B6732E32447B,2026-04-08 15:56:45.016910+00:00,ACC_00346,67.01,restaurant,0,0,0
TXN_DA967783924945ED,2026-04-08 16:00:09.016910+00:00,ACC_00749,499.48,jewelry,0,0,0
TXN_03E5AAEB55D7438C,2026-04-08 17:39:55.016910+00:00,ACC_00376,130.15,hotel,0,0,0
TXN_7C9364396BB54168,2026-04-08 17:39:56.016910+00:00,ACC_00990,33.26,grocery,0,0,0
TXN_68B7CB24E6484E08,2026-04-08 17:40:45.016910+00:00,ACC_00437,29.89,grocery,0,0,0
TXN_E9100F9A4EC24379,2026-04-08 17:46:49.016910+00:00,ACC_00057,227.51,clothing,0,0,0
TXN_3214970C29F542C1,2026-04-08 18:21:21.016910+00:00,ACC_00838,18.69,grocery,0,0,0
TXN_BCC79E61583B4B70,2026-04-08 19:00:40.016910+00:00,ACC_00963,13.58,restaurant,0,0,0
TXN_AB917A03640F4BEC,2026-04-08 19:05:35.016910+00:00,ACC_00349,102.8,fuel,0,0,0
TXN_97E36F9892AE4E8A,2026-04-08 19:43:02.016910+00:00,ACC_00498,106.13,online_services,0,0,0
TXN_E3BED133551C4BFD,2026-04-08 19:51:35.016910+00:00,ACC_00637,179.95,jewelry,0,0,0
TXN_233BEBD578764668,2026-04-08 20:07:18.016910+00:00,ACC_00119,9224.53,jewelry,0,0,0
TXN_1A34BDB12A9C4902,2026-04-08 20:11:45.016910+00:00,ACC_00306,65.26,pharmacy,0,0,0
TXN_05E4BAC7F16A42D0,2026-04-08 20:19:52.016910+00:00,ACC_00418,10.01,pharmacy,0,0,0
TXN_A1DDDF0850104201,2026-04-08 20:34:33.016910+00:00,ACC_00418,122.57,pharmacy,0,1,0
TXN_DC701DA75BFB42C4,2026-04-08 20:50:33.016910+00:00,ACC_00418,76.11,grocery,0,2,0
TXN_3539F91A1B1D4C24,2026-04-08 21:22:55.016910+00:00,ACC_00418,43.83,restaurant,0,2,0
TXN_A5F6EA5006C2462C,2026-04-08 21:30:59.016910+00:00,ACC_00418,76.71,grocery,0,3,0
TXN_131E73D3CF38469E,2026-04-08 21:42:54.016910+00:00,ACC_00827,62.13,gaming,0,0,0
TXN_91AC8C228E034F75,2026-04-08 21:55:47.016910+00:00,ACC_00786,36.89,fuel,0,0,0
TXN_746BF1A1C8EE4735,2026-04-08 22:04:07.016910+00:00,ACC_00658,7.25,gaming,0,0,0
TXN_1C2FF79A23BB4CC0,2026-04-08 22:13:52.016910+00:00,ACC_00875,262.53,jewelry,0,0,0
TXN_6F80699E0F8745F5,2026-04-08 22:25:40.016910+00:00,ACC_00394,12.35,gaming,0,0,0
TXN_3B8B6416EBDA4F6B,2026-04-08 22:35:18.016910+00:00,ACC_00022,968.2,travel,0,0,0
TXN_020154B4B14246FC,2026-04-08 23:07:00.016910+00:00,ACC_00977,46.68,clothing,0,0,0
TXN_CA79D51B27D74B76,2026-04-08 23:25:50.016910+00:00,ACC_00229,758.39,electronics,0,0,0
TXN_1BF726E7486745E5,2026-04-08 23:32:48.016910+00:00,ACC_00984,46.7,fuel,1,0,0
TXN_92856A22AA444D98,2026-04-09 00:06:43.016910+00:00,ACC_00408,26.17,online_services,0,0,0
TXN_12BE293B9A11426C,2026-04-09 00:53:03.016910+00:00,ACC_00453,178.03,clothing,0,0,0
TXN_3759C8560190486A,2026-04-09 01:21:31.016910+00:00,ACC_00533,168.38,hotel,0,0,0
TXN_228ECE9CBE414EBB,2026-04-09 01:38:45.016910+00:00,ACC_00250,2348.96,jewelry,0,0,0
TXN_76DB7EE0DBA04A30,2026-04-09 02:01:38.016910+00:00,ACC_00857,79.92,travel,0,0,0
TXN_BFA1CD067DBF4379,2026-04-09 02:22:58.016910+00:00,ACC_00909,414.37,electronics,0,0,0
TXN_168E60FAEF7644A3,2026-04-09 02:29:52.016910+00:00,ACC_00031,1093.78,electronics,0,0,0
TXN_95E809AB2BAF4E6A,2026-04-09 03:10:03.016910+00:00,ACC_00151,549.43,travel,0,0,0
TXN_50890F513A3C4337,2026-04-09 04:13:55.016910+00:00,ACC_00353,59.14,restaurant,0,0,0
TXN_89E62E1870EA498F,2026-04-09 04:22:20.016910+00:00,ACC_00829,133.11,pharmacy,0,0,0
TXN_9B947DA22BF04D4D,2026-04-09 04:23:21.016910+00:00,ACC_00827,42.4,gaming,0,0,0
TXN_2C1D3B991BD34678,2026-04-09 04:46:45.016910+00:00,ACC_00864,66.45,travel,0,0,0
TXN_4F6016FD126B46BB,2026-04-09 05:59:53.016910+00:00,ACC_00792,141.65,jewelry,0,0,0
TXN_E873A4238E0348B4,2026-04-09 06:26:18.016910+00:00,ACC_00853,49.92,online_services,1,0,0
TXN_FB0E65BAE5E94473,2026-04-09 07:15:32.016910+00:00,ACC_00445,87.3,fuel,0,0,0
TXN_149386A04E5641AC,2026-04-09 07:18:27.016910+00:00,ACC_00782,25.42,clothing,0,0,0
TXN_419C49203DC040B0,2026-04-09 08:19:11.016910+00:00,ACC_00343,29.92,grocery,0,0,0
TXN_9EACDC69D3AC4A87,2026-04-09 08:24:27.016910+00:00,ACC_00627,15.15,restaurant,0,0,0
TXN_5FB7C0B5827A4D95,2026-04-09 08:47:09.016910+00:00,ACC_00330,298.85,electronics,0,0,0
TXN_5E56397F02184279,2026-04-09 09:42:03.016910+00:00,ACC_00330,300.42,online_services,0,1,0
TXN_BAA95B071B7A402E,2026-04-09 10:25:44.016910+00:00,ACC_00330,45.64,hotel,0,1,0
TXN_BEF240AFBDDB4BEC,2026-04-09 10:40:02.016910+00:00,ACC_00330,80.11,online_services,0,2,0
TXN_9689B802F71C4D9F,2026-04-09 11:13:11.016910+00:00,ACC_00330,119.31,grocery,0,2,0
TXN_B79473D9BE3A4C9C,2026-04-09 12:13:09.016910+00:00,ACC_00330,34.12,fuel,0,1,0
TXN_228B777062F842CF,2026-04-09 13:06:57.016910+00:00,ACC_00330,32.27,electronics,0,1,0
TXN_0F103D890AD94FA3,2026-04-09 13:07:01.016910+00:00,ACC_00894,117.46,pharmacy,0,0,0
TXN_EB60626F281246DA,2026-04-09 13:22:15.016910+00:00,ACC_00165,12.25,gaming,0,0,0
TXN_629FFFE5A72E44EB,2026-04-09 13:33:47.016910+00:00,ACC_00960,1069.73,jewelry,0,0,0
TXN_BFA04486EBBB48EB,2026-04-09 13:56:32.016910+00:00,ACC_00465,59.47,electronics,0,0,0
TXN_6D506D32EC3A4428,2026-04-09 14:27:54.016910+00:00,ACC_00176,9.46,fuel,0,0,0
TXN_DEFB8B008DFE44AB,2026-04-09 14:36:28.016910+00:00,ACC_00011,75.72,electronics,0,0,0
TXN_88B7E0EE44A34AD7,2026-04-09 14:51:14.016910+00:00,ACC_00389,51.99,clothing,0,0,0
TXN_1A957CD6ECCF4FF5,2026-04-09 16:19:29.016910+00:00,ACC_00389,56.15,online_services,0,0,0
TXN_E69EBAFD0C0447C4,2026-04-09 16:19:41.016910+00:00,ACC_00389,54.45,restaurant,0,1,0
TXN_AFF210E67C234015,2026-04-09 16:40:17.016910+00:00,ACC_00389,306.18,jewelry,0,2,0
TXN_1232E9BDF7B843FB,2026-04-09 17:10:39.016910+00:00,ACC_00389,678.68,electronics,0,3,0
TXN_6684E0D3FCF147EB,2026-04-09 18:49:30.016910+00:00,ACC_00389,38.66,fuel,0,0,0
TXN_2D9C3B7884A0461E,2026-04-09 18:59:40.016910+00:00,ACC_00389,56.43,fuel,0,1,0
TXN_65816DBEAF994E00,2026-04-09 19:27:33.016910+00:00,ACC_00210,37.08,restaurant,0,0,0
TXN_9FFA84AF3F3C4799,2026-04-09 20:58:52.016910+00:00,ACC_00927,9.79,online_services,0,0,0
TXN_847FA9BB8C42456B,2026-04-09 21:00:56.016910+00:00,ACC_00015,11.6,pharmacy,0,0,0
TXN_4E043058F30A4CAC,2026-04-09 21:12:38.016910+00:00,ACC_00550,31.32,restaurant,0,0,0
TXN_CF1EE57D33D243CC,2026-04-09 22:30:31.016910+00:00,ACC_00430,362.85,jewelry,0,0,0
TXN_E800E7BE6FA4478A,2026-04-09 22:39:18.016910+00:00,ACC_00704,7.89,clothing,0,0,0
TXN_97DE9D7624024752,2026-04-09 23:06:33.016910+00:00,ACC_00843,179.29,restaurant,0,0,0
TXN_17F2551ED84B4AFC,2026-04-09 23:38:24.016910+00:00,ACC_00327,196.52,hotel,0,0,0
TXN_4D47274218534D2B,2026-04-09 23:48:43.016910+00:00,ACC_00024,59.32,other,0,0,0
TXN_019C982373DA462F,2026-04-10 00:08:47.016910+00:00,ACC_00698,46.88,restaurant,0,0,0
TXN_4883FFE85DBE41FB,2026-04-10 00:15:22.016910+00:00,ACC_00961,25.15,fuel,0,0,0
TXN_B506FBF3C2B94A74,2026-04-10 01:06:32.016910+00:00,ACC_00016,49.65,grocery,0,0,0
TXN_72D2CD495B06412F,2026-04-10 01:33:38.016910+00:00,ACC_00176,49.53,pharmacy,0,0,0
TXN_E22EE17ED85F40C0,2026-04-10 01:38:44.016910+00:00,ACC_00403,119.01,pharmacy,0,0,0
TXN_9F1B48C333F24F1A,2026-04-10 01:48:17.016910+00:00,ACC_00459,30.42,pharmacy,0,0,0
TXN_86555EEB59B149AD,2026-04-10 02:37:18.016910+00:00,ACC_00536,31.32,electronics,0,0,0
TXN_34EDFD46377E40E7,2026-04-10 02:47:48.016910+00:00,ACC_00408,20.78,gaming,0,0,0
TXN_D83B5231BC744BAE,2026-04-10 03:02:10.016910+00:00,ACC_00699,32.89,fuel,0,0,0
TXN_78CD07346C4A48E6,2026-04-10 03:44:28.016910+00:00,ACC_00889,34.3,electronics,0,0,0
TXN_C43D22E3DCBC49E0,2026-04-10 04:01:44.016910+00:00,ACC_00889,16.51,grocery,0,1,0
TXN_3CF0BB224FE74CD3,2026-04-10 04:08:49.016910+00:00,ACC_00889,104.74,jewelry,0,2,0
TXN_A444D2D6F6464279,2026-04-10 04:24:58.016910+00:00,ACC_00889,110.29,travel,0,3,0
TXN_00EC6DA0AC434BC7,2026-04-10 04:40:15.016910+00:00,ACC_00889,77.58,gaming,0,4,0
TXN_3FAA1819859141DE,2026-04-10 04:45:16.016910+00:00,ACC_00645,105.56,travel,0,0,0
TXN_8875C3A3BA834201,2026-04-10 05:47:42.016910+00:00,ACC_00645,72.63,grocery,0,0,0
TXN_CED58FAF5B5541D3,2026-04-10 06:18:55.016910+00:00,ACC_00645,118.75,electronics,0,1,0
TXN_A273802D47F84FB0,2026-04-10 06:31:06.016910+00:00,ACC_00645,19.42,online_services,0,2,0
TXN_9E6879A1448546CA,2026-04-10 07:28:59.016910+00:00,ACC_00027,67.15,online_services,0,0,0
TXN_E2776BC8F4FC4AF6,2026-04-10 07:41:15.016910+00:00,ACC_00066,43.09,pharmacy,0,0,0
TXN_E8CD8B11D0A4435D,2026-04-10 07:52:55.016910+00:00,ACC_00394,85.27,gaming,0,0,0
TXN_0E3F235EE3894376,2026-04-10 07:55:45.016910+00:00,ACC_00866,261.42,electronics,0,0,0
TXN_29A4EFD3FD22427F,2026-04-10 08:13:54.016910+00:00,ACC_00768,410.81,hotel,1,0,0
TXN_EB57BB5F87194F05,2026-04-10 08:38:29.016910+00:00,ACC_00768,60.18,pharmacy,0,1,0
TXN_6586E0642C2D4BA9,2026-04-10 09:06:03.016910+00:00,ACC_00768,48.68,grocery,0,2,0
TXN_6C2BEBE3370742F9,2026-04-10 09:31:57.016910+00:00,ACC_00768,74.96,fuel,0,2,0
TXN_0178ACB95381439A,2026-04-10 10:05:26.016910+00:00,ACC_00768,30.82,gaming,0,2,0
TXN_7EFB633C97CF450E,2026-04-10 10:11:36.016910+00:00,ACC_00768,143.99,jewelry,0,2,0
TXN_4C0A46BB920C4043,2026-04-10 10:19:59.016910+00:00,ACC_00768,596.36,travel,0,3,0
TXN_4AE809487A16455B,2026-04-10 10:26:48.016910+00:00,ACC_00768,28.05,gaming,0,4,0
TXN_543710828E0D4BD7,2026-04-10 10:39:07.016910+00:00,ACC_00627,16.07,pharmacy,0,0,0
TXN_63BFD009675449F6,2026-04-10 11:16:39.016910+00:00,ACC_00758,250.6,travel,0,0,0
TXN_560928CAB9E44B6D,2026-04-10 11:17:41.016910+00:00,ACC_00964,31.06,gaming,0,0,0
TXN_17B888E9826041DA,2026-04-10 11:40:12.016910+00:00,ACC_00082,258.65,hotel,0,0,0
TXN_978076133E274D7C,2026-04-10 11:42:21.016910+00:00,ACC_00955,377.99,hotel,0,0,0
TXN_378FF6AA448B4986,2026-04-10 11:53:33.016910+00:00,ACC_00969,30.18,other,0,0,0
TXN_3048845709284380,2026-04-10 12:20:16.016910+00:00,ACC_00379,56.49,restaurant,0,0,0
TXN_EF068D413458439E,2026-04-10 12:37:33.016910+00:00,ACC_00379,20.59,pharmacy,0,1,0
TXN_3FEEC322765344EA,2026-04-10 12:57:47.016910+00:00,ACC_00379,191.72,jewelry,0,2,0
TXN_338DAEE8F2354BCD,2026-04-10 13:02:29.016910+00:00,ACC_00379,48.12,pharmacy,0,3,0
TXN_32CF10AD3FF147FE,2026-04-10 13:16:09.016910+00:00,ACC_00379,12223.53,travel,0,2,0
TXN_3482937370D2439B,2026-04-10 13:37:13.016910+00:00,ACC_00379,58.68,online_services,0,4,0
TXN_C68FEA9BFEC64982,2026-04-10 13:42:25.016910+00:00,ACC_00379,51.7,other,0,4,0
TXN_986F4BE1AD564800,2026-04-10 14:10:04.016910+00:00,ACC_00379,66.2,restaurant,0,3,0
TXN_B062D401AEE7493C,2026-04-10 14:37:22.016910+00:00,ACC_00334,66.38,restaurant,0,0,0
TXN_A9B8EC44F00C477F,2026-04-10 15:09:33.016910+00:00,ACC_00747,28.98,gaming,0,0,0
TXN_7836147F65BC40FB,2026-04-10 15:30:09.016910+00:00,ACC_00867,41.0,restaurant,0,0,0
TXN_16B780C0D92C4188,2026-04-10 16:12:02.016910+00:00,ACC_00047,387.44,travel,0,0,0
TXN_4975432758BF4C8F,2026-04-10 17:31:18.016910+00:00,ACC_00047,11.62,restaurant,0,0,0
TXN_ECCEE668D25B459E,2026-04-10 17:34:23.016910+00:00,ACC_00047,102.81,hotel,0,1,0
TXN_C3C388ECFC1D4BA3,2026-04-10 18:31:58.016910+00:00,ACC_00047,39.27,restaurant,0,1,0
TXN_64D7C74F018E4597,2026-04-10 18:44:32.016910+00:00,ACC_00047,17.92,gaming,0,1,0
TXN_F0807059EE0846CD,2026-04-10 19:31:21.016910+00:00,ACC_00047,778.41,travel,0,2,0
TXN_10CAA6BEA5BA4FC1,2026-04-10 19:42:59.016910+00:00,ACC_00047,160.89,jewelry,0,2,0
TXN_98C5899F7EDC465D,2026-04-10 20:01:58.016910+00:00,ACC_00047,597.44,electronics,0,2,0
TXN_31D3F153F35045D0,2026-04-10 20:17:43.016910+00:00,ACC_00795,24.47,grocery,0,0,0
TXN_44943F08FB1947E5,2026-04-10 21:18:21.016910+00:00,ACC_00426,30.82,online_services,0,0,0
TXN_8A485D0927174F82,2026-04-10 21:19:10.016910+00:00,ACC_00142,27.04,hotel,0,0,0
TXN_F5847189FC074F25,2026-04-10 21:20:12.016910+00:00,ACC_00287,198.26,hotel,0,0,0
TXN_88A9BCFB53874794,2026-04-10 21:29:42.016910+00:00,ACC_00888,20.18,other,0,0,0
TXN_317DC4536A4346C4,2026-04-10 22:04:19.016910+00:00,ACC_00312,26.23,restaurant,0,0,0
TXN_3CAC61DAA11A4C5E,2026-04-10 22:19:18.016910+00:00,ACC_00341,18.9,grocery,0,0,0
TXN_02F61166FA5C447C,2026-04-10 22:39:10.016910+00:00,ACC_00341,65.89,clothing,0,1,0
TXN_0919843E15FD4FCB,2026-04-10 23:08:22.016910+00:00,ACC_00341,4.09,clothing,0,2,0
TXN_0B4C968CBBFF4AC0,2026-04-10 23:41:01.016910+00:00,ACC_00341,31.99,restaurant,0,1,0
TXN_B16AF19ECBF149B1,2026-04-10 23:58:32.016910+00:00,ACC_00006,64.55,online_services,0,0,0
TXN_28EBA38C6DC34784,2026-04-11 00:17:43.016910+00:00,ACC_00569,24.7,pharmacy,0,0,0
TXN_3850CE7E1AD14F78,2026-04-11 01:10:11.016910+00:00,ACC_00538,30.49,fuel,0,0,0
TXN_29DBBC891791499C,2026-04-11 02:04:22.016910+00:00,ACC_00512,36.77,other,0,0,0
TXN_DD24C04A8C6A4517,2026-04-11 02:13:10.016910+00:00,ACC_00653,51.81,other,0,0,0
TXN_5D1E603006A241D4,2026-04-11 02:16:33.016910+00:00,ACC_00007,968.71,jewelry,0,0,0
TXN_04F73F57CB294E34,2026-04-11 02:59:21.016910+00:00,ACC_00295,68.38,restaurant,0,0,0
TXN_70C502E4A5BE4F88,2026-04-11 03:21:57.016910+00:00,ACC_00557,25.88,restaurant,0,0,0
TXN_B13C5F7E97AF494E,2026-04-11 03:47:44.016910+00:00,ACC_00205,458.97,pharmacy,0,0,0
TXN_0A6B3BB1F4D94DA2,2026-04-11 04:03:06.016910+00:00,ACC_00009,495.3,jewelry,0,0,0
TXN_670D394B3D674EED,2026-04-11 04:06:24.016910+00:00,ACC_00735,137.55,hotel,0,0,0
TXN_0F1E378869CF409F,2026-04-11 04:11:48.016910+00:00,ACC_00532,13.16,pharmacy,0,0,0
TXN_D40873DC198541B1,2026-04-11 04:29:26.016910+00:00,ACC_00492,116.13,travel,0,0,0
TXN_1A32039BE1CC4C44,2026-04-11 04:35:36.016910+00:00,ACC_00496,428.39,electronics,0,0,0
TXN_896DE1A492DA4F4D,2026-04-11 05:07:07.016910+00:00,ACC_00634,66.68,fuel,0,0,0
TXN_1B0C5B407C5342DF,2026-04-11 05:20:57.016910+00:00,ACC_00634,28.44,fuel,0,1,0
TXN_2064CB3AAEC44D0A,2026-04-11 05:54:58.016910+00:00,ACC_00634,7.39,restaurant,0,2,0
TXN_FC94BBE5F1954CBF,2026-04-11 06:03:29.016910+00:00,ACC_00634,65.58,clothing,0,3,0
TXN_79FFAF822BAB4111,2026-04-11 06:16:38.016910+00:00,ACC_00634,47.75,gaming,0,3,0
TXN_844A0392F9AE4D2F,2026-04-11 06:19:29.016910+00:00,ACC_00634,35.21,grocery,0,4,0
TXN_E1D175A08A9C4DD0,2026-04-11 06:24:27.016910+00:00,ACC_00634,100.21,gaming,0,4,0
TXN_25C415CC6BC746C9,2026-04-11 06:35:48.016910+00:00,ACC_00176,96.44,other,0,0,0
TXN_12AF89A272A4465C,2026-04-11 08:16:03.016910+00:00,ACC_00078,13.68,clothing,0,0,0
TXN_AFB8F69B7BB8406A,2026-04-11 08:23:19.016910+00:00,ACC_00333,60.0,other,0,0,0
TXN_242314A963AD4C1A,2026-04-11 08:28:29.016910+00:00,ACC_00554,73.84,jewelry,0,0,0
TXN_EBDF28A3A7124D9C,2026-04-11 08:49:00.016910+00:00,ACC_00743,37.32,other,0,0,0
TXN_BEF845D8FB3541F8,2026-04-11 08:54:02.016910+00:00,ACC_00403,12.14,grocery,0,0,0
TXN_3BE8E164C3E54A70,2026-04-11 08:56:40.016910+00:00,ACC_00831,14.29,online_services,0,0,0
TXN_10044AED3A594570,2026-04-11 08:59:37.016910+00:00,ACC_00458,8.62,gaming,0,0,0
TXN_7CFB98FB2CC94828,2026-04-11 09:14:45.016910+00:00,ACC_00072,163.53,hotel,0,0,0
TXN_0D5A68E944174221,2026-04-11 09:20:06.016910+00:00,ACC_00540,74.19,other,0,0,0
TXN_C90E50CACB8047EE,2026-04-11 09:30:28.016910+00:00,ACC_00335,223.7,jewelry,0,0,0
TXN_AD21E3C1D1224262,2026-04-11 10:33:29.016910+00:00,ACC_00029,17.26,restaurant,0,0,0
TXN_DA3CAA9520BA4328,2026-04-11 10:59:44.016910+00:00,ACC_00744,65.29,jewelry,0,0,0
TXN_8D9B389643D648F0,2026-04-11 11:10:51.016910+00:00,ACC_00780,29.98,gaming,0,0,0
TXN_7E7342A973E043DF,2026-04-11 11:16:19.016910+00:00,ACC_00516,59.61,gaming,0,0,0
TXN_59E52555C5974B22,2026-04-11 11:27:37.016910+00:00,ACC_00740,145.77,hotel,0,0,0
TXN_D2C8FA7266A54E22,2026-04-11 12:07:59.016910+00:00,ACC_00548,146.49,grocery,0,0,0
TXN_574447CC2CA44C45,2026-04-11 12:34:36.016910+00:00,ACC_00834,160.13,clothing,0,0,0
TXN_C013EB2945D84DE2,2026-04-11 13:06:14.016910+00:00,ACC_00398,46.41,gaming,0,0,0
TXN_B472AB98912D4E39,2026-04-11 13:16:31.016910+00:00,ACC_00069,74.26,electronics,0,0,0
TXN_607549933013447F,2026-04-11 13:17:14.016910+00:00,ACC_00951,19.32,grocery,0,0,0
TXN_D81108FD13454CF8,2026-04-11 14:37:35.016910+00:00,ACC_00950,11.49,gaming,0,0,0
TXN_2D9488F39DD34C4C,2026-04-11 15:12:27.016910+00:00,ACC_00204,12.1,pharmacy,0,0,0
TXN_AAED1BED7A9C4A26,2026-04-11 15:39:42.016910+00:00,ACC_00844,8.43,grocery,0,0,0
TXN_B582DCA2B40B4D42,2026-04-11 15:53:00.016910+00:00,ACC_00704,150.74,restaurant,0,0,0
TXN_8AFABA283A644343,2026-04-11 16:48:25.016910+00:00,ACC_00649,149.23,electronics,0,0,0
TXN_50068B8D14A84347,2026-04-11 18:06:49.016910+00:00,ACC_00947,82.57,online_services,0,0,0
TXN_C0E517A7D30D4008,2026-04-11 18:28:54.016910+00:00,ACC_00118,44.16,other,0,0,0
TXN_6159F3116C964191,2026-04-11 19:02:04.016910+00:00,ACC_00108,1123.81,electronics,0,0,0
TXN_8A378467780947FD,2026-04-11 19:56:57.016910+00:00,ACC_00140,12.2,pharmacy,0,0,0
TXN_AB90B01B05ED4D49,2026-04-11 19:57:39.016910+00:00,ACC_00255,10.62,gaming,0,0,0
TXN_E127EA2A27B140CA,2026-04-11 20:33:04.016910+00:00,ACC_00198,1098.62,hotel,1,0,0
TXN_7196267B973B4A1F,2026-04-11 22:18:34.016910+00:00,ACC_00898,39.22,travel,0,0,0
TXN_304A2D11ABB64FAF,2026-04-11 22:42:19.016910+00:00,ACC_00289,21.81,restaurant,0,0,0
TXN_E2B87F31B9814A9A,2026-04-11 22:43:00.016910+00:00,ACC_00641,59.25,hotel,0,0,0
TXN_C6F5D5E2AE934844,2026-04-11 23:31:17.016910+00:00,ACC_00138,200.14,travel,1,0,0
TXN_0A7265B3FE204625,2026-04-11 23:37:57.016910+00:00,ACC_00868,81.46,hotel,0,0,0
TXN_D7056977A13D4892,2026-04-12 00:28:02.016910+00:00,ACC_00760,72.47,grocery,0,0,0
TXN_524BD216AC7A4BD1,2026-04-12 00:57:34.016910+00:00,ACC_00611,127.9,other,0,0,0
TXN_2035744415EC4E09,2026-04-12 03:21:51.016910+00:00,ACC_00235,7.12,restaurant,0,0,0
TXN_ACCC5CF4E298436E,2026-04-12 03:24:37.016910+00:00,ACC_00563,53.66,hotel,0,0,0
TXN_36E2647AEB4C4D82,2026-04-12 03:26:38.016910+00:00,ACC_00867,112.71,other,1,0,0
TXN_50052ED7336C4CD3,2026-04-12 03:34:19.016910+00:00,ACC_00867,109.39,fuel,0,1,0
TXN_BC715EBD4BEA4857,2026-04-12 03:51:53.016910+00:00,ACC_00867,268.23,jewelry,0,2,0
TXN_7AB348C999594137,2026-04-12 03:56:25.016910+00:00,ACC_00867,60.15,grocery,0,3,0
TXN_1178F53B6F0748B5,2026-04-12 04:11:49.016910+00:00,ACC_00437,157.13,grocery,0,0,0
TXN_EF98A4AB4A7046C5,2026-04-12 04:36:16.016910+00:00,ACC_00544,20.6,restaurant,0,0,0
TXN_8C279C99CA104A8D,2026-04-12 05:12:00.016910+00:00,ACC_00848,39.82,pharmacy,0,0,0
TXN_51149FDF29F14B1F,2026-04-12 06:04:47.016910+00:00,ACC_00293,89.07,restaurant,0,0,0
TXN_07540D6E34BB4086,2026-04-12 06:17:19.016910+00:00,ACC_00293,152.43,online_services,0,1,0
TXN_CFFC6D846C164E99,2026-04-12 07:27:11.016910+00:00,ACC_00293,36.52,fuel,0,0,0
TXN_2FB2BFB681D147C4,2026-04-12 07:33:22.016910+00:00,ACC_00293,22.06,online_services,0,1,0
TXN_04AF79625E934A93,2026-04-12 07:36:54.016910+00:00,ACC_00292,103.3,electronics,0,0,0
TXN_3159AF29D0B64686,2026-04-12 07:37:04.016910+00:00,ACC_00141,140.93,travel,1,0,0
TXN_B39ACA6502214C95,2026-04-12 07:53:20.016910+00:00,ACC_00788,13.36,restaurant,1,0,0
TXN_DC413E19A2184390,2026-04-12 08:04:52.016910+00:00,ACC_00788,121.04,jewelry,0,1,0
TXN_E678DD4AF6E845DC,2026-04-12 08:22:54.016910+00:00,ACC_00788,95.41,restaurant,0,2,0
TXN_43E4786A964D480A,2026-04-12 09:13:15.016910+00:00,ACC_00788,62.92,grocery,0,1,0
TXN_2026D659F3DA473B,2026-04-12 11:07:28.016910+00:00,ACC_00788,35.05,online_services,0,0,0
TXN_C1DF785528934CFB,2026-04-12 12:04:23.016910+00:00,ACC_00788,10.69,restaurant,0,1,0
TXN_26EB02FF01D44B0F,2026-04-12 12:08:49.016910+00:00,ACC_00788,27.52,clothing,0,1,0
TXN_1AC1710FB4D346F4,2026-04-12 12:19:16.016910+00:00,ACC_00788,8.72,grocery,0,2,0
TXN_8FBC8569459E456F,2026-04-12 13:00:15.016910+00:00,ACC_00049,171.83,travel,0,0,0
TXN_D2E36D1FC6B74AEF,2026-04-12 13:19:29.016910+00:00,ACC_00308,20.4,fuel,0,0,0
TXN_9096A782F3644703,2026-04-12 13:31:08.016910+00:00,ACC_00579,148.05,hotel,0,0,0
TXN_260F3D0806584B13,2026-04-12 14:13:22.016910+00:00,ACC_00437,89.24,gaming,1,0,0
TXN_271C2AB7CA4B4881,2026-04-12 14:44:50.016910+00:00,ACC_00342,45.04,pharmacy,0,0,0
TXN_D6A6EAC863F1453E,2026-04-12 15:05:53.016910+00:00,ACC_00161,31.33,online_services,0,0,0
TXN_E7785DF7FBB64871,2026-04-12 15:14:24.016910+00:00,ACC_00448,12.79,restaurant,0,0,0
TXN_BFAC4E82DEBB4EB6,2026-04-12 15:48:24.016910+00:00,ACC_00142,15.13,online_services,0,0,0
TXN_482BDED2B59D44B7,2026-04-12 16:00:42.016910+00:00,ACC_00425,428.56,travel,0,0,0
TXN_0840C4CF3B25482F,2026-04-12 16:12:56.016910+00:00,ACC_00070,50.4,grocery,0,0,0
TXN_7B2AF42A51204E2C,2026-04-12 17:06:12.016910+00:00,ACC_00936,28.82,grocery,0,0,0
TXN_EBC0C60AD8E84811,2026-04-12 17:30:56.016910+00:00,ACC_00787,48.71,restaurant,0,0,0
TXN_A28270CF89664FF4,2026-04-12 17:46:05.016910+00:00,ACC_00725,359.5,travel,0,0,0
TXN_A5CA4CC667274754,2026-04-12 17:50:46.016910+00:00,ACC_00725,20.77,grocery,0,1,0
TXN_BF38E3848C484C6E,2026-04-12 18:24:53.016910+00:00,ACC_00725,55.97,gaming,0,2,0
TXN_9390A124F7594FE4,2026-04-12 18:39:34.016910+00:00,ACC_00725,49.91,fuel,0,3,0
TXN_3F23CCF4C9DC4172,2026-04-12 18:39:56.016910+00:00,ACC_00725,192.53,clothing,0,4,0
TXN_0B4C733EE2274E12,2026-04-12 19:25:05.016910+00:00,ACC_00725,24.4,pharmacy,0,2,0
TXN_D59166EE5F0A41F0,2026-04-12 19:43:16.016910+00:00,ACC_00768,17.37,fuel,0,0,0
TXN_85392ED614E74F95,2026-04-12 19:46:52.016910+00:00,ACC_00497,54.28,grocery,0,0,0
TXN_803AD78FA40349C5,2026-04-12 20:29:16.016910+00:00,ACC_00851,211.26,hotel,0,0,0
TXN_E4637B51408C4584,2026-04-12 21:38:04.016910+00:00,ACC_00528,51.76,gaming,0,0,0
TXN_527A35F87CC94153,2026-04-12 22:18:22.016910+00:00,ACC_00626,161.41,grocery,0,0,0
TXN_C9F5D00EECB548F8,2026-04-12 22:18:57.016910+00:00,ACC_00905,24.33,pharmacy,0,0,0
TXN_9FFDB3F178D84987,2026-04-12 22:37:07.016910+00:00,ACC_00472,264.87,jewelry,0,0,0
TXN_60CB43C3BFB84E4B,2026-04-12 23:22:36.016910+00:00,ACC_00862,9.1,pharmacy,0,0,0
TXN_A59E1217111B4088,2026-04-12 23:40:22.016910+00:00,ACC_00266,11.84,restaurant,0,0,0
TXN_584DA8CF7121419A,2026-04-12 23:42:16.016910+00:00,ACC_00266,23.87,gaming,0,1,0
TXN_17091D1483FC48B3,2026-04-12 23:43:54.016910+00:00,ACC_00266,37.48,gaming,0,2,0
TXN_9AD96F0BF98049ED,2026-04-13 00:15:48.016910+00:00,ACC_00266,13.75,online_services,0,3,0
TXN_C619CF82E6BA4031,2026-04-13 00:17:37.016910+00:00,ACC_00266,57.65,pharmacy,0,4,0
TXN_22976FDE46BF4D0B,2026-04-13 00:33:29.016910+00:00,ACC_00266,19.34,grocery,0,5,0
TXN_85A2E112BB6046D8,2026-04-13 00:36:04.016910+00:00,ACC_00266,310.93,fuel,0,6,0
TXN_CBD91297A3A243C9,2026-04-13 00:51:17.016910+00:00,ACC_00266,14.23,restaurant,0,4,0
TXN_5FD5886C2B664617,2026-04-13 01:16:36.016910+00:00,ACC_00526,54.03,clothing,0,0,0
TXN_4DEDE4CF73A2431B,2026-04-13 01:37:43.016910+00:00,ACC_00449,213.54,jewelry,0,0,0
TXN_EF91CB219FA84A7F,2026-04-13 02:16:26.016910+00:00,ACC_00048,44.08,hotel,0,0,0
TXN_E2A9EA2961814FC3,2026-04-13 03:22:26.016910+00:00,ACC_00863,37.61,gaming,0,0,0
TXN_21C23B98898C4654,2026-04-13 03:33:31.016910+00:00,ACC_00664,92.97,electronics,0,0,0
TXN_F5053679362A45DD,2026-04-13 05:25:18.016910+00:00,ACC_00277,102.43,gaming,0,0,0
TXN_F9B57CF71D6448FA,2026-04-13 05:26:26.016910+00:00,ACC_00475,56.25,fuel,0,0,0
TXN_C1346A319B524631,2026-04-13 06:53:30.016910+00:00,ACC_00489,66.3,grocery,0,0,0
TXN_FC047909E3CD481B,2026-04-13 07:09:47.016910+00:00,ACC_00121,62.6,restaurant,0,0,0
TXN_FF47EAFFEE264E32,2026-04-13 07:14:20.016910+00:00,ACC_00046,384.88,jewelry,0,0,0
TXN_C10F5C9FF8FD4045,2026-04-13 07:19:40.016910+00:00,ACC_00916,277.64,jewelry,0,0,0
TXN_782BBBF280D540DF,2026-04-13 07:32:27.016910+00:00,ACC_00110,23.68,online_services,0,0,0
TXN_D82C84DEB7C54C36,2026-04-13 07:51:46.016910+00:00,ACC_00657,163.36,travel,0,0,0
TXN_DE46D0E318B24353,2026-04-13 08:02:48.016910+00:00,ACC_00719,20.11,gaming,0,0,0
TXN_24BB7967BDC9420E,2026-04-13 08:43:01.016910+00:00,ACC_00959,35.21,grocery,0,0,0
TXN_BFD5CBFCD8C644B8,2026-04-13 08:55:22.016910+00:00,ACC_00455,89.29,hotel,0,0,0
TXN_FAB21FE1C1204C4F,2026-04-13 10:10:51.016910+00:00,ACC_00455,94.46,hotel,0,0,0
TXN_A4FB7305302046D3,2026-04-13 10:13:07.016910+00:00,ACC_00455,43.32,travel,0,1,0
TXN_43B2DA09ED3448D9,2026-04-13 10:37:26.016910+00:00,ACC_00455,3.68,gaming,0,2,0
TXN_386D23EBCAE74125,2026-04-13 10:38:01.016910+00:00,ACC_00455,26.44,fuel,0,3,0
TXN_61784616DB264DC4,2026-04-13 11:35:29.016910+00:00,ACC_00455,110.27,fuel,0,2,0
TXN_69BC42CCF80F44B0,2026-04-13 12:36:41.016910+00:00,ACC_00455,236.89,jewelry,0,0,0
TXN_4677B3F9744F4C25,2026-04-13 13:04:43.016910+00:00,ACC_00455,116.64,gaming,0,1,0
TXN_BBFCB69B2F984862,2026-04-13 15:08:54.016910+00:00,ACC_00850,50.56,hotel,0,0,0
TXN_CCE2CF766D7B4055,2026-04-13 15:28:13.016910+00:00,ACC_00850,72.33,electronics,0,1,0
TXN_A470CFF28D924B3D,2026-04-13 16:48:15.016910+00:00,ACC_00850,239.1,restaurant,0,0,0
TXN_7437138EC0824B70,2026-04-13 16:51:56.016910+00:00,ACC_00850,18.61,grocery,0,1,0
TXN_FB66BB187D7449A3,2026-04-13 16:56:25.016910+00:00,ACC_00850,232.29,travel,0,2,0
TXN_20A0A1CBCAFF433F,2026-04-13 17:16:53.016910+00:00,ACC_00799,64.94,grocery,0,0,0
TXN_623765113EC044C0,2026-04-13 18:09:11.016910+00:00,ACC_00769,166.49,electronics,0,0,0
TXN_614463295FBE414E,2026-04-13 18:29:17.016910+00:00,ACC_00666,94.07,other,1,0,0
TXN_EA747DF26D654D6F,2026-04-13 19:38:41.016910+00:00,ACC_00666,13.13,restaurant,0,0,0
TXN_97E4F91353FD4C58,2026-04-13 19:47:59.016910+00:00,ACC_00666,39.38,other,0,1,0
TXN_63F3C1DD8CE64A65,2026-04-13 20:38:27.016910+00:00,ACC_00666,4.42,gaming,0,2,0
TXN_20B821B20CB54D2F,2026-04-13 20:48:53.016910+00:00,ACC_00666,887.98,jewelry,0,1,0
TXN_57EC504DF9D94871,2026-04-13 21:02:18.016910+00:00,ACC_00411,13550.91,travel,0,0,1
TXN_6053A9CE974F469E,2026-04-13 21:45:20.016910+00:00,ACC_00807,59.73,hotel,0,0,0
TXN_D88D64D08B4F4E2C,2026-04-13 22:17:17.016910+00:00,ACC_00970,17.86,fuel,0,0,0
TXN_A92774445CD14267,2026-04-13 22:20:58.016910+00:00,ACC_00255,128.35,gaming,0,0,0
TXN_30774F9A8FE94668,2026-04-13 22:28:26.016910+00:00,ACC_00953,22.49,gaming,0,0,0
TXN_24B82ED0FF054AF2,2026-04-13 22:40:08.016910+00:00,ACC_00349,59.57,hotel,0,0,0
TXN_ED71CB38341845A4,2026-04-13 23:07:41.016910+00:00,ACC_00139,12.76,pharmacy,0,0,0
TXN_2023C06C6C374B82,2026-04-14 00:14:12.016910+00:00,ACC_00370,78.27,fuel,0,0,0
TXN_2E1BB77A9F994164,2026-04-14 00:14:27.016910+00:00,ACC_00486,129.22,clothing,0,0,0
TXN_365DCA2E69974D2E,2026-04-14 00:30:21.016910+00:00,ACC_00486,31.42,fuel,0,1,0
TXN_E283B251FE1A49C2,2026-04-14 01:16:05.016910+00:00,ACC_00486,144.55,other,0,1,0
TXN_68B0AE500D424AD9,2026-04-14 01:42:53.016910+00:00,ACC_00486,153.36,hotel,0,1,0
TXN_86102D94087549E4,2026-04-14 02:07:44.016910+00:00,ACC_00051,50.58,travel,0,0,0
TXN_4A73DBB314A74CFE,2026-04-14 02:39:01.016910+00:00,ACC_00051,511.5,travel,0,1,0
TXN_D406D609055A473E,2026-04-14 02:39:11.016910+00:00,ACC_00051,14.76,fuel,0,2,0
TXN_52D0C3D1B9214638,2026-04-14 03:17:59.016910+00:00,ACC_00051,191.49,jewelry,0,2,0
TXN_E800F3F1588B4322,2026-04-14 04:05:52.016910+00:00,ACC_00051,90.01,hotel,0,1,0
TXN_FE89789AB7EE489D,2026-04-14 04:40:30.016910+00:00,ACC_00051,95.78,travel,0,1,0
TXN_AD6DFFE969814743,2026-04-14 05:01:31.016910+00:00,ACC_00051,7.65,online_services,0,2,0
TXN_FC08464E53384226,2026-04-14 05:06:43.016910+00:00,ACC_00051,914.46,travel,0,2,0
TXN_1D3E954D908A4202,2026-04-14 05:37:54.016910+00:00,ACC_00519,7.42,grocery,0,0,0
TXN_9FEF8D9BD39F490C,2026-04-14 06:03:24.016910+00:00,ACC_00265,153.31,fuel,0,0,0
TXN_04A40C26B9944B6F,2026-04-14 06:53:30.016910+00:00,ACC_00429,61.97,travel,0,0,0
TXN_917E622AC4B346E9,2026-04-14 07:50:12.016910+00:00,ACC_00623,22.62,grocery,0,0,0
TXN_97C53884594443E7,2026-04-14 07:56:09.016910+00:00,ACC_00877,392.2,electronics,0,0,0
TXN_F10E9E15553A4364,2026-04-14 09:12:24.016910+00:00,ACC_00463,67.86,online_services,0,0,0
TXN_7A0AD58AE9A74390,2026-04-14 09:47:34.016910+00:00,ACC_00783,7.79,restaurant,0,0,0
TXN_33F1FBC656D74584,2026-04-14 10:20:41.016910+00:00,ACC_00727,7.66,restaurant,0,0,0
TXN_8620AA450A874561,2026-04-14 10:34:24.016910+00:00,ACC_00980,293.7,jewelry,0,0,0
TXN_0DD715D5D26448BD,2026-04-14 11:31:56.016910+00:00,ACC_00927,14132.9,travel,0,0,1
TXN_FA0FD7ACC0B84B60,2026-04-14 12:11:34.016910+00:00,ACC_00131,44.37,restaurant,0,0,0
TXN_636BF58318F14856,2026-04-14 12:21:40.016910+00:00,ACC_00455,68.54,grocery,0,0,0
TXN_58DDF6E4438D4180,2026-04-14 12:47:31.016910+00:00,ACC_00736,67.68,travel,0,0,0
TXN_994D6D036FFC44A2,2026-04-14 13:18:19.016910+00:00,ACC_00151,67.7,electronics,0,0,0
TXN_B69D78EEF5234927,2026-04-14 13:32:03.016910+00:00,ACC_00778,151.45,hotel,0,0,0
TXN_EF13685C236A40B4,2026-04-14 13:54:40.016910+00:00,ACC_00396,104.3,jewelry,0,0,0
TXN_42CFE852E3074C05,2026-04-14 14:05:04.016910+00:00,ACC_00651,148.25,travel,0,0,0
TXN_B57DF565E497425E,2026-04-14 16:54:17.016910+00:00,ACC_00688,464.05,clothing,0,0,0
TXN_0FA92A25DB774492,2026-04-14 17:49:31.016910+00:00,ACC_00771,198.09,travel,0,0,0
TXN_6368339813094029,2026-04-14 18:04:14.016910+00:00,ACC_00313,96.97,travel,0,0,0
TXN_B9ADDD8B1A2F49F4,2026-04-14 18:30:17.016910+00:00,ACC_00202,206.39,restaurant,0,0,0
TXN_9CB6283B764F4330,2026-04-14 20:03:20.016910+00:00,ACC_00731,300.2,travel,0,0,0
TXN_488224008D9647E9,2026-04-14 21:43:29.016910+00:00,ACC_00504,16.96,gaming,0,0,0
TXN_F1DA6E1E5B664333,2026-04-14 21:50:20.016910+00:00,ACC_00923,22.22,clothing,0,0,0
TXN_DFA53DC9C7C14073,2026-04-14 21:54:17.016910+00:00,ACC_00761,23.17,electronics,0,0,0
TXN_6BDD81F7BE7E4490,2026-04-15 00:13:57.016910+00:00,ACC_00389,37.21,restaurant,0,0,0
TXN_0614567640E94077,2026-04-15 00:35:29.016910+00:00,ACC_00556,6.65,gaming,0,0,0
TXN_8FEBACD1656D4C2C,2026-04-15 00:43:15.016910+00:00,ACC_00556,1030.4,travel,0,1,0
TXN_31B4B34D42F44DEC,2026-04-15 01:17:52.016910+00:00,ACC_00556,34.46,gaming,0,2,0
TXN_84BA12B5D3B04FEE,2026-04-15 01:41:03.016910+00:00,ACC_00556,511.3,jewelry,0,2,0
TXN_24113B2EA8F64D95,2026-04-15 02:08:57.016910+00:00,ACC_00235,35.72,clothing,1,0,0
TXN_75B4FFD382C2470A,2026-04-15 02:16:55.016910+00:00,ACC_00759,73.18,other,0,0,0
TXN_58F1FDAF359F4D64,2026-04-15 02:23:27.016910+00:00,ACC_00759,193.87,jewelry,0,1,0
TXN_B7E01F83EBCB450F,2026-04-15 02:43:03.016910+00:00,ACC_00759,115.46,electronics,0,2,0
TXN_619458A5FEF34526,2026-04-15 03:04:47.016910+00:00,ACC_00759,347.07,hotel,0,3,0
TXN_E5C8A3290A964D3F,2026-04-15 03:48:35.016910+00:00,ACC_00216,563.2,hotel,0,0,0
TXN_60A2EA854AA140DC,2026-04-15 04:00:15.016910+00:00,ACC_00462,1028.08,jewelry,0,0,0
TXN_F3CEA000C6F84246,2026-04-15 04:00:46.016910+00:00,ACC_00933,738.03,pharmacy,0,0,0
TXN_8CE2137C245E403F,2026-04-15 04:04:08.016910+00:00,ACC_00550,114.29,jewelry,0,0,0
TXN_C8B8326359884D5F,2026-04-15 04:59:08.016910+00:00,ACC_00396,64.17,gaming,0,0,0
TXN_D04E336B0BFA429F,2026-04-15 05:01:27.016910+00:00,ACC_00796,29.15,other,0,0,0
TXN_E398CEB32B4742C3,2026-04-15 05:04:21.016910+00:00,ACC_00493,331.9,electronics,0,0,0
TXN_F0425F9C32464931,2026-04-15 05:07:51.016910+00:00,ACC_00698,15.45,fuel,0,0,0
TXN_55B6FE3CD10A403B,2026-04-15 05:22:18.016910+00:00,ACC_00613,123.78,fuel,0,0,0
TXN_179F6FF6F6F24359,2026-04-15 05:36:28.016910+00:00,ACC_00209,40.07,pharmacy,0,0,0
TXN_19925D2E58234280,2026-04-15 06:05:06.016910+00:00,ACC_00244,25.52,restaurant,0,0,0
TXN_98EA81517C82475B,2026-04-15 06:20:02.016910+00:00,ACC_00563,39.66,fuel,0,0,0
TXN_BEFDF1B7E1AD4C21,2026-04-15 06:39:13.016910+00:00,ACC_00216,75.83,jewelry,0,0,0
TXN_6AED4D67249649C0,2026-04-15 06:53:54.016910+00:00,ACC_00571,40.62,electronics,0,0,0
TXN_5BF92377A4834220,2026-04-15 07:22:15.016910+00:00,ACC_00190,47.55,grocery,0,0,0
TXN_2FCE72611B504B82,2026-04-15 07:46:03.016910+00:00,ACC_00445,47.24,grocery,0,0,0
TXN_C90FBA8E83D24A8E,2026-04-15 07:55:19.016910+00:00,ACC_00688,18.18,pharmacy,0,0,0
TXN_F692BF32F4114D1F,2026-04-15 07:59:10.016910+00:00,ACC_00086,15000.0,travel,1,6,1
TXN_1C253E50A8B84414,2026-04-15 09:07:43.016910+00:00,ACC_00297,52.18,pharmacy,0,0,0
TXN_018D41CF0F194CA5,2026-04-15 09:33:35.016910+00:00,ACC_00774,64.88,travel,0,0,0
TXN_58ADA3B0780D4261,2026-04-15 09:39:29.016910+00:00,ACC_00774,6.33,pharmacy,0,1,0
TXN_3C9ABC640E784335,2026-04-15 09:40:03.016910+00:00,ACC_00774,184.89,gaming,0,2,0
TXN_9CF2E21C03764436,2026-04-15 09:47:01.016910+00:00,ACC_00774,50.8,grocery,0,3,0
TXN_342275E3B1264263,2026-04-15 09:55:36.016910+00:00,ACC_00774,24.71,fuel,1,4,0
TXN_5A2A473B2F5348BD,2026-04-15 10:30:28.016910+00:00,ACC_00774,29.07,other,0,5,0
TXN_4165A15A7CA94CCC,2026-04-15 10:40:59.016910+00:00,ACC_00774,18.02,grocery,0,3,0
TXN_68F3E4967E9F4EBC,2026-04-15 11:06:31.016910+00:00,ACC_00919,115.67,fuel,0,0,0
TXN_DBDB2D61DA9D4E5B,2026-04-15 12:04:20.016910+00:00,ACC_00403,41.1,travel,0,0,0
TXN_F5867E6029684CBC,2026-04-15 13:21:51.016910+00:00,ACC_00914,72.01,clothing,1,0,0
TXN_2A065D0349894A57,2026-04-15 13:57:15.016910+00:00,ACC_00103,63.96,gaming,0,0,0
TXN_068648DA45E8481F,2026-04-15 14:20:14.016910+00:00,ACC_00630,102.5,clothing,0,0,0
TXN_96B54E57C23745B6,2026-04-15 14:29:45.016910+00:00,ACC_00630,76.79,electronics,0,1,0
TXN_DF69505F42DC48E7,2026-04-15 14:44:08.016910+00:00,ACC_00630,146.74,fuel,0,2,0
TXN_2B3B557A493E442B,2026-04-15 15:29:03.016910+00:00,ACC_00630,469.47,jewelry,0,2,0
TXN_672DF800763F4022,2026-04-15 15:32:32.016910+00:00,ACC_00630,22.35,pharmacy,0,2,0
TXN_A317BD906C0749FD,2026-04-15 15:32:36.016910+00:00,ACC_00630,16.74,pharmacy,0,3,0
TXN_860E3F1D96E44497,2026-04-15 15:48:58.016910+00:00,ACC_00630,34.01,grocery,0,3,0
TXN_FD55C1A723894E93,2026-04-15 16:10:38.016910+00:00,ACC_00630,28.92,online_services,0,4,0
TXN_E0556C18CBCD4E85,2026-04-15 16:13:43.016910+00:00,ACC_00024,21.75,clothing,0,0,0
TXN_97A4CA744E2F409F,2026-04-15 16:19:08.016910+00:00,ACC_00903,118.1,hotel,0,0,0
TXN_8FFB8256ECBF408F,2026-04-15 16:35:27.016910+00:00,ACC_00573,85.81,electronics,0,0,0
TXN_C9EC76BFF55D49C5,2026-04-15 16:50:35.016910+00:00,ACC_00876,541.41,hotel,0,0,0
TXN_CDCB2D451B84452A,2026-04-15 17:18:22.016910+00:00,ACC_00876,72.19,hotel,0,1,0
TXN_6AAB21D601394F22,2026-04-15 17:20:36.016910+00:00,ACC_00876,22.15,online_services,0,2,0
TXN_083C0E8D94CE4675,2026-04-15 17:29:05.016910+00:00,ACC_00876,55.54,other,0,3,0
TXN_2B778A4B355D4DAA,2026-04-15 18:50:54.016910+00:00,ACC_00876,35.19,restaurant,0,0,0
TXN_D2DD40B45C374210,2026-04-15 19:10:53.016910+00:00,ACC_00876,302.8,jewelry,0,1,0
TXN_0A486E550ED14937,2026-04-15 19:25:58.016910+00:00,ACC_00876,52.49,fuel,0,2,0
TXN_43E31762E90741F2,2026-04-15 19:44:42.016910+00:00,ACC_00876,114.64,electronics,0,3,0
TXN_E09487FD06884707,2026-04-15 19:49:46.016910+00:00,ACC_00077,53.52,other,0,0,0
TXN_07AA356FBF72427F,2026-04-15 20:55:38.016910+00:00,ACC_00749,196.93,electronics,0,0,0
TXN_72D21F1F89824122,2026-04-15 21:04:56.016910+00:00,ACC_00382,15.65,grocery,0,0,0
TXN_79DEFB30BB4B42D9,2026-04-15 21:06:53.016910+00:00,ACC_00866,55.72,electronics,0,0,0
TXN_544132A123EA4D0B,2026-04-15 21:26:28.016910+00:00,ACC_00728,13.28,other,0,0,0
TXN_D0A86948781D4A0E,2026-04-15 22:05:24.016910+00:00,ACC_00722,15.86,fuel,0,0,0
TXN_EC3ADC63107946FD,2026-04-15 23:07:17.016910+00:00,ACC_00848,118.75,online_services,0,0,0
TXN_A6F61624130B4695,2026-04-15 23:45:12.016910+00:00,ACC_00626,94.38,other,0,0,0
TXN_2BE0D8979AD949E4,2026-04-16 00:15:19.016910+00:00,ACC_00498,1259.76,jewelry,0,0,0
TXN_FCC5FE0FDF8B40A4,2026-04-16 00:40:34.016910+00:00,ACC_00247,117.49,restaurant,0,0,0
TXN_4561188107F2450C,2026-04-16 01:11:07.016910+00:00,ACC_00247,2572.97,hotel,0,1,0
TXN_5EBF807DD11C495D,2026-04-16 01:17:18.016910+00:00,ACC_00247,38.11,pharmacy,0,2,0
TXN_8E43AA4646BD473B,2026-04-16 02:22:29.016910+00:00,ACC_00247,45.23,gaming,1,0,0
TXN_28C11795C9664758,2026-04-16 03:09:10.016910+00:00,ACC_00247,3.97,restaurant,0,1,0
TXN_ADBF6907C9BD4CEC,2026-04-16 03:34:21.016910+00:00,ACC_00247,35.64,fuel,0,1,0
TXN_FAD16D9473274724,2026-04-16 03:48:02.016910+00:00,ACC_00247,29.07,clothing,0,2,0
TXN_94FE71FE03B94C9A,2026-04-16 04:30:07.016910+00:00,ACC_00841,21.18,clothing,0,0,0
TXN_3FB3E4CD1E3A4380,2026-04-16 06:33:55.016910+00:00,ACC_00608,1310.96,grocery,0,0,0
TXN_03543CCE25134E4A,2026-04-16 06:42:48.016910+00:00,ACC_00670,36.4,gaming,0,0,0
TXN_E2EDE0EB184C442D,2026-04-16 06:44:50.016910+00:00,ACC_00670,149.62,travel,0,1,0
TXN_FDA6A76F2D7648B2,2026-04-16 06:47:58.016910+00:00,ACC_00670,82.91,jewelry,0,2,0
TXN_3F70CB3ADEBB4F5C,2026-04-16 07:42:40.016910+00:00,ACC_00670,85.83,fuel,0,3,0
TXN_60D179A042534772,2026-04-16 07:42:45.016910+00:00,ACC_00670,28.75,online_services,0,4,0
TXN_73F3D58913BF4FC4,2026-04-16 07:47:33.016910+00:00,ACC_00670,61.5,gaming,0,3,0
TXN_B9B1CAE2F3A64CD9,2026-04-16 07:55:07.016910+00:00,ACC_00670,30.97,online_services,0,3,0
TXN_94D831DBA6CD43FD,2026-04-16 08:08:52.016910+00:00,ACC_00670,6.2,clothing,0,4,0
TXN_F44208D6D1784527,2026-04-16 08:24:24.016910+00:00,ACC_00265,168.41,electronics,0,0,0
TXN_93D2904424FC4919,2026-04-16 08:32:32.016910+00:00,ACC_00228,24.14,restaurant,0,0,0
TXN_5889FBAC7E584710,2026-04-16 08:55:30.016910+00:00,ACC_00803,25.12,hotel,0,0,0
TXN_7DE8AE0888E34BAD,2026-04-16 09:29:50.016910+00:00,ACC_00248,37.37,electronics,0,0,0
TXN_EF191203A3AF49EA,2026-04-16 10:04:28.016910+00:00,ACC_00559,126.37,other,0,0,0
TXN_6CD15DAB68B946DB,2026-04-16 10:52:55.016910+00:00,ACC_00735,32.64,travel,0,0,0
TXN_BB6F93476FD44066,2026-04-16 11:14:54.016910+00:00,ACC_00991,31.6,clothing,0,0,0
TXN_096788CC8A3542E3,2026-04-16 13:11:33.016910+00:00,ACC_00993,244.25,fuel,0,0,0
TXN_262302B1712C4DA6,2026-04-16 13:23:22.016910+00:00,ACC_00055,69.08,online_services,0,0,0
TXN_6969097BF66D4749,2026-04-16 13:54:30.016910+00:00,ACC_00460,218.47,hotel,0,0,0
TXN_FCBFEA3F568E4303,2026-04-16 14:01:51.016910+00:00,ACC_00579,29.41,grocery,0,0,0
TXN_337DB8DE26424126,2026-04-16 14:06:33.016910+00:00,ACC_00785,8.19,grocery,0,0,0
TXN_61E22E1BA4B34DCA,2026-04-16 14:07:49.016910+00:00,ACC_00683,32.7,restaurant,0,0,0
TXN_A9BCC2C8AF3541F5,2026-04-16 14:28:08.016910+00:00,ACC_00103,79.2,jewelry,0,0,0
TXN_DF47FB8DD73947A4,2026-04-16 14:32:37.016910+00:00,ACC_00020,45.6,travel,0,0,0
TXN_871882E0DE0244F9,2026-04-16 14:53:42.016910+00:00,ACC_00704,117.12,electronics,0,0,0
TXN_4604880148864461,2026-04-16 14:56:34.016910+00:00,ACC_00942,52.47,travel,0,0,0
TXN_88E4BF2EACC5428D,2026-04-16 15:50:40.016910+00:00,ACC_00001,31.51,pharmacy,0,0,0
TXN_8F0DF6B39E6A4AFD,2026-04-16 15:53:43.016910+00:00,ACC_00813,57.35,hotel,0,0,0
TXN_A1EA045337924B39,2026-04-16 15:53:56.016910+00:00,ACC_00428,50.86,other,0,0,0
TXN_0E82F40148104BF0,2026-04-16 16:27:24.016910+00:00,ACC_00220,66.28,electronics,0,0,0
TXN_8F65144C1E754AB4,2026-04-16 16:42:14.016910+00:00,ACC_00703,130.44,travel,0,0,0
TXN_E51CFBC1850941F8,2026-04-16 16:45:16.016910+00:00,ACC_00449,170.91,online_services,0,0,0
TXN_EB81F90AC6F04189,2026-04-16 18:07:37.016910+00:00,ACC_00133,447.07,jewelry,0,0,0
TXN_4061D98E6DEA4722,2026-04-16 18:08:00.016910+00:00,ACC_00691,32.92,grocery,0,0,0
TXN_FEA5268239274B3E,2026-04-16 18:23:46.016910+00:00,ACC_00050,444.89,travel,0,0,0
TXN_A7C0E2251ABA4208,2026-04-16 18:48:53.016910+00:00,ACC_00050,77.95,other,0,1,0
TXN_76DF7EFC524442D4,2026-04-16 20:19:44.016910+00:00,ACC_00050,115.49,grocery,0,0,0
TXN_87136A392BB54200,2026-04-16 20:55:56.016910+00:00,ACC_00050,12.82,clothing,0,1,0
TXN_6F7115D045D64A68,2026-04-16 21:02:44.016910+00:00,ACC_00050,52.98,travel,0,2,0
TXN_8C8ED9B7D17A4C18,2026-04-16 21:54:22.016910+00:00,ACC_00050,32.34,restaurant,0,2,0
TXN_8F428DBDDEBC4561,2026-04-16 23:15:44.016910+00:00,ACC_00050,36.78,gaming,0,0,0
TXN_6404EC19C91246CE,2026-04-16 23:57:57.016910+00:00,ACC_00355,47.06,clothing,0,0,0
TXN_BAE0A17A58AD47B1,2026-04-17 00:31:38.016910+00:00,ACC_00047,45.45,restaurant,0,0,0
TXN_76521A1033DF4382,2026-04-17 00:43:13.016910+00:00,ACC_00964,39.18,pharmacy,0,0,0
TXN_F82F6981C4184EA8,2026-04-17 02:15:53.016910+00:00,ACC_00931,86.15,grocery,0,0,0
TXN_F891958FC4E54A68,2026-04-17 03:13:52.016910+00:00,ACC_00270,95.71,online_services,0,0,0
TXN_1CCED5BC7E874C32,2026-04-17 03:30:16.016910+00:00,ACC_00270,19.84,clothing,0,1,0
TXN_CDDC8F28B4494FC8,2026-04-17 03:40:18.016910+00:00,ACC_00270,5.66,gaming,0,2,0
TXN_D84B2D9FB5854C87,2026-04-17 03:48:15.016910+00:00,ACC_00270,340.13,grocery,0,3,0
TXN_3B0DAF93E9654A3A,2026-04-17 03:55:39.016910+00:00,ACC_00270,39.51,electronics,1,4,0
TXN_BF2C79EDD2C34F23,2026-04-17 04:10:58.016910+00:00,ACC_00849,50.42,clothing,0,0,0
TXN_BFAF94BEDE9147B4,2026-04-17 04:24:07.016910+00:00,ACC_00849,38.75,fuel,0,1,0
TXN_3472412627CB4181,2026-04-17 04:25:21.016910+00:00,ACC_00849,87.0,electronics,0,2,0
TXN_D1E6D91A9B724BD1,2026-04-17 04:25:26.016910+00:00,ACC_00849,64.72,gaming,0,3,0
TXN_D8182074C54F4CAF,2026-04-17 04:34:31.016910+00:00,ACC_00849,1435.63,travel,0,4,0
TXN_8B01072DDC724A79,2026-04-17 05:23:22.016910+00:00,ACC_00849,29.85,grocery,0,4,0
TXN_6F4509FBFA324167,2026-04-17 07:37:28.016910+00:00,ACC_00849,40.37,pharmacy,0,0,0
TXN_3E709E327CB64C2A,2026-04-17 07:48:23.016910+00:00,ACC_00983,36.6,fuel,0,0,0
TXN_65D30A8308D44FE1,2026-04-17 08:25:25.016910+00:00,ACC_00925,21.42,fuel,0,0,0
TXN_9E833DAE9A974C3B,2026-04-17 08:38:58.016910+00:00,ACC_00925,64.21,grocery,0,1,0
TXN_538744E363674282,2026-04-17 08:47:06.016910+00:00,ACC_00925,32.62,online_services,0,2,0
TXN_3B619FAC0FEE4E25,2026-04-17 08:54:37.016910+00:00,ACC_00925,101.24,jewelry,0,3,0
TXN_AB6C07F160A643E0,2026-04-17 09:08:09.016910+00:00,ACC_00925,13.48,restaurant,0,4,0
TXN_EC182A50BB6E4FA2,2026-04-17 10:41:24.016910+00:00,ACC_00925,319.29,travel,0,0,0
TXN_936B4CA85EB94DBC,2026-04-17 10:48:37.016910+00:00,ACC_00925,80.55,clothing,0,1,0
TXN_4F4A181C67BA4905,2026-04-17 10:53:38.016910+00:00,ACC_00009,67.34,electronics,0,0,0
TXN_DB60508C44FF485E,2026-04-17 11:37:24.016910+00:00,ACC_00262,63.69,online_services,0,0,0
TXN_AB861E25DA5E479E,2026-04-17 11:44:49.016910+00:00,ACC_00930,26.43,restaurant,0,0,0
TXN_51ED36E6078246DB,2026-04-17 12:12:48.016910+00:00,ACC_00770,136.78,electronics,0,0,0
TXN_87C42429A76A4766,2026-04-17 12:57:50.016910+00:00,ACC_00663,29.92,other,0,0,0
TXN_72937E9A8907484C,2026-04-17 13:14:16.016910+00:00,ACC_00538,81.1,jewelry,0,0,0
TXN_1CEF8FB77A754BFA,2026-04-17 13:34:04.016910+00:00,ACC_00375,13114.29,travel,0,0,1
TXN_CE59E2EC43B047CC,2026-04-17 13:46:17.016910+00:00,ACC_00084,46.63,hotel,0,0,0
TXN_9DAF6644172D4871,2026-04-17 13:52:57.016910+00:00,ACC_00172,10.94,restaurant,0,0,0
TXN_D70F1635DCC5469A,2026-04-17 13:57:06.016910+00:00,ACC_00769,29.85,hotel,0,0,0
TXN_EDEE9CC37BB94E0B,2026-04-17 14:57:25.016910+00:00,ACC_00717,6.41,clothing,0,0,0
TXN_0C3689D0347A47C1,2026-04-17 16:02:19.016910+00:00,ACC_00159,27.36,gaming,0,0,0
TXN_7E3FC17D8B544D3B,2026-04-17 17:54:24.016910+00:00,ACC_00340,385.66,travel,0,0,0
TXN_248043F3BF8342BC,2026-04-17 18:00:31.016910+00:00,ACC_00142,93.81,online_services,0,0,0
TXN_B8A82AF9288C4DE6,2026-04-17 18:54:15.016910+00:00,ACC_00630,503.7,electronics,0,0,0
TXN_87D630B16E434750,2026-04-17 19:22:57.016910+00:00,ACC_00679,14.78,grocery,0,0,0
TXN_389AE8BDDA144BC7,2026-04-17 19:56:25.016910+00:00,ACC_00286,97.77,other,0,0,0
TXN_BB071A8BECE64621,2026-04-17 20:12:16.016910+00:00,ACC_00113,37.46,gaming,0,0,0
TXN_4CB3A94C882F44FC,2026-04-17 20:46:22.016910+00:00,ACC_00113,14143.18,travel,0,1,1
TXN_9202EB0154604408,2026-04-17 21:05:13.016910+00:00,ACC_00113,272.43,electronics,0,2,0
TXN_01DE084C20A74F5D,2026-04-17 23:26:58.016910+00:00,ACC_00113,94.52,electronics,0,0,0
TXN_D337F172696643CD,2026-04-17 23:43:22.016910+00:00,ACC_00113,9.49,clothing,0,1,0
TXN_9A582C6B0D074645,2026-04-17 23:51:22.016910+00:00,ACC_00113,57.99,restaurant,0,2,0
TXN_E01504CD800D4A63,2026-04-18 00:09:28.016910+00:00,ACC_00406,44.65,pharmacy,0,0,0
TXN_E9993DA79CFE4EA1,2026-04-18 00:40:56.016910+00:00,ACC_00610,47.25,online_services,0,0,0
TXN_5F2CF64362234C5D,2026-04-18 01:03:41.016910+00:00,ACC_00099,16.02,clothing,0,0,0
TXN_B61888418B9F49A2,2026-04-18 01:16:09.016910+00:00,ACC_00166,32.9,restaurant,0,0,0
TXN_250F0B6EAA324657,2026-04-18 01:55:10.016910+00:00,ACC_00761,149.99,fuel,0,0,0
TXN_D3494DFBFF604E96,2026-04-18 02:26:34.016910+00:00,ACC_00761,57.96,gaming,0,1,0
TXN_D4CF9D963FBE4C3F,2026-04-18 03:07:18.016910+00:00,ACC_00761,9.27,grocery,0,1,0
TXN_653BF56780B34FAA,2026-04-18 03:29:40.016910+00:00,ACC_00761,194.74,travel,0,1,0
TXN_58D480D690C64C04,2026-04-18 03:37:08.016910+00:00,ACC_00761,58.55,gaming,0,2,0
TXN_35C7200E8672481E,2026-04-18 04:32:30.016910+00:00,ACC_00761,74.19,fuel,0,1,0
TXN_D38850C74F184383,2026-04-18 04:33:08.016910+00:00,ACC_00571,49.87,fuel,0,0,0
TXN_6F3206B97979495E,2026-04-18 05:03:50.016910+00:00,ACC_00772,15.37,grocery,0,0,0
TXN_8080EE8FD1914C31,2026-04-18 05:07:04.016910+00:00,ACC_00087,39.28,fuel,0,0,0
TXN_224FC7620BB440F4,2026-04-18 06:37:21.016910+00:00,ACC_00798,103.03,travel,0,0,0
TXN_38BA4204E6B64C22,2026-04-18 07:05:47.016910+00:00,ACC_00401,37.57,pharmacy,0,0,0
TXN_6975A9A083A74BC1,2026-04-18 07:11:31.016910+00:00,ACC_00582,99.07,grocery,0,0,0
TXN_688B9F29449741F7,2026-04-18 07:29:46.016910+00:00,ACC_00195,57.19,electronics,0,0,0
TXN_0641EC2127CD4247,2026-04-18 07:41:04.016910+00:00,ACC_00091,597.33,electronics,0,0,0
TXN_657F9B1CA33D49DF,2026-04-18 07:54:25.016910+00:00,ACC_00942,154.81,hotel,0,0,0
TXN_CD302338C5524F44,2026-04-18 08:38:21.016910+00:00,ACC_00690,70.0,pharmacy,0,0,0
TXN_5C0474B5D4164129,2026-04-18 08:52:42.016910+00:00,ACC_00041,81.14,online_services,0,0,0
TXN_FB469E5452A449FA,2026-04-18 09:45:25.016910+00:00,ACC_00101,52.1,fuel,0,0,0
TXN_3E58A142684340CB,2026-04-18 09:52:29.016910+00:00,ACC_00841,53.13,pharmacy,0,0,0
TXN_B43DB0D459A64720,2026-04-18 11:10:04.016910+00:00,ACC_00206,2.67,clothing,0,0,0
TXN_04443B59B0F842A3,2026-04-18 11:52:14.016910+00:00,ACC_00289,202.46,electronics,0,0,0
TXN_CD213B00990C4DA3,2026-04-18 12:56:55.016910+00:00,ACC_00242,58.57,travel,0,0,0
TXN_6B36FF86057948E4,2026-04-18 13:10:39.016910+00:00,ACC_00707,24.95,restaurant,0,0,0
TXN_A9F0090207544335,2026-04-18 13:45:23.016910+00:00,ACC_00512,147.86,hotel,0,0,0
TXN_3602AA95B59C4C20,2026-04-18 13:50:33.016910+00:00,ACC_00798,148.35,other,0,0,0
TXN_3D4D640441814970,2026-04-18 14:38:31.016910+00:00,ACC_00465,23.43,other,0,0,0
TXN_15BAB7AED2824F4B,2026-04-18 14:54:20.016910+00:00,ACC_00791,20.97,pharmacy,0,0,0
TXN_589F0C31424D4FB7,2026-04-18 15:01:12.016910+00:00,ACC_00448,31.46,online_services,0,0,0
TXN_E8BCBF45DB7C4A56,2026-04-18 15:21:43.016910+00:00,ACC_00746,253.39,jewelry,0,0,0
TXN_B4E9A3A56AC54CF9,2026-04-18 15:48:12.016910+00:00,ACC_00928,20.77,restaurant,0,0,0
TXN_BDA596C59FA641EF,2026-04-18 16:36:59.016910+00:00,ACC_00715,71.15,gaming,0,0,0
TXN_06E04BDF467A4FF5,2026-04-18 17:26:20.016910+00:00,ACC_00963,5.44,restaurant,0,0,0
TXN_43A85FC93880483D,2026-04-18 17:37:59.016910+00:00,ACC_00147,92.72,hotel,0,0,0
TXN_BBA625A62BC843C8,2026-04-18 17:50:56.016910+00:00,ACC_00187,167.21,grocery,0,0,0
TXN_B9C31CBFE42347C0,2026-04-18 17:57:57.016910+00:00,ACC_00187,83.3,hotel,0,1,0
TXN_4004692D617C49E5,2026-04-18 18:27:21.016910+00:00,ACC_00187,155.38,electronics,0,2,0
TXN_6A97FF1062B04D30,2026-04-18 19:24:00.016910+00:00,ACC_00187,75.32,pharmacy,0,1,0
TXN_0BB6659D547D490A,2026-04-18 20:13:37.016910+00:00,ACC_00187,67.75,clothing,0,1,0
TXN_61EF49D853834403,2026-04-18 20:20:38.016910+00:00,ACC_00120,662.76,hotel,0,0,0
TXN_BC0D2A08F30241F1,2026-04-18 20:30:03.016910+00:00,ACC_00464,51.62,clothing,0,0,0
TXN_DF0D156955914A10,2026-04-18 20:57:05.016910+00:00,ACC_00930,65.38,grocery,0,0,0
TXN_8CDB158C8D004D3B,2026-04-18 21:03:51.016910+00:00,ACC_00508,131.71,hotel,0,0,0
TXN_7222C1FACC0C41D4,2026-04-18 21:46:47.016910+00:00,ACC_00378,150.87,online_services,0,0,0
TXN_2488B2A952504FFB,2026-04-18 22:11:44.016910+00:00,ACC_00161,21.89,pharmacy,0,0,0
TXN_09007AB7A8C54F2D,2026-04-18 22:14:35.016910+00:00,ACC_00928,291.67,online_services,0,0,0
TXN_C410DF6B2C4B4E33,2026-04-18 23:10:49.016910+00:00,ACC_00696,14.61,restaurant,0,0,0
TXN_D235006965144286,2026-04-18 23:41:07.016910+00:00,ACC_00664,159.57,pharmacy,0,0,0
TXN_3589ADD9848C4BFB,2026-04-19 00:22:23.016910+00:00,ACC_00897,42.43,electronics,0,0,0
TXN_CDC0FAA669F646EA,2026-04-19 00:46:54.016910+00:00,ACC_00592,57.85,pharmacy,0,0,0
TXN_3AF29974466E49AC,2026-04-19 01:00:15.016910+00:00,ACC_00115,37.0,grocery,0,0,0
TXN_591FF43BB3FF4645,2026-04-19 01:01:35.016910+00:00,ACC_00718,245.75,electronics,0,0,0
TXN_7332AAD37A984219,2026-04-19 03:03:50.016910+00:00,ACC_00950,159.11,hotel,0,0,0
TXN_1CC33FB21C4E4450,2026-04-19 03:07:14.016910+00:00,ACC_00026,92.94,online_services,0,0,0
TXN_B065767CCCBE47E7,2026-04-19 03:34:10.016910+00:00,ACC_00317,16.49,online_services,0,0,0
TXN_A1B2F9BEFA7A4E58,2026-04-19 05:26:47.016910+00:00,ACC_00028,11.19,clothing,0,0,0
TXN_88A50920E23C4FB5,2026-04-19 05:31:41.016910+00:00,ACC_00941,12.58,fuel,0,0,0
TXN_78BA95B4C1B64C94,2026-04-19 06:09:45.016910+00:00,ACC_00169,15.84,clothing,0,0,0
TXN_AAA5F83A20EB4095,2026-04-19 06:12:51.016910+00:00,ACC_00727,14.28,fuel,0,0,0
TXN_45B7747017334F9B,2026-04-19 06:24:52.016910+00:00,ACC_00191,18.57,pharmacy,0,0,0
TXN_FEB6F122A8BD4852,2026-04-19 06:30:26.016910+00:00,ACC_00737,24.57,gaming,0,0,0
TXN_ACBD4F43EB59420D,2026-04-19 06:50:06.016910+00:00,ACC_00219,108.03,electronics,0,0,0
TXN_FA65243EF3C149E6,2026-04-19 07:06:53.016910+00:00,ACC_00454,19.9,gaming,0,0,0
TXN_2917D574A39F416F,2026-04-19 07:25:07.016910+00:00,ACC_00002,21.27,online_services,0,0,0
TXN_12EB1EFC4CCE4C3E,2026-04-19 07:27:41.016910+00:00,ACC_00228,39.55,clothing,0,0,0
TXN_7547B4A2F9A94AD9,2026-04-19 07:42:15.016910+00:00,ACC_00359,112.9,online_services,0,0,0
TXN_2B525546C1724BAB,2026-04-19 07:55:07.016910+00:00,ACC_00471,25.15,fuel,0,0,0
TXN_C4264BB8223B4CA6,2026-04-19 08:33:17.016910+00:00,ACC_00471,203.16,jewelry,0,1,0
TXN_AD3E0980EED14A11,2026-04-19 08:36:21.016910+00:00,ACC_00471,41.17,grocery,0,2,0
TXN_DED757A62B94427F,2026-04-19 08:56:08.016910+00:00,ACC_00471,11.21,restaurant,0,2,0
TXN_3E8B17A4A30C4E3A,2026-04-19 09:19:47.016910+00:00,ACC_00471,156.48,jewelry,0,3,0
TXN_8939B31867E742D7,2026-04-19 09:41:03.016910+00:00,ACC_00648,28.43,other,0,0,0
TXN_B2818B8E10E14B4F,2026-04-19 10:02:34.016910+00:00,ACC_00863,127.58,other,0,0,0
TXN_DE225FB536F942A3,2026-04-19 10:51:24.016910+00:00,ACC_00413,234.15,hotel,0,0,0
TXN_CAF784716D1A4049,2026-04-19 10:58:08.016910+00:00,ACC_00994,26.04,other,0,0,0
TXN_A41923F0B304403F,2026-04-19 11:04:22.016910+00:00,ACC_00730,29.94,pharmacy,0,0,0
TXN_375D61D746C84A1C,2026-04-19 11:53:19.016910+00:00,ACC_00158,56.08,pharmacy,0,0,0
TXN_52DC90B13CF6407F,2026-04-19 11:59:47.016910+00:00,ACC_00681,42.87,pharmacy,0,0,0
TXN_8312BDC575C34211,2026-04-19 12:32:21.016910+00:00,ACC_00415,63.25,gaming,0,0,0
TXN_625486843D0E4403,2026-04-19 13:04:20.016910+00:00,ACC_00415,15.77,grocery,0,1,0
TXN_A645BD11D0D8461A,2026-04-19 13:14:39.016910+00:00,ACC_00415,254.87,other,0,2,0
TXN_6CDB2397388C4589,2026-04-19 13:27:58.016910+00:00,ACC_00415,18.26,pharmacy,0,3,0
TXN_990F9EC294644695,2026-04-19 13:29:58.016910+00:00,ACC_00415,23.75,online_services,0,4,0
TXN_94F31024A9FA4381,2026-04-19 13:44:15.016910+00:00,ACC_00686,15000.0,travel,1,5,0
TXN_8F57C63D9CEF4B7E,2026-04-19 14:14:55.016910+00:00,ACC_00074,31.99,fuel,0,0,0
TXN_56E2C5FA8DDA46A0,2026-04-19 14:24:36.016910+00:00,ACC_00294,141.71,clothing,0,0,0
TXN_5BB106BDA6D24489,2026-04-19 14:44:05.016910+00:00,ACC_00396,56.61,online_services,0,0,0
TXN_6D557599FDD64462,2026-04-19 14:45:35.016910+00:00,ACC_00396,98.05,electronics,0,1,0
TXN_63774E687A244652,2026-04-19 14:57:43.016910+00:00,ACC_00396,76.02,fuel,0,2,0
TXN_9871B910D18C4282,2026-04-19 15:39:00.016910+00:00,ACC_00396,91.99,pharmacy,0,3,0
TXN_F308F25F8C574BB1,2026-04-19 16:17:01.016910+00:00,ACC_00396,70.09,pharmacy,0,1,0
TXN_9E460331100F4284,2026-04-19 16:21:35.016910+00:00,ACC_00396,8.85,clothing,0,2,0
TXN_081FEC67227442B4,2026-04-19 17:15:28.016910+00:00,ACC_00825,87.64,online_services,0,0,0
TXN_296888798D174D3A,2026-04-19 17:20:45.016910+00:00,ACC_00173,164.28,electronics,0,0,0
TXN_B2A410BD04B74FED,2026-04-19 18:35:23.016910+00:00,ACC_00509,51.11,electronics,0,0,0
TXN_976C85C5F0A04CD4,2026-04-19 18:49:58.016910+00:00,ACC_00509,82.47,other,0,1,0
TXN_A3DA856BB36C443D,2026-04-19 19:09:23.016910+00:00,ACC_00509,631.17,jewelry,0,2,0
TXN_5B179D612C3042EA,2026-04-19 19:15:20.016910+00:00,ACC_00509,126.38,jewelry,0,3,0
TXN_93AEF9DF6DFD4A51,2026-04-19 21:18:58.016910+00:00,ACC_00915,62.76,restaurant,0,0,0
TXN_1CDC51AF89A14F68,2026-04-19 21:25:47.016910+00:00,ACC_00449,43.36,pharmacy,0,0,0
TXN_E62DA0F2181944B3,2026-04-19 22:19:03.016910+00:00,ACC_00591,16.2,jewelry,0,0,0
TXN_51DEC31A1FE64AD0,2026-04-19 23:30:50.016910+00:00,ACC_00243,47.17,clothing,0,0,0
TXN_00AA38786CED4DDE,2026-04-19 23:31:44.016910+00:00,ACC_00716,62.6,clothing,0,0,0
TXN_0B5243CB19194BA3,2026-04-19 23:49:13.016910+00:00,ACC_00337,28.37,grocery,0,0,0
TXN_BC29818CD0484BC0,2026-04-19 23:53:07.016910+00:00,ACC_00653,67.4,clothing,0,0,0
TXN_A24D7E713E3549BB,2026-04-20 00:47:21.016910+00:00,ACC_00071,33.19,grocery,0,0,0
TXN_973EC3C27CEE4420,2026-04-20 00:48:44.016910+00:00,ACC_00290,370.16,online_services,0,0,0
TXN_C20727E89B53482D,2026-04-20 00:53:55.016910+00:00,ACC_00052,15000.0,travel,1,8,0
TXN_7BB37BDAF73946DF,2026-04-20 02:19:06.016910+00:00,ACC_00052,65.47,travel,0,0,0
TXN_E4E61611E9DA48FA,2026-04-20 02:25:42.016910+00:00,ACC_00052,59.55,restaurant,0,1,0
TXN_177EF66D84FA47F5,2026-04-20 03:34:13.016910+00:00,ACC_00052,29.77,fuel,1,0,0
TXN_000A1B6C62B24DE5,2026-04-20 04:39:14.016910+00:00,ACC_00052,34.85,fuel,0,0,0
TXN_5518A4C4C0EA42A3,2026-04-20 05:05:09.016910+00:00,ACC_00052,41.4,clothing,0,1,0
TXN_6934758881A14CBD,2026-04-20 05:14:23.016910+00:00,ACC_00052,89.99,gaming,0,2,0
TXN_F533A6AC432C4882,2026-04-20 05:36:15.016910+00:00,ACC_00081,12.16,pharmacy,0,0,0
TXN_E78E2B8D1D9B46CE,2026-04-20 05:45:49.016910+00:00,ACC_00081,250.52,hotel,0,1,0
TXN_7FEE499A9D894203,2026-04-20 05:45:50.016910+00:00,ACC_00081,1818.95,other,0,2,0
TXN_F57E005827AE415F,2026-04-20 06:10:41.016910+00:00,ACC_00081,239.82,online_services,0,3,0
TXN_5B37C27CE55B4DEC,2026-04-20 06:30:04.016910+00:00,ACC_00081,32.26,restaurant,0,4,0
TXN_FE2E7FB9FDC34298,2026-04-20 06:59:41.016910+00:00,ACC_00081,17.23,gaming,0,2,0
TXN_5EF25A9C068C4722,2026-04-20 07:02:35.016910+00:00,ACC_00081,52.16,gaming,0,3,0
TXN_8320AD49711E4F8F,2026-04-20 07:07:07.016910+00:00,ACC_00081,51.25,fuel,0,4,0
TXN_9B4768A4D8754926,2026-04-20 07:10:37.016910+00:00,ACC_00896,432.25,travel,0,0,0
TXN_49F4AAE5809C4393,2026-04-20 08:26:59.016910+00:00,ACC_00075,53.73,travel,0,0,0
TXN_487BCAADE1C34417,2026-04-20 08:35:52.016910+00:00,ACC_00604,10.6,gaming,0,0,0
TXN_5FE2C9C190CC4BAD,2026-04-20 08:50:15.016910+00:00,ACC_00283,166.27,travel,0,0,0
TXN_0F1CDCF22EA5483A,2026-04-20 08:56:48.016910+00:00,ACC_00271,630.91,electronics,0,0,0
TXN_2E218464C5544577,2026-04-20 08:58:52.016910+00:00,ACC_00271,71.66,fuel,0,1,0
TXN_4A26ECF3753B44A3,2026-04-20 09:05:08.016910+00:00,ACC_00271,97.63,clothing,0,2,0
TXN_1DD4F9EA806B4FA3,2026-04-20 10:14:21.016910+00:00,ACC_00271,63.62,jewelry,0,0,0
TXN_19136889E59048E8,2026-04-20 10:23:08.016910+00:00,ACC_00271,113.35,electronics,1,1,0
TXN_F1EFD63467F747B4,2026-04-20 11:03:11.016910+00:00,ACC_00271,123.54,grocery,0,2,0
TXN_7DF7D036C4074395,2026-04-20 11:21:09.016910+00:00,ACC_00271,51.84,grocery,0,2,0
TXN_021A010D74B7430E,2026-04-20 12:58:02.016910+00:00,ACC_00271,25.07,hotel,0,0,0
TXN_DC2D2D4D3F5E4757,2026-04-20 14:21:48.016910+00:00,ACC_00380,44.5,gaming,0,0,0
TXN_7A4AA06C0DE34E46,2026-04-20 14:45:30.016910+00:00,ACC_00011,76.29,gaming,0,0,0
TXN_96AAC00AEAA349A4,2026-04-20 14:54:01.016910+00:00,ACC_00011,5.73,electronics,0,1,0
TXN_0C559228D39447A2,2026-04-20 14:57:06.016910+00:00,ACC_00011,35.14,grocery,0,2,0
TXN_8ECE4CB30FDE4093,2026-04-20 15:22:39.016910+00:00,ACC_00011,47.65,electronics,0,3,0
TXN_CCDAD3089CEA40E1,2026-04-20 16:00:48.016910+00:00,ACC_00011,245.76,hotel,0,1,0
TXN_11BA9227344448E0,2026-04-20 16:49:50.016910+00:00,ACC_00011,29.35,gaming,0,1,0
TXN_1C0E36C1DF7946F2,2026-04-20 17:40:27.016910+00:00,ACC_00694,56.76,grocery,0,0,0
TXN_84AB7966FAC84C8E,2026-04-20 18:02:41.016910+00:00,ACC_00945,48.83,clothing,0,0,0
TXN_6C647FFDF62B4F59,2026-04-20 18:54:50.016910+00:00,ACC_00306,35.46,other,0,0,0
TXN_7E9763879C31451E,2026-04-20 18:58:42.016910+00:00,ACC_00229,1439.07,jewelry,0,0,0
TXN_29CBD4D4AC124A63,2026-04-20 19:19:46.016910+00:00,ACC_00188,22.44,fuel,0,0,0
TXN_F7CBC910F2524BB4,2026-04-20 19:40:13.016910+00:00,ACC_00879,146.56,travel,0,0,0
TXN_7BB6C6383F3145FA,2026-04-20 21:26:31.016910+00:00,ACC_00672,48.69,clothing,0,0,0
TXN_4E869BDC8531439A,2026-04-20 22:39:24.016910+00:00,ACC_00672,64.94,other,0,0,0
TXN_DC139C226F074B10,2026-04-20 23:20:54.016910+00:00,ACC_00672,1313.51,jewelry,1,1,0
TXN_1E4469E33C4442B3,2026-04-20 23:57:20.016910+00:00,ACC_00672,95.48,other,0,1,0
TXN_78B8A829D8AF4538,2026-04-21 00:47:03.016910+00:00,ACC_00672,28.13,gaming,0,1,0
TXN_C9DB1CD4998D4D47,2026-04-21 00:57:45.016910+00:00,ACC_00672,111.1,restaurant,0,1,0
TXN_6EFF37DB1DEB48B7,2026-04-21 01:15:42.016910+00:00,ACC_00293,101.71,clothing,0,0,0
TXN_DEFBF2F4851C4841,2026-04-21 01:17:02.016910+00:00,ACC_00293,25.04,grocery,0,1,0
TXN_B2F7CB9CE4434262,2026-04-21 01:28:55.016910+00:00,ACC_00293,372.46,hotel,0,2,0
TXN_A69F46ABD91A4AF0,2026-04-21 02:01:27.016910+00:00,ACC_00293,12.61,gaming,0,3,0
TXN_2BE785520972455F,2026-04-21 02:18:24.016910+00:00,ACC_00293,15.66,online_services,0,2,0
TXN_2D2646E67D9E4E08,2026-04-21 02:26:12.016910+00:00,ACC_00293,23.73,electronics,0,3,0
TXN_41B3C41CBD824CE9,2026-04-21 02:38:40.016910+00:00,ACC_00639,5.68,grocery,0,0,0
TXN_0C57BFF2F77342FB,2026-04-21 02:51:57.016910+00:00,ACC_00111,120.43,grocery,0,0,0
TXN_8C8999DBE55F449D,2026-04-21 03:57:50.016910+00:00,ACC_00480,65.72,other,0,0,0
TXN_A36ABE4719C04BF7,2026-04-21 06:10:47.016910+00:00,ACC_00468,8.95,grocery,0,0,0
TXN_1BC7922F24164A7F,2026-04-21 06:35:49.016910+00:00,ACC_00625,105.58,hotel,0,0,0
TXN_34E45BDA65E745F4,2026-04-21 06:36:06.016910+00:00,ACC_00658,90.73,grocery,0,0,0
TXN_22F3092867C14ED1,2026-04-21 07:05:38.016910+00:00,ACC_00753,68.23,travel,0,0,0
TXN_B8E7BE3F30434ADE,2026-04-21 07:45:26.016910+00:00,ACC_00278,81.06,electronics,0,0,0
TXN_7F473C32E30E4342,2026-04-21 07:47:45.016910+00:00,ACC_00970,304.74,gaming,0,0,0
TXN_B99D7DCF4A0D496C,2026-04-21 08:00:50.016910+00:00,ACC_00017,88.02,electronics,0,0,0
TXN_313E4AC894564613,2026-04-21 09:01:48.016910+00:00,ACC_00017,27.33,hotel,0,0,0
TXN_659F77CFC7694A8C,2026-04-21 09:12:45.016910+00:00,ACC_00017,83.18,travel,0,1,0
TXN_A25BFB35DEAB4400,2026-04-21 10:08:13.016910+00:00,ACC_00017,6.04,restaurant,0,1,0
TXN_5B1134D0A8124E63,2026-04-21 10:14:43.016910+00:00,ACC_00017,82.86,online_services,0,1,0
TXN_60E3AE3A3BBB47AA,2026-04-21 10:30:18.016910+00:00,ACC_00806,48.12,electronics,0,0,0
TXN_550FE893414C4228,2026-04-21 10:59:50.016910+00:00,ACC_00555,18.72,online_services,0,0,0
TXN_2C7668BBB8EE45DF,2026-04-21 12:20:30.016910+00:00,ACC_00348,212.72,restaurant,0,0,0
TXN_D75209820FA446A8,2026-04-21 12:31:16.016910+00:00,ACC_00979,17.8,other,0,0,0
TXN_AE6F88A3914248DD,2026-04-21 12:41:48.016910+00:00,ACC_00730,60.91,jewelry,0,0,0
TXN_11CEB867B01A4596,2026-04-21 13:11:58.016910+00:00,ACC_00256,16.36,online_services,0,0,0
TXN_DA7BE0105E7441DF,2026-04-21 14:03:38.016910+00:00,ACC_00103,66.97,restaurant,0,0,0
TXN_5CD9B58168694D3D,2026-04-21 14:34:32.016910+00:00,ACC_00526,90.39,other,0,0,0
TXN_6FCC6C3A88BB4545,2026-04-21 14:48:52.016910+00:00,ACC_00526,23.02,grocery,0,1,0
TXN_C2E3E345DD094689,2026-04-21 15:02:01.016910+00:00,ACC_00526,24.22,online_services,0,2,0
TXN_EFBFF5738EAF485E,2026-04-21 15:13:20.016910+00:00,ACC_00526,83.65,other,0,3,0
TXN_A61EDCACB5034A03,2026-04-21 15:26:52.016910+00:00,ACC_00526,136.35,electronics,0,4,0
TXN_90BDADEAB77A414B,2026-04-21 15:34:09.016910+00:00,ACC_00526,116.79,travel,0,5,0
TXN_B171412B6AB041C5,2026-04-21 15:43:24.016910+00:00,ACC_00908,46.79,restaurant,0,0,0
TXN_EA57E25EB80041B8,2026-04-21 16:15:50.016910+00:00,ACC_00505,19.3,other,0,0,0
TXN_7004C2CD4270454D,2026-04-21 16:18:13.016910+00:00,ACC_00168,48.83,electronics,0,0,0
TXN_2D2BFE3905F744B9,2026-04-21 16:19:13.016910+00:00,ACC_00168,197.23,hotel,0,1,0
TXN_9192022D02914820,2026-04-21 16:19:29.016910+00:00,ACC_00168,51.59,fuel,0,2,0
TXN_51A95492A43642BA,2026-04-21 18:36:45.016910+00:00,ACC_00168,185.71,other,0,0,0
TXN_93D8BAE84C264BCF,2026-04-21 19:10:46.016910+00:00,ACC_00168,140.91,travel,0,1,0
TXN_05126FCDBD7F4634,2026-04-21 19:24:46.016910+00:00,ACC_00168,1016.94,travel,0,2,0
TXN_C300FC5491234229,2026-04-21 21:00:17.016910+00:00,ACC_00595,81.16,grocery,1,0,0
TXN_1F1411242DC34A46,2026-04-21 21:04:41.016910+00:00,ACC_00384,15000.0,travel,1,8,1
TXN_E90954F8A11F46CB,2026-04-21 21:39:41.016910+00:00,ACC_00639,52.66,electronics,0,0,0
TXN_36AAEBBEC2E94F57,2026-04-21 21:44:38.016910+00:00,ACC_00971,77.2,other,0,0,0
TXN_60A18FD06A754DBE,2026-04-21 22:34:20.016910+00:00,ACC_00944,342.91,hotel,0,0,0
TXN_C767D222DBAD4CBC,2026-04-21 23:20:45.016910+00:00,ACC_00158,7.45,fuel,0,0,0
TXN_332A75E4E5A642FD,2026-04-21 23:28:28.016910+00:00,ACC_00158,143.69,electronics,0,1,0
TXN_E6B537EE6CD04E35,2026-04-21 23:53:25.016910+00:00,ACC_00158,79.83,electronics,0,2,0
TXN_03B1DE273B6C4BE3,2026-04-21 23:54:51.016910+00:00,ACC_00158,45.99,fuel,0,3,0
TXN_B3E89360D1094B0B,2026-04-22 01:00:19.016910+00:00,ACC_00776,11.47,gaming,0,0,0
TXN_E6AE8B138ADF4D28,2026-04-22 01:39:05.016910+00:00,ACC_00738,102.79,pharmacy,0,0,0
TXN_A1C26F3E814B40AC,2026-04-22 02:46:31.016910+00:00,ACC_00681,455.5,electronics,0,0,0
TXN_CD8E00E2A2E342FB,2026-04-22 03:02:56.016910+00:00,ACC_00266,73.71,grocery,0,0,0
TXN_ACEA49C69CA7474D,2026-04-22 04:04:50.016910+00:00,ACC_00210,256.42,clothing,0,0,0
TXN_7AA3F65D5A3A4C2E,2026-04-22 04:37:46.016910+00:00,ACC_00280,34.31,clothing,0,0,0
TXN_A6CBA26310F541F1,2026-04-22 04:38:37.016910+00:00,ACC_00086,140.39,electronics,0,0,0
TXN_004825717C9740A8,2026-04-22 05:16:39.016910+00:00,ACC_00382,427.66,jewelry,0,0,0
TXN_EC540E08CD11414E,2026-04-22 05:24:14.016910+00:00,ACC_00552,54.75,fuel,0,0,0
TXN_CECC47FC8C714CB6,2026-04-22 06:09:09.016910+00:00,ACC_00306,21.39,restaurant,0,0,0
TXN_31F9E61C5FA5485D,2026-04-22 06:17:25.016910+00:00,ACC_00570,33.03,fuel,0,0,0
TXN_70B0269E8EF748E2,2026-04-22 06:30:13.016910+00:00,ACC_00857,143.52,grocery,0,0,0
TXN_0CFB432CB4E44AF6,2026-04-22 06:55:01.016910+00:00,ACC_00938,42.96,online_services,0,0,0
TXN_982A924D49014C8E,2026-04-22 07:01:52.016910+00:00,ACC_00534,160.9,other,0,0,0
TXN_B21ADFFE2CCB4FC7,2026-04-22 07:13:29.016910+00:00,ACC_00892,127.75,travel,0,0,0
TXN_360FE17FE58044B4,2026-04-22 07:15:58.016910+00:00,ACC_00133,95.91,pharmacy,0,0,0
TXN_35B159B41986495D,2026-04-22 07:33:53.016910+00:00,ACC_00447,118.7,electronics,0,0,0
TXN_7EA675071EEC41A9,2026-04-22 07:43:19.016910+00:00,ACC_00066,78.46,gaming,0,0,0
TXN_8B2AC268F904426D,2026-04-22 08:52:49.016910+00:00,ACC_00066,73.22,travel,0,0,0
TXN_757EDEAF760D4406,2026-04-22 09:44:34.016910+00:00,ACC_00066,56.04,gaming,0,1,0
TXN_AED908A153354C01,2026-04-22 09:48:25.016910+00:00,ACC_00066,23.74,online_services,0,2,0
TXN_3C9AEE28BEB24F2A,2026-04-22 09:54:30.016910+00:00,ACC_00066,26.09,fuel,0,2,0
TXN_9F81CD72E1D54D6C,2026-04-22 10:31:30.016910+00:00,ACC_00590,20.05,restaurant,0,0,0
TXN_CBB9B55EE8CF4B38,2026-04-22 10:43:15.016910+00:00,ACC_00754,32.51,grocery,0,0,0
TXN_927E2C422DDC4D1A,2026-04-22 11:31:25.016910+00:00,ACC_00756,281.49,electronics,0,0,0
TXN_5C78588986E64AA0,2026-04-22 11:37:14.016910+00:00,ACC_00202,143.97,jewelry,0,0,0
TXN_85A4EC9EF1A8450D,2026-04-22 13:26:35.016910+00:00,ACC_00099,126.63,hotel,0,0,0
TXN_4725860594B34610,2026-04-22 13:31:38.016910+00:00,ACC_00099,144.37,clothing,1,1,0
TXN_4B90F94A839D46E5,2026-04-22 13:40:19.016910+00:00,ACC_00099,192.05,electronics,0,2,0
TXN_66331866317A4603,2026-04-22 13:44:50.016910+00:00,ACC_00099,6.49,pharmacy,0,3,0
TXN_C32253C4906748B4,2026-04-22 13:57:21.016910+00:00,ACC_00462,14.02,other,0,0,0
TXN_74AA1117A0C94CE0,2026-04-22 13:57:55.016910+00:00,ACC_00956,71.7,clothing,0,0,0
TXN_AA932F8FA8F34CEC,2026-04-22 15:03:56.016910+00:00,ACC_00904,27.5,gaming,0,0,0
TXN_1078EEFCFCFE4C6B,2026-04-22 15:11:29.016910+00:00,ACC_00209,9.99,online_services,0,0,0
TXN_5B9544E5E0D94446,2026-04-22 15:18:49.016910+00:00,ACC_00651,22.53,fuel,0,0,0
TXN_1CA0F98ED66145DA,2026-04-22 15:23:15.016910+00:00,ACC_00651,330.61,jewelry,0,1,0
TXN_2E253CC8D6E44C77,2026-04-22 15:36:49.016910+00:00,ACC_00651,14700.21,travel,0,2,1
TXN_26A366A269F04DA2,2026-04-22 15:59:26.016910+00:00,ACC_00651,115.32,electronics,0,3,0
TXN_08202854C01B4B73,2026-04-22 16:24:49.016910+00:00,ACC_00651,38.74,clothing,0,2,0
TXN_D66410551C6B4B14,2026-04-22 17:40:51.016910+00:00,ACC_00651,28.37,other,0,0,0
TXN_5905F9D4866B4A67,2026-04-22 17:53:07.016910+00:00,ACC_00651,68.73,other,1,1,0
TXN_3624C02EFA6E4B08,2026-04-22 17:53:36.016910+00:00,ACC_00651,5.73,restaurant,0,2,0
TXN_E25C9C0997394BA1,2026-04-22 18:18:06.016910+00:00,ACC_00380,1656.61,electronics,0,0,0
TXN_1C00077DB1954E48,2026-04-22 18:18:49.016910+00:00,ACC_00670,103.94,clothing,0,0,0
TXN_4D6C63C73A7C42DD,2026-04-22 18:34:52.016910+00:00,ACC_00456,7.19,restaurant,0,0,0
TXN_24618FBD37714676,2026-04-22 18:36:11.016910+00:00,ACC_00994,43.97,gaming,0,0,0
TXN_EC0E128DC9974B62,2026-04-22 19:17:53.016910+00:00,ACC_00307,29.54,online_services,0,0,0
TXN_540CFD6EE4E440C5,2026-04-22 19:44:14.016910+00:00,ACC_00842,33.87,other,0,0,0
TXN_4714F314416A4CFF,2026-04-22 20:35:01.016910+00:00,ACC_00409,254.61,electronics,0,0,0
TXN_60F497EFF6BB40AE,2026-04-22 21:04:41.016910+00:00,ACC_00142,139.89,clothing,0,0,0
TXN_B1BEC88F1CD0479B,2026-04-22 21:28:31.016910+00:00,ACC_00976,40.83,hotel,0,0,0
TXN_B37895B3AA7C42EB,2026-04-22 21:29:20.016910+00:00,ACC_00652,4.55,other,0,0,0
TXN_2D5D87E330084053,2026-04-22 21:36:26.016910+00:00,ACC_00652,32.75,grocery,0,1,0
TXN_FA5105DB8CBA4A7F,2026-04-22 21:50:07.016910+00:00,ACC_00652,7.33,gaming,0,2,0
TXN_011679B7D0F74F43,2026-04-22 21:52:56.016910+00:00,ACC_00652,59.96,restaurant,0,3,0
TXN_628CAEC73EE443F3,2026-04-22 22:54:40.016910+00:00,ACC_00652,36.62,grocery,0,0,0
TXN_13A8AFF0DC9E41B4,2026-04-23 02:21:39.016910+00:00,ACC_00652,33.99,travel,0,0,0
TXN_7947F48D4D7A47BE,2026-04-23 02:34:28.016910+00:00,ACC_00652,15.86,pharmacy,0,1,0
TXN_B9533F34244C455A,2026-04-23 02:38:05.016910+00:00,ACC_00078,17.01,clothing,0,0,0
TXN_B27C497352B24077,2026-04-23 02:41:45.016910+00:00,ACC_00116,22.62,clothing,0,0,0
TXN_E34C0A0C54304916,2026-04-23 03:09:13.016910+00:00,ACC_00352,9.87,other,0,0,0
TXN_27CA02A11EFE4CBB,2026-04-23 03:20:13.016910+00:00,ACC_00390,162.06,gaming,0,0,0
TXN_E27F09C020654345,2026-04-23 03:34:58.016910+00:00,ACC_00812,12.65,pharmacy,0,0,0
TXN_B1767C2D6A2C4192,2026-04-23 04:03:30.016910+00:00,ACC_00335,27.42,restaurant,0,0,0
TXN_C1B0B07DB0B24C41,2026-04-23 04:19:14.016910+00:00,ACC_00143,57.33,grocery,0,0,0
TXN_1A6448CA47F94ED7,2026-04-23 04:20:56.016910+00:00,ACC_00063,311.34,electronics,0,0,0
TXN_E066B09A0C274456,2026-04-23 05:06:34.016910+00:00,ACC_00063,28.33,restaurant,1,1,0
TXN_45F394112ED34E33,2026-04-23 05:27:55.016910+00:00,ACC_00063,38.2,clothing,0,1,0
TXN_AA22E7D58BBC4903,2026-04-23 05:28:06.016910+00:00,ACC_00063,147.36,travel,0,2,0
TXN_578CE37372014CF4,2026-04-23 05:59:40.016910+00:00,ACC_00063,16.25,gaming,0,3,0
TXN_AFBA894D3390499E,2026-04-23 06:12:01.016910+00:00,ACC_00063,10.88,restaurant,0,3,0
TXN_E50C7AB1DF8749BB,2026-04-23 06:19:32.016910+00:00,ACC_00063,29.08,grocery,0,4,0
TXN_D6D671B634BF455F,2026-04-23 09:03:08.016910+00:00,ACC_00063,5.14,grocery,0,0,0
TXN_3953E7557EB5455D,2026-04-23 09:19:39.016910+00:00,ACC_00738,17.35,pharmacy,0,0,0
TXN_6BAD017D7E5B4CBB,2026-04-23 09:26:48.016910+00:00,ACC_00611,31.43,clothing,0,0,0
TXN_08E502C40A434039,2026-04-23 09:59:07.016910+00:00,ACC_00300,271.05,gaming,0,0,0
TXN_B67EB5F4813844CF,2026-04-23 09:59:08.016910+00:00,ACC_00300,446.09,travel,0,1,0
TXN_ED3796278FD340CE,2026-04-23 10:22:21.016910+00:00,ACC_00300,65.29,online_services,0,2,0
TXN_EF4ECD8AFBCF4D68,2026-04-23 10:32:14.016910+00:00,ACC_00300,492.3,jewelry,0,3,0
TXN_30A6F8AA85654E69,2026-04-23 11:11:24.016910+00:00,ACC_00300,15.12,grocery,0,2,0
TXN_789CE443DEE74649,2026-04-23 11:44:32.016910+00:00,ACC_00300,120.93,hotel,0,1,0
TXN_90544796321F449A,2026-04-23 12:15:04.016910+00:00,ACC_00941,269.99,travel,0,0,0
TXN_6F341CAE363E4F7A,2026-04-23 12:24:30.016910+00:00,ACC_00496,43.53,hotel,0,0,0
TXN_E12AAD1077414476,2026-04-23 12:59:44.016910+00:00,ACC_00839,28.11,electronics,0,0,0
TXN_F42F609E48F64993,2026-04-23 13:02:18.016910+00:00,ACC_00797,146.92,hotel,0,0,0
TXN_7ED572B5FA284172,2026-04-23 13:27:17.016910+00:00,ACC_00490,10.78,fuel,0,0,0
TXN_6EA03615A7EE4DF3,2026-04-23 13:44:03.016910+00:00,ACC_00128,178.44,hotel,0,0,0
TXN_F9F77DD79DAE4DF0,2026-04-23 14:16:29.016910+00:00,ACC_00302,106.97,grocery,0,0,0
TXN_D4AD794CA5E24A24,2026-04-23 15:09:33.016910+00:00,ACC_00311,13.42,pharmacy,0,0,0
TXN_1A6079BBE19A4C7A,2026-04-23 15:21:02.016910+00:00,ACC_00448,11.95,restaurant,0,0,0
TXN_64FEDF8EF728485B,2026-04-23 15:54:11.016910+00:00,ACC_00321,296.11,electronics,0,0,0
TXN_262A117EFAFD4D47,2026-04-23 16:12:27.016910+00:00,ACC_00321,113.89,electronics,0,1,0
TXN_345E9154EB6F4AD5,2026-04-23 16:24:33.016910+00:00,ACC_00321,89.67,grocery,0,2,0
TXN_799DE8AA8F6B45B8,2026-04-23 17:35:07.016910+00:00,ACC_00321,21.48,restaurant,0,0,0
TXN_BB12EA9B511D47F1,2026-04-23 17:56:18.016910+00:00,ACC_00484,27.6,pharmacy,0,0,0
TXN_84576D9C102D4009,2026-04-23 18:03:29.016910+00:00,ACC_00436,222.22,jewelry,0,0,0
TXN_5D6581F8C69841CF,2026-04-23 18:09:17.016910+00:00,ACC_00570,157.7,pharmacy,0,0,0
TXN_9D394EDA561D46F2,2026-04-23 18:47:20.016910+00:00,ACC_00685,70.79,pharmacy,0,0,0
TXN_07190DABB4FD4BC8,2026-04-23 19:11:20.016910+00:00,ACC_00104,112.31,jewelry,0,0,0
TXN_95CDECC1E2074E6E,2026-04-23 20:39:40.016910+00:00,ACC_00069,258.86,jewelry,0,0,0
TXN_9B67A0B422F14941,2026-04-23 21:49:49.016910+00:00,ACC_00069,20.14,restaurant,0,0,0
TXN_A1A371FE64E8442B,2026-04-23 22:09:52.016910+00:00,ACC_00069,30.48,clothing,0,1,0
TXN_2415F838DFCC4EEF,2026-04-23 22:55:05.016910+00:00,ACC_00069,173.53,electronics,0,1,0
TXN_9F68E92A08174B78,2026-04-23 23:00:57.016910+00:00,ACC_00874,35.32,restaurant,0,0,0
TXN_2F3A610D1F914538,2026-04-23 23:05:28.016910+00:00,ACC_00595,18.07,gaming,0,0,0
TXN_68E7F5B1E9744C25,2026-04-23 23:26:23.016910+00:00,ACC_00618,111.37,hotel,0,0,0
TXN_B19D14177EC34365,2026-04-23 23:41:09.016910+00:00,ACC_00200,29.65,clothing,0,0,0
TXN_06F57884CDC34F60,2026-04-24 00:50:46.016910+00:00,ACC_00206,48.88,pharmacy,0,0,0
TXN_B518858E542842D4,2026-04-24 01:19:58.016910+00:00,ACC_00959,126.64,jewelry,0,0,0
TXN_BEC9204FF8974BB2,2026-04-24 02:59:19.016910+00:00,ACC_00959,23.13,restaurant,0,0,0
TXN_49841FE8666F4600,2026-04-24 03:37:05.016910+00:00,ACC_00959,31.23,clothing,0,1,0
TXN_A646893CB02D444A,2026-04-24 03:39:25.016910+00:00,ACC_00959,22.26,hotel,0,2,0
TXN_CBC02E6EDBB04224,2026-04-24 03:54:44.016910+00:00,ACC_00959,247.98,other,0,3,0
TXN_4763788E58D7469F,2026-04-24 05:43:53.016910+00:00,ACC_00959,110.22,hotel,0,0,0
TXN_C6422FD9C38E4BD2,2026-04-24 06:03:39.016910+00:00,ACC_00959,1032.25,jewelry,0,1,0
TXN_726EA891DCA847D3,2026-04-24 07:00:41.016910+00:00,ACC_00365,45.99,online_services,0,0,0
TXN_520CCE11BCF04D9F,2026-04-24 07:20:04.016910+00:00,ACC_00090,82.48,online_services,0,0,0
TXN_FBE6E9EDE5FA432B,2026-04-24 07:39:54.016910+00:00,ACC_00408,14.87,restaurant,0,0,0
TXN_40432ADA22E64476,2026-04-24 07:57:50.016910+00:00,ACC_00140,24.32,gaming,0,0,0
TXN_0B3E229BCB0343F9,2026-04-24 08:34:05.016910+00:00,ACC_00269,104.57,hotel,0,0,0
TXN_A45625B210DB45D6,2026-04-24 10:19:53.016910+00:00,ACC_00030,127.7,restaurant,0,0,0
TXN_AAE453516E5D40C0,2026-04-24 11:24:11.016910+00:00,ACC_00234,93.1,jewelry,0,0,0
TXN_516A6F75071046BB,2026-04-24 11:25:24.016910+00:00,ACC_00349,9.14,other,0,0,0
TXN_5DED81D847154585,2026-04-24 11:44:40.016910+00:00,ACC_00298,288.87,electronics,0,0,0
TXN_80663CFB32C248E9,2026-04-24 11:57:42.016910+00:00,ACC_00527,274.16,travel,0,0,0
TXN_EACC9CECA2844C02,2026-04-24 12:03:11.016910+00:00,ACC_00630,29.19,gaming,0,0,0
TXN_B69269F2D59A47F2,2026-04-24 12:09:39.016910+00:00,ACC_00380,311.37,online_services,0,0,0
TXN_EE5C328B56DC4FEA,2026-04-24 12:26:12.016910+00:00,ACC_00533,1641.68,jewelry,0,0,0
TXN_C348A3781C7D4EA6,2026-04-24 13:02:29.016910+00:00,ACC_00147,8.42,online_services,0,0,0
TXN_5E88D619F4684803,2026-04-24 13:14:25.016910+00:00,ACC_00147,17.48,pharmacy,0,1,0
TXN_BD55E0B3EC724485,2026-04-24 13:27:01.016910+00:00,ACC_00147,207.75,jewelry,0,2,0
TXN_B6AA595901304B84,2026-04-24 13:34:11.016910+00:00,ACC_00147,39.66,restaurant,0,3,0
TXN_B053FF9AC85349BF,2026-04-24 13:51:28.016910+00:00,ACC_00147,273.46,jewelry,0,4,0
TXN_3E32E13E76F14C04,2026-04-24 14:27:19.016910+00:00,ACC_00147,27.46,restaurant,0,2,0
TXN_5D9E113E3E794654,2026-04-24 15:00:51.016910+00:00,ACC_00147,16.31,online_services,0,1,0
TXN_CEFAEC5DCE754C4B,2026-04-24 15:15:20.016910+00:00,ACC_00147,357.61,jewelry,0,2,0
TXN_84F5A167AE904F94,2026-04-24 15:18:44.016910+00:00,ACC_00031,378.16,jewelry,0,0,0
TXN_98C900288BBD493C,2026-04-24 15:20:55.016910+00:00,ACC_00794,107.16,gaming,0,0,0
TXN_4173DFD55B4042CE,2026-04-24 15:26:11.016910+00:00,ACC_00794,45.17,travel,0,1,0
TXN_DB4DACD1B18B4868,2026-04-24 15:27:45.016910+00:00,ACC_00794,13111.22,travel,0,2,0
TXN_379537EA6D65494F,2026-04-24 15:29:44.016910+00:00,ACC_00794,24.44,fuel,0,3,0
TXN_19D9F8235B094EB2,2026-04-24 16:55:29.016910+00:00,ACC_00794,35.58,hotel,0,0,0
TXN_69FD8AB26B424D06,2026-04-24 17:36:07.016910+00:00,ACC_00517,30.8,grocery,0,0,0
TXN_BCB4E9CBEE5F4A0B,2026-04-24 17:47:31.016910+00:00,ACC_00788,42.52,hotel,0,0,0
TXN_B667BB32E1294C80,2026-04-24 18:04:19.016910+00:00,ACC_00763,12.37,gaming,0,0,0
TXN_04F683DAEFC148D7,2026-04-24 18:43:15.016910+00:00,ACC_00982,15000.0,travel,1,5,0
TXN_85C9A9F705834ACC,2026-04-24 19:35:05.016910+00:00,ACC_00437,36.31,other,0,0,0
TXN_A8FC8953C5E84A1D,2026-04-24 21:10:52.016910+00:00,ACC_00437,111.65,jewelry,0,0,0
TXN_33C7A263445A4703,2026-04-24 21:25:00.016910+00:00,ACC_00437,342.8,electronics,0,1,0
TXN_E07289DFF69146E6,2026-04-24 21:44:48.016910+00:00,ACC_00437,48.7,restaurant,0,2,0
TXN_7E31A1D07D70459C,2026-04-24 22:03:09.016910+00:00,ACC_00544,5.88,fuel,0,0,0
TXN_912F63CC207940EF,2026-04-24 22:08:14.016910+00:00,ACC_00223,319.29,jewelry,0,0,0
TXN_45CB7A0D5E534C1B,2026-04-24 22:52:11.016910+00:00,ACC_00362,63.56,gaming,1,0,0
TXN_550698CC9A324B06,2026-04-24 22:53:23.016910+00:00,ACC_00999,29.64,fuel,0,0,0
TXN_970CF94FD6BC4F5A,2026-04-24 23:04:21.016910+00:00,ACC_00682,24.54,pharmacy,0,0,0
TXN_1316665BCC874720,2026-04-24 23:34:17.016910+00:00,ACC_00599,24.37,electronics,0,0,0
TXN_14B9F95F141D440C,2026-04-24 23:55:37.016910+00:00,ACC_00389,268.6,fuel,0,0,0
TXN_66E85C6904E2440F,2026-04-24 23:56:24.016910+00:00,ACC_00859,39.46,clothing,0,0,0
TXN_C3590D06C6E04798,2026-04-25 00:12:57.016910+00:00,ACC_00163,52.97,fuel,0,0,0
TXN_0994E413424F472A,2026-04-25 01:22:15.016910+00:00,ACC_00352,115.27,travel,0,0,0
TXN_FBDA03B1614545C6,2026-04-25 02:10:16.016910+00:00,ACC_00263,14.16,restaurant,0,0,0
TXN_B7BCC1762EAA4D2B,2026-04-25 02:20:09.016910+00:00,ACC_00263,96.09,online_services,0,1,0
TXN_76730CD93A0E4BFD,2026-04-25 02:22:39.016910+00:00,ACC_00263,125.71,hotel,0,2,0
TXN_9E2163371C4D4300,2026-04-25 02:36:19.016910+00:00,ACC_00263,30.93,fuel,0,3,0
TXN_4EE255E0FD3E4833,2026-04-25 02:45:40.016910+00:00,ACC_00263,37.44,restaurant,0,4,0
TXN_88CB40CBD0724949,2026-04-25 02:46:17.016910+00:00,ACC_00263,100.31,electronics,0,5,0
TXN_6C234FF829A04581,2026-04-25 02:48:04.016910+00:00,ACC_00263,223.24,online_services,0,6,0
TXN_C9D4CEDFD0944A3E,2026-04-25 04:05:45.016910+00:00,ACC_00522,289.91,travel,0,0,0
TXN_2208DF6AD78B4866,2026-04-25 05:27:03.016910+00:00,ACC_00542,78.63,clothing,0,0,0
TXN_EBC3770D4FB542DC,2026-04-25 05:48:24.016910+00:00,ACC_00590,9.37,grocery,0,0,0
TXN_6E6FA76B39A74B5F,2026-04-25 05:59:46.016910+00:00,ACC_00882,72.33,gaming,0,0,0
TXN_D9EA07E38BB343D2,2026-04-25 06:56:59.016910+00:00,ACC_00178,15000.0,travel,1,7,1
TXN_196E7D1375F24D10,2026-04-25 07:13:56.016910+00:00,ACC_00360,43.17,hotel,0,0,0
TXN_283A20BB52DE41B7,2026-04-25 07:28:40.016910+00:00,ACC_00360,10.51,online_services,0,1,0
TXN_CB5E714D81B1471B,2026-04-25 07:58:58.016910+00:00,ACC_00360,66.69,pharmacy,0,2,0
TXN_1CF136592F374965,2026-04-25 08:23:35.016910+00:00,ACC_00360,63.0,restaurant,0,2,0
TXN_D3AAB8BAFF2547B7,2026-04-25 08:26:54.016910+00:00,ACC_00360,76.35,travel,0,3,0
TXN_D67DDF04BAC340EB,2026-04-25 08:51:27.016910+00:00,ACC_00313,23.48,gaming,0,0,0
TXN_0E0EA3E20E4A45C4,2026-04-25 08:52:16.016910+00:00,ACC_00506,49.47,online_services,0,0,0
TXN_713C1E8C03484F56,2026-04-25 09:06:53.016910+00:00,ACC_00228,32.59,clothing,0,0,0
TXN_116491E580D74FB3,2026-04-25 10:41:48.016910+00:00,ACC_00850,11.62,clothing,0,0,0
TXN_FC85DC274E6E4CC3,2026-04-25 10:49:34.016910+00:00,ACC_00116,42.75,hotel,0,0,0
TXN_A1F9611E0F4D4C99,2026-04-25 12:03:15.016910+00:00,ACC_00993,146.06,electronics,0,0,0
TXN_70D9597B7AE4457F,2026-04-25 12:19:04.016910+00:00,ACC_00993,15.69,grocery,0,1,0
TXN_88F72A769EAB4891,2026-04-25 12:20:03.016910+00:00,ACC_00993,119.45,clothing,0,2,0
TXN_57FC739EC9304975,2026-04-25 13:35:44.016910+00:00,ACC_00993,173.6,hotel,0,0,0
TXN_5D9D18CA224C445C,2026-04-25 14:03:17.016910+00:00,ACC_00993,189.73,travel,0,1,0
TXN_0E6F0CF5FE114C86,2026-04-25 14:59:42.016910+00:00,ACC_00993,60.62,other,0,1,0
TXN_EE05B9EAD59F4144,2026-04-25 14:59:59.016910+00:00,ACC_00993,24.5,clothing,0,2,0
TXN_9FD903873F734703,2026-04-25 15:06:08.016910+00:00,ACC_00993,396.32,jewelry,0,2,0
TXN_0708270CB01D4826,2026-04-25 16:29:11.016910+00:00,ACC_00631,15.93,pharmacy,0,0,0
TXN_58B29628E33644EC,2026-04-25 16:34:05.016910+00:00,ACC_00975,112.51,gaming,0,0,0
TXN_6F1A67FAB9834972,2026-04-25 17:09:42.016910+00:00,ACC_00400,185.07,gaming,0,0,0
TXN_9DAA250F7DA648F5,2026-04-25 18:36:48.016910+00:00,ACC_00508,125.01,electronics,1,0,0
TXN_BD8AFD17B9874F88,2026-04-25 19:32:46.016910+00:00,ACC_00220,99.25,restaurant,0,0,0
TXN_E8DF70A35A504A87,2026-04-25 19:32:52.016910+00:00,ACC_00198,86.51,jewelry,0,0,0
TXN_A95720A16A4342EF,2026-04-25 20:08:37.016910+00:00,ACC_00487,61.44,fuel,0,0,0
TXN_E13A2D6ED0574D6C,2026-04-25 20:19:43.016910+00:00,ACC_00487,107.27,electronics,1,1,0
TXN_3AC51E7C7D6E4AD7,2026-04-25 20:36:43.016910+00:00,ACC_00487,101.8,clothing,0,2,0
TXN_BB08232559484DA3,2026-04-25 22:20:41.016910+00:00,ACC_00487,4.39,restaurant,0,0,0
TXN_97894D6DDD7C4AA9,2026-04-25 22:50:17.016910+00:00,ACC_00487,85.13,gaming,0,1,0
TXN_7D873CAC67AF4124,2026-04-25 22:56:01.016910+00:00,ACC_00487,59.05,hotel,0,2,0
TXN_BF209739256F4F2C,2026-04-25 23:23:57.016910+00:00,ACC_00487,112.29,hotel,0,2,0
TXN_49669B0DA5344F07,2026-04-26 00:27:40.016910+00:00,ACC_00487,300.56,online_services,0,0,0
TXN_DC373334B1784C61,2026-04-26 00:59:06.016910+00:00,ACC_00798,181.4,electronics,0,0,0
TXN_4C7708D08EB3411C,2026-04-26 01:16:45.016910+00:00,ACC_00798,55.64,fuel,0,1,0
TXN_F4A8DAE989A148C0,2026-04-26 02:32:10.016910+00:00,ACC_00798,36.7,restaurant,0,0,0
TXN_D5DD6531EDD245E8,2026-04-26 03:00:57.016910+00:00,ACC_00798,109.73,grocery,0,1,0
TXN_45BEA2F8CEE54525,2026-04-26 03:09:51.016910+00:00,ACC_00798,117.13,other,0,2,0
TXN_0BB326EE26034F9E,2026-04-26 03:13:56.016910+00:00,ACC_00798,59.35,online_services,0,3,0
TXN_D12794221D2D4CEE,2026-04-26 03:22:14.016910+00:00,ACC_00798,32.88,restaurant,0,4,0
TXN_DD9F07E6D6E846F3,2026-04-26 04:39:18.016910+00:00,ACC_00417,55.54,clothing,0,0,0
TXN_DDBBB4A228054489,2026-04-26 05:35:15.016910+00:00,ACC_00417,101.91,electronics,0,1,0
TXN_F1913B74874B4829,2026-04-26 05:36:00.016910+00:00,ACC_00417,12.47,grocery,0,2,0
TXN_04FE4D1B9B3949D6,2026-04-26 06:16:15.016910+00:00,ACC_00417,221.99,travel,0,2,0
TXN_25C9DF0D97014CC4,2026-04-26 06:35:05.016910+00:00,ACC_00417,19.3,pharmacy,0,3,0
TXN_97093556CD9146A6,2026-04-26 07:58:21.016910+00:00,ACC_00844,112.85,online_services,0,0,0
TXN_D4803D636D574A81,2026-04-26 09:24:48.016910+00:00,ACC_00691,27.3,pharmacy,0,0,0
TXN_F00A82228ECD4B8F,2026-04-26 09:42:06.016910+00:00,ACC_00134,62.73,restaurant,0,0,0
TXN_94CBFB18A25A41DC,2026-04-26 09:44:51.016910+00:00,ACC_00571,130.18,travel,0,0,0
TXN_DBA6100F25524580,2026-04-26 11:20:42.016910+00:00,ACC_00571,193.73,jewelry,0,0,0
TXN_ACCE6C6E9ED94D71,2026-04-26 11:24:37.016910+00:00,ACC_00571,31.34,restaurant,0,1,0
TXN_A76A0DB09C4B422D,2026-04-26 11:30:37.016910+00:00,ACC_00571,161.73,jewelry,0,2,0
TXN_2A7745E6D0804F98,2026-04-26 11:55:49.016910+00:00,ACC_00571,256.13,fuel,0,3,0
TXN_E61E110E994242F8,2026-04-26 11:59:57.016910+00:00,ACC_00293,1233.45,jewelry,0,0,0
TXN_68611414772A42B1,2026-04-26 12:18:35.016910+00:00,ACC_00811,1195.63,jewelry,0,0,0
TXN_6EF78711460F46B6,2026-04-26 12:25:37.016910+00:00,ACC_00061,294.53,jewelry,0,0,0
TXN_7995B2C934654F1F,2026-04-26 13:05:06.016910+00:00,ACC_00524,24.32,online_services,0,0,0
TXN_7FCEC563A5164AC1,2026-04-26 13:57:04.016910+00:00,ACC_00579,103.2,online_services,0,0,0
TXN_C67A449D70124A52,2026-04-26 14:02:57.016910+00:00,ACC_00579,28.5,fuel,0,1,0
TXN_0C12AE9F2EAF43AB,2026-04-26 14:41:19.016910+00:00,ACC_00579,141.2,other,0,2,0
TXN_1CF645CB331446CB,2026-04-26 15:51:32.016910+00:00,ACC_00579,26.26,clothing,0,0,0
TXN_16766603551A4E08,2026-04-26 15:52:37.016910+00:00,ACC_00854,157.73,hotel,0,0,0
TXN_B85D49F7BDAB4DF0,2026-04-26 15:54:21.016910+00:00,ACC_00448,114.36,grocery,0,0,0
TXN_2E426CBBD8DE4B71,2026-04-26 15:54:53.016910+00:00,ACC_00541,106.99,travel,0,0,0
TXN_FB3A5D479A0F4AC4,2026-04-26 16:16:49.016910+00:00,ACC_00173,38.39,clothing,0,0,0
TXN_74753DAD451F461A,2026-04-26 16:39:49.016910+00:00,ACC_00173,28.47,electronics,0,1,0
TXN_4DA2E273A2B34D07,2026-04-26 17:28:56.016910+00:00,ACC_00173,26.97,clothing,1,1,0
TXN_03E1984187C1408A,2026-04-26 18:39:02.016910+00:00,ACC_00173,289.04,jewelry,0,0,0
TXN_FACFA60363044DDB,2026-04-26 19:29:10.016910+00:00,ACC_00173,58.34,fuel,0,1,0
TXN_5F66380B013D43C9,2026-04-26 20:00:11.016910+00:00,ACC_00004,76.7,gaming,0,0,0
TXN_FA802B87135B41B3,2026-04-26 20:34:32.016910+00:00,ACC_00259,7.21,grocery,0,0,0
TXN_0ECAF1FF0C1244CF,2026-04-26 20:45:55.016910+00:00,ACC_00259,32.71,gaming,0,1,0
TXN_870673C94F7644CA,2026-04-26 21:05:02.016910+00:00,ACC_00259,31.29,electronics,0,2,0
TXN_6C1DE600D2D84F6A,2026-04-26 21:15:38.016910+00:00,ACC_00259,55.07,gaming,0,3,0
TXN_2CE7EE63A14143E1,2026-04-26 22:11:41.016910+00:00,ACC_00471,9.76,gaming,1,0,0
TXN_79801CEC3A444FF2,2026-04-26 22:56:14.016910+00:00,ACC_00557,9.81,restaurant,0,0,0
TXN_7E4E4705C6D24C9A,2026-04-26 23:30:37.016910+00:00,ACC_00492,80.56,fuel,0,0,0
TXN_D0CED6B93ACB4A92,2026-04-27 00:03:27.016910+00:00,ACC_00836,26.47,gaming,0,0,0
TXN_0D69808A0F2345E9,2026-04-27 00:13:30.016910+00:00,ACC_00122,200.37,other,0,0,0
TXN_D51B721D548B4989,2026-04-27 00:45:58.016910+00:00,ACC_00099,49.2,restaurant,0,0,0
TXN_E83CC89E4B344119,2026-04-27 01:01:56.016910+00:00,ACC_00379,86.03,hotel,0,0,0
TXN_01581936C82A41DE,2026-04-27 01:46:03.016910+00:00,ACC_00317,94.3,grocery,0,0,0
TXN_E52DA083EE6847FA,2026-04-27 01:49:10.016910+00:00,ACC_00013,92.86,hotel,0,0,0
TXN_0F636FCC31874024,2026-04-27 02:46:41.016910+00:00,ACC_00013,86.83,online_services,0,1,0
TXN_2D62AF90CC2643F9,2026-04-27 03:19:17.016910+00:00,ACC_00013,71.76,travel,0,1,0
TXN_6373A35127BD4544,2026-04-27 03:24:55.016910+00:00,ACC_00013,100.16,fuel,0,2,0
TXN_5F729F7EBB78457B,2026-04-27 03:30:18.016910+00:00,ACC_00013,9.19,grocery,0,3,0
TXN_F1C5C632FDE74176,2026-04-27 03:59:51.016910+00:00,ACC_00017,19.59,other,0,0,0
TXN_43C1BA2185E64383,2026-04-27 04:13:55.016910+00:00,ACC_00156,13.53,pharmacy,0,0,0
TXN_7EECE1C01FFE4EB8,2026-04-27 05:23:53.016910+00:00,ACC_00296,62.85,electronics,0,0,0
TXN_6B805B89E57A4EAD,2026-04-27 05:26:15.016910+00:00,ACC_00355,37.38,restaurant,0,0,0
TXN_D7419CD4BC484653,2026-04-27 05:40:35.016910+00:00,ACC_00479,109.4,hotel,0,0,0
TXN_B851D12897ED4AA8,2026-04-27 05:55:14.016910+00:00,ACC_00974,219.62,hotel,1,0,0
TXN_095F233589904838,2026-04-27 06:26:23.016910+00:00,ACC_00635,331.67,electronics,0,0,0
TXN_997EEA4ABDD64F2E,2026-04-27 08:20:39.016910+00:00,ACC_00635,7.2,pharmacy,0,0,0
TXN_B58022970BD5495C,2026-04-27 09:07:39.016910+00:00,ACC_00635,113.03,pharmacy,0,1,0
TXN_D9CFC32F5342442D,2026-04-27 09:35:18.016910+00:00,ACC_00635,27.3,pharmacy,0,1,0
TXN_94EB98D4C5D44CAA,2026-04-27 10:04:51.016910+00:00,ACC_00635,204.49,grocery,0,2,0
TXN_6A9907B7C75B4094,2026-04-27 10:23:38.016910+00:00,ACC_00635,19.33,fuel,0,2,0
TXN_9C66D572686E4DCB,2026-04-27 10:38:09.016910+00:00,ACC_00635,8.49,clothing,0,2,0
TXN_EDEC10962C434AD5,2026-04-27 11:16:47.016910+00:00,ACC_00635,99.52,other,0,2,0
TXN_6B254F8DBAE74D35,2026-04-27 11:26:15.016910+00:00,ACC_00926,93.46,other,0,0,0
TXN_0D5166D44F55428C,2026-04-27 11:54:23.016910+00:00,ACC_00092,12.02,pharmacy,0,0,0
TXN_80D3074183034C9E,2026-04-27 12:02:56.016910+00:00,ACC_00012,15.24,fuel,0,0,0
TXN_3A7CC8B1F5424487,2026-04-27 12:06:45.016910+00:00,ACC_00791,295.91,travel,0,0,0
TXN_0B228B4A7D814706,2026-04-27 12:34:11.016910+00:00,ACC_00313,156.59,electronics,0,0,0
TXN_3E5471DDC166402E,2026-04-27 13:14:04.016910+00:00,ACC_00650,29.03,grocery,0,0,0
TXN_E48B8A68C2B845BF,2026-04-27 13:31:13.016910+00:00,ACC_00375,86.26,other,0,0,0
TXN_5D7BB78999104801,2026-04-27 13:36:50.016910+00:00,ACC_00317,142.05,electronics,0,0,0
TXN_82E66AF99DCA410B,2026-04-27 13:46:07.016910+00:00,ACC_00086,16.66,fuel,0,0,0
TXN_829F470754574A05,2026-04-27 13:46:14.016910+00:00,ACC_00104,255.4,electronics,0,0,0
TXN_6A58C0A956EC42B7,2026-04-27 13:57:47.016910+00:00,ACC_00464,416.01,jewelry,0,0,0
TXN_0567A2F8DA95464D,2026-04-27 14:00:32.016910+00:00,ACC_00958,55.87,other,0,0,0
TXN_D13ADA7CE5254A12,2026-04-27 17:23:02.016910+00:00,ACC_00283,94.76,gaming,0,0,0
TXN_8A61C1B22B0640ED,2026-04-27 17:26:17.016910+00:00,ACC_00559,843.01,travel,0,0,0
TXN_BC854CCE306240ED,2026-04-27 17:55:04.016910+00:00,ACC_00083,17.25,gaming,0,0,0
TXN_1A94CD46F68F495D,2026-04-27 18:27:56.016910+00:00,ACC_00423,21.59,restaurant,0,0,0
TXN_34EE347EEFAB4B0A,2026-04-27 18:29:21.016910+00:00,ACC_00309,90.33,electronics,0,0,0
TXN_782B4DFB5E2E4CDA,2026-04-27 18:38:40.016910+00:00,ACC_00315,115.8,other,0,0,0
TXN_E6AD28B7C8164248,2026-04-27 19:00:18.016910+00:00,ACC_00315,62.17,electronics,0,1,0
TXN_C5B53EE4457F495B,2026-04-27 19:13:40.016910+00:00,ACC_00315,273.34,travel,0,2,0
TXN_558CF8FA44364A0B,2026-04-27 19:51:29.016910+00:00,ACC_00315,86.08,travel,0,2,0
TXN_1A83A91899954551,2026-04-27 19:53:59.016910+00:00,ACC_00315,11.71,pharmacy,0,3,0
TXN_1D5C545677D6457C,2026-04-27 21:24:23.016910+00:00,ACC_00315,29.51,restaurant,0,0,0
TXN_3886F2F015364D1A,2026-04-27 21:28:56.016910+00:00,ACC_00315,27.02,online_services,0,1,0
TXN_762C15ABF9904ECD,2026-04-27 21:29:55.016910+00:00,ACC_00151,45.3,grocery,0,0,0
TXN_DC4CF5F551AE4E1E,2026-04-27 22:11:04.016910+00:00,ACC_00346,201.52,travel,0,0,0
TXN_38DF770919BC4CF5,2026-04-27 22:27:06.016910+00:00,ACC_00742,31.8,travel,0,0,0
TXN_D375C377D6434A7E,2026-04-27 22:41:44.016910+00:00,ACC_00742,26.15,fuel,0,1,0
TXN_551AC932D16040A8,2026-04-27 23:10:28.016910+00:00,ACC_00742,29.53,restaurant,0,2,0
TXN_BFDB99C8CFCA46DF,2026-04-27 23:21:03.016910+00:00,ACC_00742,237.93,electronics,0,3,0
TXN_A067F5D5FB4242E0,2026-04-27 23:56:01.016910+00:00,ACC_00742,104.78,other,0,2,0
TXN_12396098174F4042,2026-04-28 01:15:46.016910+00:00,ACC_00742,17.9,grocery,0,0,0
TXN_44704B623C9C4CB7,2026-04-28 03:19:12.016910+00:00,ACC_00742,47.23,other,0,0,0
TXN_0CE2076850BB4539,2026-04-28 04:09:22.016910+00:00,ACC_00742,76.28,clothing,0,1,0
TXN_274F0F90F0214CD3,2026-04-28 04:28:08.016910+00:00,ACC_00894,31.01,grocery,0,0,0
TXN_39B2A38E14F54C67,2026-04-28 04:34:41.016910+00:00,ACC_00716,22.22,gaming,0,0,0
TXN_BEE6B10BD0F94569,2026-04-28 05:00:22.016910+00:00,ACC_00935,26.39,restaurant,0,0,0
TXN_EE10A53038424890,2026-04-28 05:28:50.016910+00:00,ACC_00215,61.77,online_services,0,0,0
TXN_16B6D3CB9C364249,2026-04-28 06:08:31.016910+00:00,ACC_00509,18.81,gaming,0,0,0
TXN_348A83BE59AC4E89,2026-04-28 06:28:42.016910+00:00,ACC_00047,47.03,restaurant,0,0,0
TXN_9B289BCC5B1242C9,2026-04-28 06:40:52.016910+00:00,ACC_00160,124.76,hotel,0,0,0
TXN_5409DD2E96CB4135,2026-04-28 06:45:21.016910+00:00,ACC_00053,243.68,travel,0,0,0
TXN_491B259EFBD94ECC,2026-04-28 07:11:29.016910+00:00,ACC_00652,206.79,jewelry,0,0,0
TXN_7D3BCDDE42D34846,2026-04-28 08:17:44.016910+00:00,ACC_00124,13417.64,travel,0,0,1
TXN_888023ABDA0F4E5B,2026-04-28 08:22:52.016910+00:00,ACC_00124,303.16,jewelry,0,1,0
TXN_94318C62542B401D,2026-04-28 08:27:00.016910+00:00,ACC_00124,76.2,grocery,0,2,0
TXN_C23434F364F54A61,2026-04-28 08:52:08.016910+00:00,ACC_00124,65.57,grocery,0,3,0
TXN_C28F31B364114D96,2026-04-28 08:58:50.016910+00:00,ACC_00124,23.33,restaurant,0,4,0
TXN_137731D29DF64114,2026-04-28 08:59:02.016910+00:00,ACC_00124,55.6,gaming,0,5,0
TXN_C2104EEC1B114412,2026-04-28 10:55:30.016910+00:00,ACC_00124,28.55,clothing,0,0,0
TXN_E03C3111D1844E9C,2026-04-28 11:08:39.016910+00:00,ACC_00394,205.97,online_services,0,0,0
TXN_01EE132A972947DF,2026-04-28 11:18:44.016910+00:00,ACC_00858,67.31,online_services,0,0,0
TXN_17E4919E9C2F449D,2026-04-28 12:53:04.016910+00:00,ACC_00925,105.54,jewelry,0,0,0
TXN_D2A7B83AAE2B4C6E,2026-04-28 13:20:18.016910+00:00,ACC_00925,393.29,hotel,0,1,0
TXN_9524CB949E41410C,2026-04-28 13:35:38.016910+00:00,ACC_00925,97.75,electronics,0,2,0
TXN_F7CF63B43E874D8D,2026-04-28 13:56:40.016910+00:00,ACC_00925,250.09,electronics,0,2,0
TXN_CA07D7B97BDF4C39,2026-04-28 14:03:42.016910+00:00,ACC_00925,6.22,restaurant,0,3,0
TXN_7425011E903449D5,2026-04-28 14:09:57.016910+00:00,ACC_00925,128.09,gaming,0,4,0
TXN_5DF5D777F0154FE4,2026-04-28 14:47:05.016910+00:00,ACC_00467,48.5,pharmacy,0,0,0
TXN_0AC480E07B614573,2026-04-28 15:00:19.016910+00:00,ACC_00700,17.24,fuel,0,0,0
TXN_7591A6AD13EC46D3,2026-04-28 15:16:25.016910+00:00,ACC_00937,79.48,other,0,0,0
TXN_DBB821C1306D4357,2026-04-28 15:43:31.016910+00:00,ACC_00330,160.4,fuel,0,0,0
TXN_2294E9C547AA479B,2026-04-28 16:27:22.016910+00:00,ACC_00330,22.79,grocery,1,1,0
TXN_348C846241554700,2026-04-28 16:29:33.016910+00:00,ACC_00330,19.31,pharmacy,0,2,0
TXN_64456D87DBE24DE5,2026-04-28 17:00:44.016910+00:00,ACC_00330,115.08,travel,0,2,0
TXN_6BD27A6610A94BFB,2026-04-28 17:16:12.016910+00:00,ACC_00635,52.69,clothing,0,0,0
TXN_EC12B4A0B46945A2,2026-04-28 18:00:20.016910+00:00,ACC_00516,93.56,grocery,0,0,0
TXN_FAE17D96AFD948FE,2026-04-28 18:03:37.016910+00:00,ACC_00516,42.62,restaurant,0,1,0
TXN_D5921B77705A42E6,2026-04-28 19:20:23.016910+00:00,ACC_00516,91.99,electronics,0,0,0
TXN_4AF1E72A7B7A4FD2,2026-04-28 19:40:29.016910+00:00,ACC_00516,72.37,other,0,1,0
TXN_F1DAB95E9306455F,2026-04-28 19:46:54.016910+00:00,ACC_00398,191.71,fuel,0,0,0
TXN_72A2C67279184875,2026-04-28 20:06:17.016910+00:00,ACC_00959,200.67,hotel,0,0,0
TXN_F007A1ECC4A947A4,2026-04-28 20:31:34.016910+00:00,ACC_00334,126.48,travel,0,0,0
TXN_069EA6E10E464C3D,2026-04-28 20:39:24.016910+00:00,ACC_00334,89.58,electronics,0,1,0
TXN_7FA31623DD5E4360,2026-04-28 22:16:59.016910+00:00,ACC_00334,47.88,fuel,0,0,0
TXN_AF62B06A23424F7B,2026-04-28 22:47:37.016910+00:00,ACC_00334,527.89,jewelry,0,1,0
TXN_9E3589EE788E4B70,2026-04-29 01:11:22.016910+00:00,ACC_00114,14.37,restaurant,0,0,0
TXN_E506EE470270452E,2026-04-29 01:39:59.016910+00:00,ACC_00101,91.53,gaming,0,0,0
TXN_33E99E852B574CD7,2026-04-29 01:52:00.016910+00:00,ACC_00350,99.35,electronics,0,0,0
TXN_18E9779718154AE9,2026-04-29 02:02:32.016910+00:00,ACC_00688,45.34,online_services,0,0,0
TXN_071A29B304D94784,2026-04-29 02:34:47.016910+00:00,ACC_00303,427.91,fuel,0,0,0
TXN_92E51C017B3046B7,2026-04-29 02:37:33.016910+00:00,ACC_00287,82.57,online_services,0,0,0
TXN_FA51A18ED6914936,2026-04-29 02:44:07.016910+00:00,ACC_00105,24.29,grocery,0,0,0
TXN_116AD205E4AA436D,2026-04-29 02:52:12.016910+00:00,ACC_00105,201.51,travel,0,1,0
TXN_F282F4E45DB74275,2026-04-29 03:33:45.016910+00:00,ACC_00105,125.0,clothing,0,2,0
TXN_C63E225775564DE6,2026-04-29 03:44:30.016910+00:00,ACC_00105,83.47,online_services,0,2,0
TXN_FBE4E1D781294473,2026-04-29 04:19:12.016910+00:00,ACC_00105,16.52,electronics,0,2,0
TXN_8712527222054747,2026-04-29 05:18:22.016910+00:00,ACC_00309,7.9,hotel,0,0,0
TXN_F2D138D31C874CB1,2026-04-29 05:27:19.016910+00:00,ACC_00166,109.1,hotel,0,0,0
TXN_02C1C97799F24DC5,2026-04-29 05:52:42.016910+00:00,ACC_00413,67.22,online_services,0,0,0
TXN_EF79C92E96704B46,2026-04-29 05:59:37.016910+00:00,ACC_00047,54.4,fuel,1,0,0
TXN_C0DFCD3E75D24A81,2026-04-29 06:33:48.016910+00:00,ACC_00700,29.76,online_services,0,0,0
TXN_4D2943CE1C8E461F,2026-04-29 06:42:33.016910+00:00,ACC_00966,106.12,other,0,0,0
TXN_EF936E6C9E97450B,2026-04-29 08:00:55.016910+00:00,ACC_00709,128.68,gaming,0,0,0
TXN_C8CC25C9E0A244F2,2026-04-29 08:50:11.016910+00:00,ACC_00517,10.43,gaming,0,0,0
TXN_E55E0DA6FE6B4EF7,2026-04-29 09:07:58.016910+00:00,ACC_00817,48.44,jewelry,0,0,0
TXN_97BF974DC15A4A4B,2026-04-29 09:12:29.016910+00:00,ACC_00059,159.85,hotel,0,0,0
TXN_0AEADBAFB96345B7,2026-04-29 09:24:07.016910+00:00,ACC_00027,92.06,gaming,0,0,0
TXN_3B1307E3C1454BAD,2026-04-29 09:46:18.016910+00:00,ACC_00761,26.14,gaming,0,0,0
TXN_16D90790D5DB42BA,2026-04-29 09:59:06.016910+00:00,ACC_00761,6.04,grocery,0,1,0
TXN_C2661A1E90C04BEB,2026-04-29 10:37:03.016910+00:00,ACC_00761,38.77,fuel,0,2,0
TXN_5445090D11154570,2026-04-29 11:31:19.016910+00:00,ACC_00761,63.06,online_services,0,1,0
TXN_663170F75A334CDB,2026-04-29 11:45:14.016910+00:00,ACC_00761,29.95,fuel,0,1,0
TXN_6C9357244F634BA5,2026-04-29 12:00:16.016910+00:00,ACC_00761,128.24,clothing,0,2,0
TXN_ECDEFD609DCE4422,2026-04-29 12:16:06.016910+00:00,ACC_00186,52.06,fuel,0,0,0
TXN_0FA154023B3C4648,2026-04-29 12:16:37.016910+00:00,ACC_00185,59.5,electronics,0,0,0
TXN_D9B47E1CEA494EB1,2026-04-29 12:26:42.016910+00:00,ACC_00185,16.23,restaurant,0,1,0
TXN_C7CC52EF12434687,2026-04-29 12:52:36.016910+00:00,ACC_00185,45.2,online_services,0,2,0
TXN_496FAC64982141A0,2026-04-29 13:03:09.016910+00:00,ACC_00185,28.19,fuel,0,3,0
TXN_2CC9E2F6E9B647CA,2026-04-29 13:12:16.016910+00:00,ACC_00185,46.07,jewelry,0,4,0
TXN_F15EEFF1A0FC427D,2026-04-29 13:31:17.016910+00:00,ACC_00414,61.68,clothing,0,0,0
TXN_A6853AF066204C19,2026-04-29 13:42:45.016910+00:00,ACC_00436,23.24,grocery,0,0,0
TXN_7BC8BD3AE29A4728,2026-04-29 14:27:17.016910+00:00,ACC_00031,38.34,other,0,0,0
TXN_30FBCD77E2454D0A,2026-04-29 14:54:28.016910+00:00,ACC_00563,42.8,electronics,0,0,0
TXN_17B7057AF90646C7,2026-04-29 15:17:59.016910+00:00,ACC_00563,165.12,grocery,1,1,0
TXN_F181D48FD3764CED,2026-04-29 15:29:43.016910+00:00,ACC_00563,68.13,grocery,0,2,0
TXN_161D49159BE64A53,2026-04-29 17:21:19.016910+00:00,ACC_00563,276.63,clothing,0,0,0
TXN_A401F532270C4BC0,2026-04-29 17:30:24.016910+00:00,ACC_00563,25.56,pharmacy,1,1,0
TXN_FF24A41DD11F4436,2026-04-29 17:59:34.016910+00:00,ACC_00563,205.71,electronics,0,2,0
TXN_CED6EE5BB4D04EB7,2026-04-29 18:32:39.016910+00:00,ACC_00287,62.69,clothing,0,0,0
TXN_787C145997C24147,2026-04-29 18:49:15.016910+00:00,ACC_00577,24.61,online_services,0,0,0
TXN_F3D0D7C9027C4C14,2026-04-29 18:51:24.016910+00:00,ACC_00553,33.77,gaming,0,0,0
TXN_F49C36E17F4E444C,2026-04-29 19:22:46.016910+00:00,ACC_00267,77.72,gaming,0,0,0
TXN_E780CA9027444AD7,2026-04-29 19:58:48.016910+00:00,ACC_00267,10.69,restaurant,0,1,0
TXN_AB155F9C424C4B02,2026-04-29 20:08:22.016910+00:00,ACC_00267,287.91,electronics,0,2,0
TXN_6B51E654F7444A07,2026-04-29 20:46:56.016910+00:00,ACC_00267,128.88,electronics,0,2,0
TXN_58436D6DEEF54986,2026-04-29 21:04:36.016910+00:00,ACC_00267,62.68,restaurant,0,2,0
TXN_38FEF161258F4CF3,2026-04-29 21:34:37.016910+00:00,ACC_00267,197.81,travel,0,2,0
TXN_3F0700A8642A4ECF,2026-04-29 21:49:45.016910+00:00,ACC_00129,13.12,other,0,0,0
TXN_CB127A5DAA5B4CEB,2026-04-29 21:59:42.016910+00:00,ACC_00176,109.18,electronics,0,0,0
TXN_6D0DC37C92CD490E,2026-04-29 22:40:38.016910+00:00,ACC_00603,117.77,gaming,0,0,0
TXN_616878099E414825,2026-04-29 23:05:35.016910+00:00,ACC_00741,44.49,fuel,1,0,0
TXN_CB846DF9E0CF45AC,2026-04-30 00:09:29.016910+00:00,ACC_00741,111.76,hotel,0,0,0
TXN_5A63BDBD0DEA46EB,2026-04-30 00:25:52.016910+00:00,ACC_00741,44.45,grocery,0,1,0
TXN_EFF59C36BFFD40BF,2026-04-30 00:27:30.016910+00:00,ACC_00741,8.66,gaming,0,2,0
TXN_4C1BF412FB6C498D,2026-04-30 00:31:32.016910+00:00,ACC_00741,327.17,electronics,0,3,0
TXN_581C07181F50429E,2026-04-30 00:32:51.016910+00:00,ACC_00741,17.71,travel,0,4,0
TXN_13B1E08BE1FE483C,2026-04-30 01:11:30.016910+00:00,ACC_00741,505.64,travel,0,4,0
TXN_EE1CF5BA58324200,2026-04-30 01:39:40.016910+00:00,ACC_00741,79.93,electronics,0,1,0
TXN_9F32D741F56A4768,2026-04-30 02:30:46.016910+00:00,ACC_00212,169.04,electronics,0,0,0
TXN_12F2F29A5F77428D,2026-04-30 02:42:48.016910+00:00,ACC_00384,20.24,hotel,0,0,0
TXN_5FDF9623C5B948E6,2026-04-30 02:58:39.016910+00:00,ACC_00906,227.67,hotel,0,0,0
TXN_4658A5D53ADB4320,2026-04-30 03:05:31.016910+00:00,ACC_00035,67.02,fuel,0,0,0
TXN_C6D24ADE98624E78,2026-04-30 03:45:09.016910+00:00,ACC_00292,81.18,clothing,0,0,0
TXN_73AF4769CF6942EE,2026-04-30 03:53:37.016910+00:00,ACC_00897,8.79,clothing,0,0,0
TXN_DF79E29A0B7E44A0,2026-04-30 04:50:58.016910+00:00,ACC_00008,19.13,grocery,0,0,0
TXN_97280F80887B4B30,2026-04-30 05:14:06.016910+00:00,ACC_00661,159.05,electronics,0,0,0
TXN_3D38E8DCA8E44178,2026-04-30 06:03:47.016910+00:00,ACC_00093,127.16,gaming,0,0,0
TXN_50E4411DF6714D64,2026-04-30 06:23:50.016910+00:00,ACC_00403,19.21,gaming,0,0,0
TXN_4C3AC18475A943D1,2026-04-30 06:39:59.016910+00:00,ACC_00147,19.66,online_services,0,0,0
TXN_A61882F90D4D4FF6,2026-04-30 06:43:31.016910+00:00,ACC_00603,149.33,electronics,1,0,0
TXN_1882D34D482842C2,2026-04-30 06:53:36.016910+00:00,ACC_00888,271.75,restaurant,0,0,0
TXN_66002BBE0648439B,2026-04-30 07:08:11.016910+00:00,ACC_00816,62.46,electronics,0,0,0
TXN_21E23DD990064909,2026-04-30 07:33:56.016910+00:00,ACC_00816,31.63,online_services,0,1,0
TXN_B1941244D70E4B4E,2026-04-30 08:59:00.016910+00:00,ACC_00816,24.24,fuel,0,0,0
TXN_C199AADBBFEE42A3,2026-04-30 09:20:29.016910+00:00,ACC_00816,29.87,pharmacy,0,1,0
TXN_1A24ED66D1C14B3A,2026-04-30 09:42:24.016910+00:00,ACC_00816,120.81,fuel,0,2,0
TXN_C31E63662EA1402F,2026-04-30 10:34:20.016910+00:00,ACC_00912,26.12,restaurant,0,0,0
TXN_43F9037AC3C64FB3,2026-04-30 10:46:42.016910+00:00,ACC_00585,367.99,pharmacy,0,0,0
TXN_6B95964FF7354554,2026-04-30 11:05:52.016910+00:00,ACC_00896,43.02,grocery,0,0,0
TXN_AAAFC609FE27492D,2026-04-30 11:39:11.016910+00:00,ACC_00708,381.99,hotel,0,0,0
TXN_D5BB663A2390437B,2026-04-30 12:27:42.016910+00:00,ACC_00738,21.11,restaurant,0,0,0
TXN_4FC18A95406440A9,2026-04-30 12:41:39.016910+00:00,ACC_00862,14.29,online_services,0,0,0
TXN_FF4A766A941F4B9C,2026-04-30 13:15:38.016910+00:00,ACC_00862,41.72,online_services,0,1,0
TXN_9E41B9C37AE24F03,2026-04-30 14:11:48.016910+00:00,ACC_00862,228.79,travel,0,1,0
TXN_C83DB69048D8457F,2026-04-30 14:44:10.016910+00:00,ACC_00862,110.17,jewelry,0,1,0
TXN_CF0B4955C6884FEA,2026-04-30 15:13:46.016910+00:00,ACC_00862,96.23,pharmacy,0,1,0
TXN_163164B39C6748FE,2026-04-30 15:30:10.016910+00:00,ACC_00862,28.9,gaming,0,2,0
TXN_C70396105C7F4DF7,2026-04-30 16:39:55.016910+00:00,ACC_00862,15000.0,travel,1,6,1
TXN_9EB9EF42E310432E,2026-04-30 17:38:25.016910+00:00,ACC_00902,952.9,electronics,0,0,0
TXN_BAFCF258A71F4ED3,2026-04-30 18:03:54.016910+00:00,ACC_00098,21.06,gaming,0,0,0
TXN_90FBF84C57A64D0E,2026-04-30 18:19:22.016910+00:00,ACC_00556,24.63,fuel,0,0,0
TXN_D6708844D5934393,2026-04-30 18:33:09.016910+00:00,ACC_00516,214.1,hotel,0,0,0
TXN_EA2753DE20B74289,2026-04-30 18:41:20.016910+00:00,ACC_00555,81.87,hotel,0,0,0
TXN_B313B0DDA7084C7C,2026-04-30 20:16:12.016910+00:00,ACC_00415,15.44,grocery,0,0,0
TXN_FC41D448C8C14145,2026-04-30 20:36:33.016910+00:00,ACC_00675,64.47,electronics,0,0,0
TXN_543FD615F4F84CF9,2026-04-30 20:45:56.016910+00:00,ACC_00653,331.92,other,0,0,0
TXN_915E1DDA8D7E43B8,2026-04-30 20:58:56.016910+00:00,ACC_00569,189.47,electronics,1,0,0
TXN_B2910D602E064612,2026-04-30 21:06:18.016910+00:00,ACC_00362,68.65,pharmacy,0,0,0
TXN_227C2A43CE41433A,2026-04-30 21:30:38.016910+00:00,ACC_00308,285.02,jewelry,0,0,0
TXN_2AE733F49115424F,2026-04-30 22:10:56.016910+00:00,ACC_00185,41.71,restaurant,0,0,0
TXN_8D3E44AB8D4C47B3,2026-04-30 22:14:14.016910+00:00,ACC_00945,95.59,travel,0,0,0
TXN_AED26E1A88324687,2026-04-30 23:08:21.016910+00:00,ACC_00014,15000.0,travel,1,6,1
TXN_D70285ECCA884558,2026-04-30 23:42:48.016910+00:00,ACC_00001,18.26,hotel,0,0,0
TXN_A6829057CCBB4626,2026-04-30 23:53:46.016910+00:00,ACC_00441,68.8,restaurant,0,0,0
TXN_5C1287B8900B4A93,2026-05-01 00:25:24.016910+00:00,ACC_00735,18.96,restaurant,0,0,0
TXN_567390F838214BAB,2026-05-01 01:41:16.016910+00:00,ACC_00252,17.25,clothing,0,0,0
TXN_E346EF4BB4AE422A,2026-05-01 01:58:26.016910+00:00,ACC_00857,33.33,restaurant,0,0,0
TXN_E853611CCA054502,2026-05-01 02:26:18.016910+00:00,ACC_00712,186.32,jewelry,0,0,0
TXN_AE71924F85B7455D,2026-05-01 02:27:53.016910+00:00,ACC_00712,92.83,fuel,0,1,0
TXN_7C256C64ECD249BC,2026-05-01 02:56:52.016910+00:00,ACC_00712,37.25,fuel,0,2,0
TXN_9F9250F76A2549CB,2026-05-01 03:37:25.016910+00:00,ACC_00712,63.26,electronics,0,1,0
TXN_26BD14FDEA7B4AEF,2026-05-01 04:01:12.016910+00:00,ACC_00962,38.09,grocery,0,0,0
TXN_052CFE5F77D147E5,2026-05-01 05:13:16.016910+00:00,ACC_00278,172.66,online_services,0,0,0
TXN_2D2BFB661EED459B,2026-05-01 05:39:45.016910+00:00,ACC_00690,96.04,fuel,0,0,0
TXN_4814B3817C6A4516,2026-05-01 05:53:12.016910+00:00,ACC_00690,236.24,travel,0,1,0
TXN_9D1E64D3F2A44E25,2026-05-01 06:07:03.016910+00:00,ACC_00690,286.9,electronics,0,2,0
TXN_3CDF1FE2F2F64763,2026-05-01 07:50:31.016910+00:00,ACC_00690,254.62,travel,0,0,0
TXN_4CF2760725D647C5,2026-05-01 07:58:52.016910+00:00,ACC_00690,22.26,clothing,0,1,0
TXN_4CECD61B40844C09,2026-05-01 08:33:03.016910+00:00,ACC_00398,92.28,online_services,0,0,0
TXN_ABE32E4B517449C1,2026-05-01 08:51:06.016910+00:00,ACC_00433,145.77,clothing,0,0,0
TXN_B53963A65A174722,2026-05-01 09:37:25.016910+00:00,ACC_00999,120.29,fuel,0,0,0
TXN_7ACA1AFA99034EB2,2026-05-01 09:56:57.016910+00:00,ACC_00999,10.27,restaurant,0,1,0
TXN_71A7DE8DCABC44FD,2026-05-01 10:29:47.016910+00:00,ACC_00999,28.23,online_services,0,2,0
TXN_B9103F6419D14350,2026-05-01 10:35:26.016910+00:00,ACC_00999,30.88,other,0,3,0
TXN_7BA29695F8604091,2026-05-01 10:35:43.016910+00:00,ACC_00999,37.67,clothing,0,4,0
TXN_455D86736CC14723,2026-05-01 10:43:55.016910+00:00,ACC_00999,68.16,online_services,0,4,0
TXN_7EB4E51615E6454C,2026-05-01 11:27:59.016910+00:00,ACC_00344,260.34,jewelry,0,0,0
TXN_ADE9277BC2FB49F9,2026-05-01 12:06:42.016910+00:00,ACC_00780,130.21,electronics,0,0,0
TXN_5B15113687E74F11,2026-05-01 12:11:50.016910+00:00,ACC_00764,32.62,electronics,0,0,0
TXN_99C5ABA8280841B3,2026-05-01 12:45:25.016910+00:00,ACC_00479,136.54,jewelry,0,0,0
TXN_A83181BB76824264,2026-05-01 14:04:16.016910+00:00,ACC_00013,130.04,grocery,0,0,0
TXN_E60F43CF27A4472E,2026-05-01 14:13:59.016910+00:00,ACC_00641,128.98,online_services,0,0,0
TXN_1A2464AAE858442E,2026-05-01 14:41:35.016910+00:00,ACC_00744,104.8,hotel,0,0,0
TXN_AAD1A107A7C546F1,2026-05-01 14:49:30.016910+00:00,ACC_00034,104.1,clothing,0,0,0
TXN_CB24691532674566,2026-05-01 15:46:53.016910+00:00,ACC_00052,46.82,pharmacy,0,0,0
TXN_045843475190439D,2026-05-01 15:47:18.016910+00:00,ACC_00467,515.93,jewelry,0,0,0
TXN_C8BAB10727054524,2026-05-01 16:02:50.016910+00:00,ACC_00746,483.43,jewelry,0,0,0
TXN_82F0B20DAA194F2F,2026-05-01 16:15:18.016910+00:00,ACC_00360,917.82,travel,0,0,0
TXN_0DBCB36923DF47C9,2026-05-01 16:18:33.016910+00:00,ACC_00898,50.72,clothing,0,0,0
TXN_6935AA6A31C44D20,2026-05-01 16:37:32.016910+00:00,ACC_00801,95.07,other,0,0,0
TXN_E1414FFEE7E74219,2026-05-01 16:50:42.016910+00:00,ACC_00801,66.44,gaming,0,1,0
TXN_288942BEDEB54934,2026-05-01 17:02:20.016910+00:00,ACC_00801,46.2,online_services,0,2,0
TXN_E38AFD8C61294D48,2026-05-01 17:09:45.016910+00:00,ACC_00801,33.0,grocery,0,3,0
TXN_90FD1FF5B9DF4063,2026-05-01 18:17:57.016910+00:00,ACC_00801,225.06,online_services,0,0,0
TXN_6BF0D1FBFF0946FC,2026-05-01 18:19:57.016910+00:00,ACC_00801,144.55,travel,0,1,0
TXN_F7C30A1C40DE402F,2026-05-01 18:57:43.016910+00:00,ACC_00439,97.79,clothing,0,0,0
TXN_8C4B4EDD688145F2,2026-05-01 18:58:09.016910+00:00,ACC_00439,205.91,gaming,0,1,0
TXN_AE2DA242B4984675,2026-05-01 18:59:30.016910+00:00,ACC_00439,56.95,pharmacy,0,2,0
TXN_D399AAF314D940F1,2026-05-01 19:18:27.016910+00:00,ACC_00439,72.66,online_services,0,3,0
TXN_297E397BEDD146E4,2026-05-01 19:49:03.016910+00:00,ACC_00956,58.13,other,0,0,0
TXN_75B1D18892D2472F,2026-05-01 20:36:14.016910+00:00,ACC_00934,211.23,travel,0,0,0
TXN_104C1C8491F54D0F,2026-05-01 21:21:24.016910+00:00,ACC_00463,174.73,jewelry,0,0,0
TXN_4BEB73A0CC0B412D,2026-05-01 22:09:22.016910+00:00,ACC_00693,505.57,grocery,0,0,0
TXN_C8975FBA701B433F,2026-05-01 22:55:50.016910+00:00,ACC_00210,33.25,electronics,0,0,0
TXN_87B28F8FF5F1449F,2026-05-01 22:59:35.016910+00:00,ACC_00516,34.9,fuel,0,0,0
TXN_26787F717A9A4525,2026-05-01 23:21:33.016910+00:00,ACC_00653,67.51,grocery,0,0,0
TXN_142E5A35F3D04400,2026-05-01 23:45:41.016910+00:00,ACC_00143,90.91,other,0,0,0
TXN_6163C665E75F4AD3,2026-05-01 23:50:44.016910+00:00,ACC_00433,21.81,restaurant,0,0,0
TXN_637075F03B2E4765,2026-05-02 01:30:56.016910+00:00,ACC_00031,10.99,clothing,0,0,0
TXN_EB46335D1B264433,2026-05-02 01:36:07.016910+00:00,ACC_00782,11.37,pharmacy,1,0,0
TXN_44CF18AAD1314579,2026-05-02 01:46:07.016910+00:00,ACC_00595,277.75,jewelry,0,0,0
TXN_26502D3D9D114D63,2026-05-02 01:58:22.016910+00:00,ACC_00836,19.16,electronics,0,0,0
TXN_517E3D084FCF4094,2026-05-02 02:11:50.016910+00:00,ACC_00331,92.95,clothing,0,0,0
TXN_C7DA2FFA872C47AA,2026-05-02 02:32:15.016910+00:00,ACC_00756,123.23,grocery,0,0,0
TXN_3DDD0E6AE755479A,2026-05-02 02:52:52.016910+00:00,ACC_00269,98.04,gaming,1,0,0
TXN_FA4CD0565DE24247,2026-05-02 03:07:48.016910+00:00,ACC_00549,89.39,pharmacy,0,0,0
TXN_3F847521E1754F3B,2026-05-02 03:25:37.016910+00:00,ACC_00244,15.86,travel,0,0,0
TXN_5058075E5F574CF8,2026-05-02 04:11:49.016910+00:00,ACC_00116,7.9,gaming,0,0,0
TXN_69A9A5EB9C374C4A,2026-05-02 04:20:53.016910+00:00,ACC_00390,22.6,restaurant,0,0,0
TXN_C4027D8AD10046F0,2026-05-02 04:24:42.016910+00:00,ACC_00003,18.51,gaming,0,0,0
TXN_456B41514B0F40BD,2026-05-02 04:51:43.016910+00:00,ACC_00575,13.89,other,0,0,0
TXN_83103E7E41EF4188,2026-05-02 05:07:52.016910+00:00,ACC_00056,37.28,other,0,0,0
TXN_C153EB78C2F3481D,2026-05-02 05:20:19.016910+00:00,ACC_00552,1001.06,jewelry,1,0,0
TXN_266B7F16630F482C,2026-05-02 05:38:46.016910+00:00,ACC_00552,202.1,pharmacy,0,1,0
TXN_CF7872B636EB48E7,2026-05-02 06:55:20.016910+00:00,ACC_00552,15.46,pharmacy,0,0,0
TXN_6243DD52D99B4AE4,2026-05-02 06:55:36.016910+00:00,ACC_00552,43.19,grocery,0,1,0
TXN_3F6C76E6D2084CFD,2026-05-02 06:57:55.016910+00:00,ACC_00552,66.68,gaming,0,2,0
TXN_59ECC1C0996240F1,2026-05-02 07:10:54.016910+00:00,ACC_00552,27.29,pharmacy,0,3,0
TXN_4B83DF4E712649D5,2026-05-02 07:12:01.016910+00:00,ACC_00552,151.95,online_services,0,4,0
TXN_F3CCA689801A4557,2026-05-02 07:40:04.016910+00:00,ACC_00614,26.45,fuel,0,0,0
TXN_DAD886BA1D7C4B32,2026-05-02 09:07:22.016910+00:00,ACC_00209,22.75,grocery,0,0,0
TXN_9339755F8FB241C2,2026-05-02 09:19:52.016910+00:00,ACC_00209,13.48,restaurant,0,1,0
TXN_7966C6FEF71649DD,2026-05-02 09:54:49.016910+00:00,ACC_00209,36.16,gaming,0,2,0
TXN_4D4B3B3AC57949AE,2026-05-02 10:23:10.016910+00:00,ACC_00209,13.05,travel,0,1,0
TXN_980184244A2E4315,2026-05-02 10:50:38.016910+00:00,ACC_00209,33.03,grocery,1,2,0
TXN_29CA392542D74826,2026-05-02 11:27:13.016910+00:00,ACC_00209,39.19,pharmacy,0,1,0
TXN_C2337CFE4DEE48ED,2026-05-02 11:36:15.016910+00:00,ACC_00209,4.39,pharmacy,0,2,0
TXN_3D6949ADEDF64B27,2026-05-02 11:46:24.016910+00:00,ACC_00209,48.5,fuel,0,3,0
TXN_4933EE731FB04DB9,2026-05-02 12:17:13.016910+00:00,ACC_00116,15.38,fuel,0,0,0
TXN_8EE0C95EBFD34A58,2026-05-02 12:20:29.016910+00:00,ACC_00402,272.14,jewelry,0,0,0
TXN_505E2C08D0C84D7E,2026-05-02 12:32:23.016910+00:00,ACC_00640,46.7,grocery,0,0,0
TXN_8275171076FD45F4,2026-05-02 13:19:44.016910+00:00,ACC_00432,170.29,travel,0,0,0
TXN_1723B2C8DA654AB5,2026-05-02 14:16:52.016910+00:00,ACC_00391,249.97,electronics,0,0,0
TXN_BBA61A97587F43FE,2026-05-02 14:32:15.016910+00:00,ACC_00842,2.26,grocery,1,0,0
TXN_066A8A3415564518,2026-05-02 14:51:46.016910+00:00,ACC_00678,42.4,electronics,0,0,0
TXN_1FF537FF61FE48A8,2026-05-02 15:23:37.016910+00:00,ACC_00418,36.79,gaming,0,0,0
TXN_5C476BA1F3674FE2,2026-05-02 15:28:06.016910+00:00,ACC_00470,8.1,grocery,0,0,0
TXN_7754B84C3D074343,2026-05-02 15:29:09.016910+00:00,ACC_00415,113.58,other,0,0,0
TXN_4635C7911C3846B3,2026-05-02 15:42:39.016910+00:00,ACC_00460,21.71,clothing,0,0,0
TXN_CC897BB6261A4276,2026-05-02 16:05:02.016910+00:00,ACC_00460,145.76,other,0,1,0
TXN_40FB164E98FB4DCE,2026-05-02 16:26:23.016910+00:00,ACC_00460,105.84,fuel,0,2,0
TXN_E2383B287A8F421B,2026-05-02 16:57:32.016910+00:00,ACC_00460,40.17,online_services,0,2,0
TXN_A5CF351CFA3C4795,2026-05-02 17:09:53.016910+00:00,ACC_00460,33.49,grocery,0,2,0
TXN_5DA216B88BE74120,2026-05-02 17:12:31.016910+00:00,ACC_00460,38.63,travel,0,3,0
TXN_76AB3A5BBA834AAB,2026-05-02 17:18:00.016910+00:00,ACC_00122,59.85,other,0,0,0
TXN_5968DF999B6E4EE3,2026-05-02 17:46:39.016910+00:00,ACC_00379,123.87,other,0,0,0
TXN_0C2E0D01822C42C6,2026-05-02 18:57:29.016910+00:00,ACC_00131,53.52,grocery,0,0,0
TXN_6C054607F74B46C0,2026-05-02 19:39:30.016910+00:00,ACC_00640,151.2,fuel,0,0,0
TXN_DB6BA703D3894C45,2026-05-02 20:04:46.016910+00:00,ACC_00318,33.04,online_services,0,0,0
TXN_B868DF43FDD34BAF,2026-05-02 20:14:40.016910+00:00,ACC_00179,28.87,grocery,0,0,0
TXN_9BE84C3972D74023,2026-05-02 20:36:48.016910+00:00,ACC_00189,17.88,fuel,0,0,0
TXN_A90723D35E5147EF,2026-05-02 20:40:14.016910+00:00,ACC_00408,333.85,gaming,0,0,0
TXN_6C3E0EACB52A4CC0,2026-05-02 20:42:59.016910+00:00,ACC_00408,10.73,fuel,0,1,0
TXN_A050F9C69ADC4FC3,2026-05-02 21:00:42.016910+00:00,ACC_00408,92.01,gaming,0,2,0
TXN_8A1A9B6148874386,2026-05-02 21:49:40.016910+00:00,ACC_00408,101.21,gaming,0,1,0
TXN_548031689B42463C,2026-05-02 22:37:35.016910+00:00,ACC_00408,242.15,hotel,0,1,0
TXN_93CF2ED46F6F4634,2026-05-02 23:27:59.016910+00:00,ACC_00408,19.2,fuel,0,1,0
TXN_103CEDE7006346A8,2026-05-02 23:53:53.016910+00:00,ACC_00408,14.11,gaming,0,1,0
TXN_A5E189F85B1F4CCA,2026-05-03 00:10:26.016910+00:00,ACC_00309,125.47,travel,0,0,0
TXN_729904806DA74C95,2026-05-03 00:17:28.016910+00:00,ACC_00827,79.38,gaming,0,0,0
TXN_7BD57D5BAAA442BF,2026-05-03 00:43:08.016910+00:00,ACC_00541,26.42,gaming,0,0,0
TXN_EEDE563F0FAB429F,2026-05-03 00:58:33.016910+00:00,ACC_00031,110.11,travel,0,0,0
TXN_2D520F8363974EDF,2026-05-03 01:02:20.016910+00:00,ACC_00031,26.83,online_services,0,1,0
TXN_EBF19CD36C814EF0,2026-05-03 01:24:13.016910+00:00,ACC_00031,63.75,other,0,2,0
TXN_418D7BFC46B14FB3,2026-05-03 01:43:31.016910+00:00,ACC_00031,35.95,pharmacy,0,3,0
TXN_870DF48106BF42B9,2026-05-03 01:46:51.016910+00:00,ACC_00749,130.96,restaurant,0,0,0
TXN_D536E039C2AF45ED,2026-05-03 02:08:26.016910+00:00,ACC_00832,202.81,hotel,0,0,0
TXN_486EBD07FA4A4132,2026-05-03 02:24:43.016910+00:00,ACC_00136,73.57,jewelry,0,0,0
TXN_E6A24252F5DC4E74,2026-05-03 02:34:46.016910+00:00,ACC_00136,49.1,travel,0,1,0
TXN_888DA74E8D1D41C8,2026-05-03 03:12:51.016910+00:00,ACC_00136,234.2,electronics,1,2,0
TXN_5930BDD1226A4770,2026-05-03 03:42:35.016910+00:00,ACC_00136,35.59,pharmacy,0,1,0
TXN_6EB4EE842777443D,2026-05-03 04:31:22.016910+00:00,ACC_00136,348.86,clothing,0,1,0
TXN_5CAF35DD3F374CB2,2026-05-03 05:36:01.016910+00:00,ACC_00136,270.39,fuel,0,0,0
TXN_A9296D6D8FEF4EC9,2026-05-03 06:14:55.016910+00:00,ACC_00136,63.55,travel,0,1,0
TXN_7EC8AE338864437D,2026-05-03 07:10:17.016910+00:00,ACC_00136,62.07,gaming,0,1,0
TXN_5898EEFE1F324256,2026-05-03 07:35:25.016910+00:00,ACC_00997,13.89,grocery,0,0,0
TXN_2A78AAC7C8A14279,2026-05-03 08:44:27.016910+00:00,ACC_00135,57.55,restaurant,0,0,0
TXN_4E02FD36213E4C76,2026-05-03 10:00:49.016910+00:00,ACC_00003,215.31,fuel,0,0,0
TXN_06D337D69EC84F86,2026-05-03 10:34:28.016910+00:00,ACC_00342,135.42,electronics,0,0,0
TXN_16C8409C37E74429,2026-05-03 10:37:40.016910+00:00,ACC_00987,28.0,grocery,0,0,0
TXN_DED08963EAD247AE,2026-05-03 11:31:22.016910+00:00,ACC_00264,171.01,electronics,0,0,0
TXN_B690C379D6B34EE2,2026-05-03 11:36:18.016910+00:00,ACC_00494,282.02,hotel,0,0,0
TXN_5D30A4C0DDFC4A03,2026-05-03 12:50:59.016910+00:00,ACC_00502,85.2,pharmacy,0,0,0
TXN_559612AB95F64DDC,2026-05-03 13:25:13.016910+00:00,ACC_00064,20.2,restaurant,0,0,0
TXN_AD4361E68768480B,2026-05-03 13:26:23.016910+00:00,ACC_00047,64.62,hotel,0,0,0
TXN_7B36531CDDCC4E0F,2026-05-03 13:28:19.016910+00:00,ACC_00740,294.61,jewelry,0,0,0
TXN_ED5F08DBB3BB4FA5,2026-05-03 13:47:06.016910+00:00,ACC_00740,107.18,travel,0,1,0
TXN_CDB60E775708446D,2026-05-03 14:34:03.016910+00:00,ACC_00740,475.03,travel,0,1,0
TXN_A51698BA42274341,2026-05-03 15:01:19.016910+00:00,ACC_00740,29.69,grocery,0,1,0
TXN_AA1B6A2E592E4DC1,2026-05-03 15:10:19.016910+00:00,ACC_00740,63.18,other,0,2,0
TXN_FFD97B276B064DDE,2026-05-03 15:15:41.016910+00:00,ACC_00231,41.72,restaurant,0,0,0
TXN_2053DDBA3EC04B21,2026-05-03 15:29:28.016910+00:00,ACC_00482,7.9,restaurant,0,0,0
TXN_FCE3658085EC4994,2026-05-03 15:56:30.016910+00:00,ACC_00645,69.51,hotel,0,0,0
TXN_1751831004AB4C23,2026-05-03 16:47:43.016910+00:00,ACC_00645,734.38,electronics,0,1,0
TXN_6ABCF6B06634462B,2026-05-03 16:50:45.016910+00:00,ACC_00645,269.77,hotel,0,2,0
TXN_DEEEC75D51634B9D,2026-05-03 17:10:17.016910+00:00,ACC_00645,20.95,restaurant,0,2,0
TXN_01F1698BC49F4298,2026-05-03 17:23:05.016910+00:00,ACC_00645,14505.5,travel,0,2,0
TXN_C64A5F5370144300,2026-05-03 17:26:49.016910+00:00,ACC_00645,186.61,other,0,4,0
TXN_7ED8DE3818BF42B2,2026-05-03 17:45:43.016910+00:00,ACC_00645,38.46,gaming,0,5,0
TXN_DED4EFDBC03A45BF,2026-05-03 17:55:37.016910+00:00,ACC_00645,102.67,online_services,0,4,0
TXN_5AADB71A41E54510,2026-05-03 18:01:28.016910+00:00,ACC_00252,15000.0,travel,1,5,0
TXN_58CCFB737AC64E4F,2026-05-03 18:10:04.016910+00:00,ACC_00255,20.12,other,0,0,0
TXN_24943206D9EF4F6E,2026-05-03 18:54:30.016910+00:00,ACC_00025,38.65,gaming,0,0,0
TXN_3F4565DC4B6F4E12,2026-05-03 19:02:25.016910+00:00,ACC_00757,242.97,clothing,0,0,0
TXN_BBB43FDF0F494808,2026-05-03 19:17:10.016910+00:00,ACC_00409,886.72,travel,0,0,0
TXN_179C3C61EC3749D9,2026-05-03 19:47:52.016910+00:00,ACC_00456,95.23,grocery,0,0,0
TXN_7ADEA295EAE84981,2026-05-03 19:52:01.016910+00:00,ACC_00347,84.33,travel,0,0,0
TXN_D967B7C838B743D6,2026-05-03 20:05:22.016910+00:00,ACC_00347,6.99,clothing,0,1,0
TXN_F58EEBBC0E254BDE,2026-05-03 20:15:15.016910+00:00,ACC_00347,26.91,clothing,0,2,0
TXN_E751027A61D2471B,2026-05-03 20:24:24.016910+00:00,ACC_00347,44.82,travel,1,3,0
TXN_1FB002F168684975,2026-05-03 20:57:19.016910+00:00,ACC_00347,205.61,fuel,0,3,0
TXN_796609886EEA4896,2026-05-03 20:57:47.016910+00:00,ACC_00347,45.41,jewelry,0,4,0
TXN_5B0D7A48451042DC,2026-05-03 22:02:08.016910+00:00,ACC_00347,14.41,grocery,0,0,0
TXN_A1602C2A0E4D4B6B,2026-05-03 23:57:16.016910+00:00,ACC_00630,64.99,clothing,0,0,0
TXN_28AB16FD74D343D1,2026-05-04 00:40:54.016910+00:00,ACC_00630,117.85,electronics,0,1,0
TXN_7DA8340A1963408D,2026-05-04 04:05:06.016910+00:00,ACC_00630,1019.6,jewelry,0,0,0
TXN_F6D36820053C4004,2026-05-04 04:27:34.016910+00:00,ACC_00630,207.85,electronics,0,1,0
TXN_D35B3804996843E7,2026-05-04 04:36:52.016910+00:00,ACC_00630,25.81,restaurant,0,2,0
TXN_850A1269FE074BB3,2026-05-04 04:39:56.016910+00:00,ACC_00630,155.09,online_services,0,3,0
TXN_440DE3B67B0944AC,2026-05-04 05:27:23.016910+00:00,ACC_00019,32.67,gaming,0,0,0
TXN_9E5DD237550349EC,2026-05-04 05:53:47.016910+00:00,ACC_00975,279.47,other,0,0,0
TXN_A8276BECFC9743A1,2026-05-04 07:09:20.016910+00:00,ACC_00809,15.91,pharmacy,0,0,0
TXN_0A5E1996D58A440C,2026-05-04 07:30:58.016910+00:00,ACC_00809,4.16,clothing,0,1,0
TXN_6F55B46B338A4348,2026-05-04 08:11:43.016910+00:00,ACC_00809,56.94,other,0,1,0
TXN_5462BA13764D4FBF,2026-05-04 08:54:38.016910+00:00,ACC_00809,7.83,clothing,0,1,0
TXN_91C839624ACE4D10,2026-05-04 08:56:40.016910+00:00,ACC_00809,100.47,fuel,0,2,0
TXN_118429681BE94F2C,2026-05-04 09:04:50.016910+00:00,ACC_00809,61.54,clothing,0,3,0
TXN_4D364D12AE1945B0,2026-05-04 09:18:38.016910+00:00,ACC_00809,196.24,grocery,0,3,0
TXN_E6F08159C6334F81,2026-05-04 09:28:15.016910+00:00,ACC_00809,32.71,fuel,0,4,0
TXN_0BDB526A8F934BD2,2026-05-04 09:34:44.016910+00:00,ACC_00383,62.4,jewelry,1,0,0
TXN_2B41ADE157CD4CCA,2026-05-04 10:56:23.016910+00:00,ACC_00050,63.84,grocery,0,0,0
TXN_99A6CB6D184C4C16,2026-05-04 11:02:31.016910+00:00,ACC_00445,71.35,hotel,0,0,0
TXN_A1972E05B6CC4A96,2026-05-04 11:10:15.016910+00:00,ACC_00090,86.2,fuel,1,0,0
TXN_0A808812E5F84949,2026-05-04 11:13:26.016910+00:00,ACC_00012,21.61,gaming,0,0,0
TXN_65409774084642DA,2026-05-04 11:18:32.016910+00:00,ACC_00825,135.97,pharmacy,0,0,0
TXN_1F5B38C8610245DD,2026-05-04 11:30:30.016910+00:00,ACC_00269,63.13,other,0,0,0
TXN_BEFF9811A36E4F0A,2026-05-04 13:00:19.016910+00:00,ACC_00583,41.44,gaming,0,0,0
TXN_A2EFED27581945D7,2026-05-04 13:06:11.016910+00:00,ACC_00845,147.07,fuel,0,0,0
TXN_858D514778B742EF,2026-05-04 13:12:13.016910+00:00,ACC_00045,116.62,online_services,0,0,0
TXN_5CFA907EE9834CEC,2026-05-04 13:17:08.016910+00:00,ACC_00303,75.9,travel,0,0,0
TXN_D2DDFEF3B89A4502,2026-05-04 13:30:54.016910+00:00,ACC_00141,141.39,other,0,0,0
TXN_D95C33B84FA34C54,2026-05-04 14:20:26.016910+00:00,ACC_00141,226.69,hotel,0,1,0
TXN_1E55D643D4D541E1,2026-05-04 14:45:30.016910+00:00,ACC_00141,32.74,pharmacy,0,1,0
TXN_2E7F31E563844EB5,2026-05-04 15:20:24.016910+00:00,ACC_00141,259.65,hotel,0,2,0
TXN_145B241C39B34225,2026-05-04 15:25:08.016910+00:00,ACC_00141,563.7,travel,0,2,0
TXN_DF086F3500DF4B59,2026-05-04 15:35:51.016910+00:00,ACC_00141,112.16,electronics,0,3,0
TXN_AFFBDD53248849FB,2026-05-04 16:03:14.016910+00:00,ACC_00506,39.38,grocery,0,0,0
TXN_A0CD039D3F574C08,2026-05-04 16:08:58.016910+00:00,ACC_00993,26.73,restaurant,0,0,0
TXN_6E3F089697AD4C93,2026-05-04 16:22:17.016910+00:00,ACC_00434,73.25,travel,0,0,0
TXN_CA8FCD6A5F844BC2,2026-05-04 16:27:19.016910+00:00,ACC_00434,38.88,fuel,0,1,0
TXN_7D5963585E384CFF,2026-05-04 16:43:58.016910+00:00,ACC_00434,25.01,restaurant,0,2,0
TXN_3D4105B852F44434,2026-05-04 17:21:46.016910+00:00,ACC_00434,42.66,clothing,0,3,0
TXN_CB800222563F4C7A,2026-05-04 17:28:53.016910+00:00,ACC_00744,23.38,restaurant,0,0,0
TXN_21EF194454004045,2026-05-04 17:48:15.016910+00:00,ACC_00056,16.43,online_services,0,0,0
TXN_5FE6C5220DD04EA0,2026-05-04 17:51:29.016910+00:00,ACC_00310,129.44,gaming,0,0,0
TXN_3939D76486E1427D,2026-05-04 17:53:49.016910+00:00,ACC_00310,34.71,other,0,1,0
TXN_2A5C2DAD46F046C9,2026-05-04 17:58:58.016910+00:00,ACC_00310,216.07,clothing,0,2,0
TXN_170D221A8EC34F33,2026-05-04 18:07:47.016910+00:00,ACC_00310,19.57,online_services,0,3,0
TXN_F40C092E7F144582,2026-05-04 18:24:22.016910+00:00,ACC_00310,246.47,gaming,0,4,0
TXN_DB88489F20674C73,2026-05-04 18:36:07.016910+00:00,ACC_00538,170.61,jewelry,0,0,0
TXN_0765730F13024B28,2026-05-04 18:48:45.016910+00:00,ACC_00868,114.56,gaming,0,0,0
TXN_CCF59AA5A3FF456B,2026-05-04 18:54:29.016910+00:00,ACC_00568,135.5,hotel,0,0,0
TXN_ED9B1ADF1B5D4A94,2026-05-04 20:00:19.016910+00:00,ACC_00573,73.07,jewelry,0,0,0
TXN_2FD15670890A4669,2026-05-04 21:34:15.016910+00:00,ACC_00791,17.17,clothing,0,0,0
TXN_C7238B79C98341E1,2026-05-04 21:46:35.016910+00:00,ACC_00821,128.85,jewelry,0,0,0
TXN_5877FC20C101440A,2026-05-04 21:50:44.016910+00:00,ACC_00103,81.01,electronics,0,0,0
TXN_16216ADE7EB34862,2026-05-04 21:56:18.016910+00:00,ACC_00223,115.52,electronics,0,0,0
TXN_1E9F250752274BBC,2026-05-04 21:57:19.016910+00:00,ACC_00806,74.39,clothing,0,0,0
TXN_8B6F07DFC1474FCD,2026-05-04 22:09:53.016910+00:00,ACC_00041,204.05,jewelry,0,0,0
TXN_FEBBD773BE694148,2026-05-04 22:52:05.016910+00:00,ACC_00836,62.74,online_services,0,0,0
TXN_509A7398AB344CCF,2026-05-04 22:56:41.016910+00:00,ACC_00265,73.27,online_services,0,0,0
TXN_2C5A2D63E4C24A60,2026-05-04 23:11:17.016910+00:00,ACC_00230,97.9,hotel,0,0,0
TXN_F9DECBD67E9049ED,2026-05-04 23:50:33.016910+00:00,ACC_00187,278.68,travel,1,0,0
TXN_A8FFCCFE788D495A,2026-05-05 00:10:17.016910+00:00,ACC_00187,124.98,clothing,0,1,0
TXN_D667229760C54D1C,2026-05-05 00:14:36.016910+00:00,ACC_00187,187.86,electronics,0,2,0
TXN_EE6B3368E49F4981,2026-05-05 00:15:36.016910+00:00,ACC_00187,79.48,gaming,0,3,0
TXN_3D1F46C29EA1471F,2026-05-05 00:47:47.016910+00:00,ACC_00819,143.77,hotel,0,0,0
TXN_423457BBDBF14033,2026-05-05 00:47:59.016910+00:00,ACC_00276,354.83,electronics,0,0,0
TXN_28999C0BA69B42CF,2026-05-05 01:09:22.016910+00:00,ACC_00332,59.02,other,0,0,0
TXN_EDCE349F46D1422C,2026-05-05 01:10:52.016910+00:00,ACC_00227,22.91,grocery,0,0,0
TXN_7206587BEA4E4AA3,2026-05-05 01:16:02.016910+00:00,ACC_00252,121.36,electronics,0,0,0
TXN_D6B56E9AA76E416B,2026-05-05 01:38:30.016910+00:00,ACC_00743,37.06,electronics,0,0,0
TXN_00732F81A07240DC,2026-05-05 01:51:40.016910+00:00,ACC_00962,16.75,other,0,0,0
TXN_D7A506A4235F495A,2026-05-05 02:19:58.016910+00:00,ACC_00962,348.92,travel,0,1,0
TXN_35E8A0F8607A4A0B,2026-05-05 02:26:41.016910+00:00,ACC_00962,15000.0,travel,1,7,0
TXN_9ABB37D537F74B51,2026-05-05 02:34:13.016910+00:00,ACC_00962,175.48,jewelry,0,3,0
TXN_8FCF1DCE58EE4E43,2026-05-05 03:22:39.016910+00:00,ACC_00962,140.97,other,0,2,0
TXN_F49FC33D5EA3464B,2026-05-05 03:24:52.016910+00:00,ACC_00962,29.56,travel,0,3,0
TXN_AEF414874C4D4D1E,2026-05-05 04:49:27.016910+00:00,ACC_00962,7.22,grocery,0,0,0
TXN_1CF62879B5D149A7,2026-05-05 05:24:05.016910+00:00,ACC_00962,365.78,hotel,0,1,0
TXN_3F5FC365EC0E4DB3,2026-05-05 05:43:03.016910+00:00,ACC_00381,65.96,grocery,0,0,0
TXN_5E9B96448D6F4086,2026-05-05 05:44:13.016910+00:00,ACC_00863,53.32,clothing,0,0,0
TXN_35B6290613024E08,2026-05-05 05:45:12.016910+00:00,ACC_00863,205.1,fuel,0,1,0
TXN_404ED00ACC174FD8,2026-05-05 05:46:28.016910+00:00,ACC_00863,51.86,other,0,2,0
TXN_F95AB971473C4435,2026-05-05 06:45:44.016910+00:00,ACC_00863,18.36,gaming,0,1,0
TXN_8384DC2027FF4B35,2026-05-05 06:48:38.016910+00:00,ACC_00863,13.45,clothing,0,1,0
TXN_74A9BCFC0E814728,2026-05-05 07:25:50.016910+00:00,ACC_00863,48.51,online_services,0,2,0
TXN_D9C5EDB11C0347FF,2026-05-05 07:37:54.016910+00:00,ACC_00863,57.4,gaming,0,3,0
TXN_7DEBF2EA9D0F4106,2026-05-05 08:10:36.016910+00:00,ACC_00519,39.2,gaming,0,0,0
TXN_3E5D340B31EA465C,2026-05-05 09:13:28.016910+00:00,ACC_00015,115.44,gaming,0,0,0
TXN_382669AA1F184CCE,2026-05-05 10:46:12.016910+00:00,ACC_00427,151.11,fuel,0,0,0
TXN_E53DE6BD746F4CF1,2026-05-05 10:47:32.016910+00:00,ACC_00999,30.41,fuel,0,0,0
TXN_B4E7324D208244D6,2026-05-05 10:48:57.016910+00:00,ACC_00600,47.22,jewelry,0,0,0
TXN_F5A4BDEFD9A34A90,2026-05-05 11:32:42.016910+00:00,ACC_00107,197.16,travel,0,0,0
TXN_72E1AB28F5C240AB,2026-05-05 11:35:55.016910+00:00,ACC_00005,362.59,electronics,0,0,0
TXN_79FFE9236B8E4DD7,2026-05-05 11:47:43.016910+00:00,ACC_00942,87.23,electronics,0,0,0
TXN_08E2CDB57EE344A7,2026-05-05 12:13:00.016910+00:00,ACC_00721,79.47,online_services,0,0,0
TXN_FDB887682F754941,2026-05-05 13:46:43.016910+00:00,ACC_00166,21.57,other,0,0,0
TXN_C38B9761A70042FB,2026-05-05 13:47:50.016910+00:00,ACC_00868,308.13,jewelry,0,0,0
TXN_B15A989D3D8F4413,2026-05-05 14:00:05.016910+00:00,ACC_00462,404.64,jewelry,0,0,0
TXN_05E3BE5C40FC4814,2026-05-05 14:16:53.016910+00:00,ACC_00996,39.57,restaurant,0,0,0
TXN_FFA413D5C44B4C5B,2026-05-05 14:24:13.016910+00:00,ACC_00749,393.16,other,0,0,0
TXN_D9A6D2FF9A984FC7,2026-05-05 14:26:09.016910+00:00,ACC_00479,192.94,gaming,0,0,0
TXN_3C57278A32ED452D,2026-05-05 14:51:56.016910+00:00,ACC_00401,473.6,jewelry,0,0,0
TXN_AB0B967624894E14,2026-05-05 15:01:51.016910+00:00,ACC_00401,114.45,fuel,0,1,0
TXN_38930B5B2AF1472B,2026-05-05 15:06:49.016910+00:00,ACC_00401,106.97,grocery,0,2,0
TXN_25239846125244A0,2026-05-05 15:28:02.016910+00:00,ACC_00401,68.87,clothing,0,3,0
TXN_1879D2E06ABA44C9,2026-05-05 15:32:14.016910+00:00,ACC_00401,39.79,grocery,0,4,0
TXN_95326A28032E4D53,2026-05-05 16:25:31.016910+00:00,ACC_00401,27.7,fuel,0,2,0
TXN_81ABD94005034161,2026-05-05 17:38:46.016910+00:00,ACC_00923,16.95,online_services,0,0,0
TXN_E01FCCAF6D184992,2026-05-05 18:01:03.016910+00:00,ACC_00512,1016.36,jewelry,0,0,0
TXN_132012BB815D4FCA,2026-05-05 18:04:26.016910+00:00,ACC_00368,824.55,hotel,0,0,0
TXN_9AB9278808C64BCE,2026-05-05 18:14:54.016910+00:00,ACC_00442,43.41,grocery,0,0,0
TXN_DED4029ACEFF4B84,2026-05-05 19:01:23.016910+00:00,ACC_00806,252.08,jewelry,0,0,0
TXN_53A0C4E3528C497C,2026-05-05 21:04:19.016910+00:00,ACC_00074,210.86,hotel,0,0,0
TXN_F59E9FF0FCFF4C42,2026-05-05 22:50:32.016910+00:00,ACC_00263,130.18,travel,0,0,0
TXN_FD09ACCDF1FF4463,2026-05-05 22:50:47.016910+00:00,ACC_00956,47.01,electronics,0,0,0
TXN_6F7AA1C28BDC48C5,2026-05-05 23:34:45.016910+00:00,ACC_00417,12.66,fuel,0,0,0
TXN_4AC94B8BC3614D78,2026-05-06 00:17:36.016910+00:00,ACC_00841,276.27,grocery,0,0,0
TXN_F9381C3AA74B4963,2026-05-06 00:22:19.016910+00:00,ACC_00419,10.53,gaming,0,0,0
TXN_93657B6011684897,2026-05-06 01:35:35.016910+00:00,ACC_00218,57.46,fuel,0,0,0
TXN_E25FAAA5A7254A22,2026-05-06 02:46:04.016910+00:00,ACC_00749,14.55,other,1,0,0
TXN_5DC9F20402864146,2026-05-06 03:11:31.016910+00:00,ACC_00749,136.2,travel,0,1,0
TXN_6651A7C4FE534D0C,2026-05-06 03:34:32.016910+00:00,ACC_00749,30.27,grocery,0,2,0
TXN_3613FDFF5CEC4569,2026-05-06 04:21:17.016910+00:00,ACC_00749,13.2,gaming,0,1,0
TXN_9305206223374A44,2026-05-06 04:36:07.016910+00:00,ACC_00749,87.34,gaming,0,1,0
TXN_15B765BD4AB44432,2026-05-06 04:47:46.016910+00:00,ACC_00749,44.3,electronics,0,2,0
TXN_BDEBABE00DB64468,2026-05-06 05:14:31.016910+00:00,ACC_00749,11.84,gaming,1,3,0
TXN_E97202EA3F3A476A,2026-05-06 06:01:21.016910+00:00,ACC_00749,97.44,online_services,0,1,0
TXN_277C1012F0514AF0,2026-05-06 06:08:46.016910+00:00,ACC_00708,173.65,jewelry,1,0,0
TXN_8506CAE384804EBE,2026-05-06 06:14:21.016910+00:00,ACC_00655,23.77,gaming,1,0,0
TXN_753265B9D28144E8,2026-05-06 06:15:14.016910+00:00,ACC_00644,90.76,grocery,0,0,0
TXN_42AA84DD4E5D4C5B,2026-05-06 06:38:47.016910+00:00,ACC_00735,12699.8,travel,0,0,0
TXN_3EC9DE85D72447FB,2026-05-06 07:06:09.016910+00:00,ACC_00934,24.12,electronics,0,0,0
TXN_625CB23F95AD4E32,2026-05-06 07:10:03.016910+00:00,ACC_00018,500.67,travel,0,0,0
TXN_4A86017ECB4B4F69,2026-05-06 07:17:25.016910+00:00,ACC_00451,265.17,online_services,0,0,0
TXN_089B5C42D3AE4415,2026-05-06 07:30:11.016910+00:00,ACC_00375,26.58,restaurant,0,0,0
TXN_139E9F0D3B834729,2026-05-06 07:48:38.016910+00:00,ACC_00756,2.61,pharmacy,0,0,0
TXN_FA540D75F0DF44E1,2026-05-06 07:49:27.016910+00:00,ACC_00535,15000.0,travel,1,7,0
TXN_757BE6D6C5414CE6,2026-05-06 08:22:30.016910+00:00,ACC_00431,82.51,pharmacy,0,0,0
TXN_2426D18AFA7B4AE9,2026-05-06 09:53:32.016910+00:00,ACC_00032,357.99,hotel,0,0,0
TXN_CAD0E1CB1A1A48DD,2026-05-06 10:26:42.016910+00:00,ACC_00287,16.3,fuel,0,0,0
TXN_5C9F7E610F644CF6,2026-05-06 10:30:32.016910+00:00,ACC_00102,36.29,online_services,1,0,0
TXN_7F72B0E310E64C2C,2026-05-06 10:45:50.016910+00:00,ACC_00605,45.61,pharmacy,0,0,0
TXN_8D291BCB35C54B97,2026-05-06 11:52:06.016910+00:00,ACC_00832,64.7,restaurant,0,0,0
TXN_1FCAC2009085478A,2026-05-06 11:52:17.016910+00:00,ACC_00151,231.58,hotel,0,0,0
TXN_8D1EAE7611ED401F,2026-05-06 12:14:38.016910+00:00,ACC_00562,68.64,grocery,0,0,0
TXN_0614C5FFA43E4698,2026-05-06 12:41:49.016910+00:00,ACC_00472,160.64,clothing,0,0,0
TXN_CFCB51E0DB944520,2026-05-06 12:55:55.016910+00:00,ACC_00969,113.53,electronics,0,0,0
TXN_E75683D7ECC44303,2026-05-06 13:13:42.016910+00:00,ACC_00587,513.53,hotel,0,0,0
TXN_C5B9C8F90FA340C5,2026-05-06 13:35:54.016910+00:00,ACC_00587,21.45,pharmacy,0,1,0
TXN_F7FD5B8A965D402E,2026-05-06 14:44:34.016910+00:00,ACC_00587,294.13,travel,0,0,0
TXN_A69422CCD4AF4FC1,2026-05-06 15:31:50.016910+00:00,ACC_00587,40.51,other,0,1,0
TXN_36A788E3501F42B8,2026-05-06 15:58:00.016910+00:00,ACC_00587,43.1,online_services,0,1,0
TXN_CAF93E24601545B0,2026-05-06 16:15:24.016910+00:00,ACC_00587,248.69,jewelry,0,2,0
TXN_235AF75F4ED74B1B,2026-05-06 16:27:23.016910+00:00,ACC_00587,38.5,other,0,3,0
TXN_5D0A5864A6CC4394,2026-05-06 16:50:55.016910+00:00,ACC_00067,149.69,gaming,0,0,0
TXN_B75F2EBBAFCC4659,2026-05-06 17:00:08.016910+00:00,ACC_00624,25.38,pharmacy,0,0,0
TXN_477BF41218074597,2026-05-06 17:04:39.016910+00:00,ACC_00518,236.91,jewelry,0,0,0
TXN_36B311C5D64B46DD,2026-05-06 17:41:46.016910+00:00,ACC_00160,62.53,pharmacy,0,0,0
TXN_366BBE8292844533,2026-05-06 18:25:43.016910+00:00,ACC_00409,1292.52,electronics,0,0,0
TXN_B1582E83F94949F4,2026-05-06 19:36:03.016910+00:00,ACC_00029,216.17,hotel,0,0,0
TXN_C05B64C641B0410B,2026-05-06 19:44:04.016910+00:00,ACC_00103,51.4,gaming,0,0,0
TXN_8D8FD3C5313346A4,2026-05-06 19:45:00.016910+00:00,ACC_00868,5.27,restaurant,0,0,0
TXN_67999EB597674235,2026-05-06 20:24:39.016910+00:00,ACC_00665,36.79,grocery,0,0,0
TXN_009B4D25C4A646F9,2026-05-06 21:35:48.016910+00:00,ACC_00989,16.4,restaurant,0,0,0
TXN_95DD4983E1BB4081,2026-05-06 22:30:35.016910+00:00,ACC_00799,179.28,jewelry,0,0,0
TXN_A5D093ACC3154F84,2026-05-06 22:31:29.016910+00:00,ACC_00230,39.76,other,0,0,0
TXN_CBBDDD5E8003454C,2026-05-06 22:48:27.016910+00:00,ACC_00312,82.54,online_services,0,0,0
TXN_BDBF12F67F684346,2026-05-06 23:59:11.016910+00:00,ACC_00431,41.23,online_services,0,0,0
TXN_4B134B83370C4F88,2026-05-07 00:31:47.016910+00:00,ACC_00748,23.87,clothing,0,0,0
TXN_60F28F8034C94A06,2026-05-07 00:55:39.016910+00:00,ACC_00499,143.64,other,0,0,0
TXN_71941DEA00A94B87,2026-05-07 00:57:41.016910+00:00,ACC_00921,9.72,restaurant,0,0,0
TXN_BB8091CA38C74485,2026-05-07 01:00:26.016910+00:00,ACC_00865,49.22,online_services,1,0,0
TXN_C1153751A06B457C,2026-05-07 01:09:48.016910+00:00,ACC_00538,42.33,gaming,0,0,0
TXN_AFFF3B7708B14EEA,2026-05-07 02:16:53.016910+00:00,ACC_00728,211.09,travel,0,0,0
TXN_581F48871A234F0C,2026-05-07 02:33:04.016910+00:00,ACC_00215,451.32,travel,0,0,0
TXN_5B86D2EE314B4466,2026-05-07 02:35:22.016910+00:00,ACC_00215,471.82,pharmacy,0,1,0
TXN_D028114D73E74EA8,2026-05-07 02:38:23.016910+00:00,ACC_00215,57.79,clothing,0,2,0
TXN_5C574E6B10AD4CAE,2026-05-07 02:44:17.016910+00:00,ACC_00215,29.1,clothing,0,3,0
TXN_710638CA11F64248,2026-05-07 02:49:35.016910+00:00,ACC_00643,118.9,jewelry,0,0,0
TXN_FB5EC552CB5646DC,2026-05-07 02:56:15.016910+00:00,ACC_00449,23.69,online_services,0,0,0
TXN_FFBD69AF25F74FD2,2026-05-07 03:03:11.016910+00:00,ACC_00146,203.65,travel,0,0,0
TXN_37C5D2C674474B7E,2026-05-07 03:12:44.016910+00:00,ACC_00525,6.17,fuel,0,0,0
TXN_F157103464A141A4,2026-05-07 03:32:43.016910+00:00,ACC_00937,16.64,clothing,0,0,0
TXN_5EE1E9D13B604050,2026-05-07 03:47:34.016910+00:00,ACC_00977,57.07,grocery,0,0,0
TXN_DF3649B393174D5F,2026-05-07 03:49:45.016910+00:00,ACC_00327,121.05,online_services,0,0,0
TXN_379BC74D71EB4030,2026-05-07 04:40:48.016910+00:00,ACC_00597,304.54,hotel,0,0,0
TXN_B9E19C536E8A4360,2026-05-07 04:47:40.016910+00:00,ACC_00721,40.27,pharmacy,0,0,0
TXN_4393A50C810D4EB9,2026-05-07 05:26:25.016910+00:00,ACC_00573,118.56,clothing,0,0,0
TXN_7058D99870904913,2026-05-07 06:01:24.016910+00:00,ACC_00340,183.98,other,0,0,0
TXN_F97CCCF080AF4699,2026-05-07 06:09:32.016910+00:00,ACC_00233,104.34,travel,0,0,0
TXN_F08176D2707A4D16,2026-05-07 06:24:55.016910+00:00,ACC_00071,98.65,pharmacy,0,0,0
TXN_F3B37DFD28A443FC,2026-05-07 06:47:45.016910+00:00,ACC_00817,11.1,online_services,0,0,0
TXN_F0F42CA939BC449D,2026-05-07 06:48:10.016910+00:00,ACC_00867,45.18,travel,0,0,0
TXN_516ACEACEB1646D6,2026-05-07 07:02:28.016910+00:00,ACC_00648,176.1,jewelry,0,0,0
TXN_946A8FB27D634335,2026-05-07 07:04:12.016910+00:00,ACC_00275,10.01,gaming,0,0,0
TXN_41B880CC1FDD47D0,2026-05-07 07:05:15.016910+00:00,ACC_00014,12215.42,travel,0,0,0
TXN_A4797F498BD44E64,2026-05-07 07:24:16.016910+00:00,ACC_00294,18.22,restaurant,0,0,0
TXN_2C1EBC38EDF84A88,2026-05-07 08:23:06.016910+00:00,ACC_00684,53.43,other,0,0,0
TXN_36C283FE59BE4E37,2026-05-07 08:39:55.016910+00:00,ACC_00576,2.98,online_services,0,0,0
TXN_B48A63F3E99644D4,2026-05-07 09:13:31.016910+00:00,ACC_00132,55.29,other,0,0,0
TXN_5440645440244389,2026-05-07 09:22:28.016910+00:00,ACC_00653,38.73,clothing,1,0,0
TXN_E96E7A3B35044B75,2026-05-07 09:24:09.016910+00:00,ACC_00874,29.45,other,0,0,0
TXN_F7501D653ABF4701,2026-05-07 09:58:24.016910+00:00,ACC_00725,49.95,restaurant,0,0,0
TXN_2D9C3739CB434C50,2026-05-07 10:40:20.016910+00:00,ACC_00471,35.76,other,0,0,0
TXN_23CB0030A88D40A0,2026-05-07 10:55:37.016910+00:00,ACC_00080,54.61,other,0,0,0
TXN_D1B386B0AD394544,2026-05-07 11:07:28.016910+00:00,ACC_00080,59.69,grocery,0,1,0
TXN_584DA897D4B2469D,2026-05-07 11:36:52.016910+00:00,ACC_00080,109.4,pharmacy,0,2,0
TXN_DFFC6633160B43F2,2026-05-07 12:04:37.016910+00:00,ACC_00080,668.6,jewelry,0,2,0
TXN_0646D42FCAD343D6,2026-05-07 12:08:44.016910+00:00,ACC_00080,30.92,online_services,0,2,0
TXN_E35200C0BBD14C91,2026-05-07 12:09:55.016910+00:00,ACC_00080,22.52,online_services,0,3,0
TXN_A8F039AA608C4157,2026-05-07 12:25:27.016910+00:00,ACC_00885,112.99,restaurant,0,0,0
TXN_134C23B0C1BF4B3F,2026-05-07 12:31:16.016910+00:00,ACC_00414,88.97,travel,0,0,0
TXN_D753575D60464A3F,2026-05-07 14:02:03.016910+00:00,ACC_00879,76.75,online_services,0,0,0
TXN_25088AC488544716,2026-05-07 14:31:12.016910+00:00,ACC_00903,8.4,fuel,0,0,0
TXN_D2275521D58F4341,2026-05-07 15:12:03.016910+00:00,ACC_00502,6.04,fuel,0,0,0
TXN_A601AE411EB64FCB,2026-05-07 16:25:17.016910+00:00,ACC_00366,38.49,pharmacy,0,0,0
TXN_E630B87C72B54D5E,2026-05-07 16:36:12.016910+00:00,ACC_00597,28.84,pharmacy,0,0,0
TXN_0327346524C04364,2026-05-07 16:49:19.016910+00:00,ACC_00902,61.35,restaurant,0,0,0
TXN_3E92D9218997420F,2026-05-07 17:15:19.016910+00:00,ACC_00879,118.98,jewelry,0,0,0
TXN_7F087B73D9EC4944,2026-05-07 17:30:49.016910+00:00,ACC_00343,79.15,other,0,0,0
TXN_35EFAD802A0F4E32,2026-05-07 17:41:16.016910+00:00,ACC_00992,290.22,travel,0,0,0
TXN_161135CBCD9F4FED,2026-05-07 17:52:04.016910+00:00,ACC_00493,123.17,jewelry,0,0,0
TXN_54CFD6A8C85C463A,2026-05-07 17:53:02.016910+00:00,ACC_00481,14216.81,travel,0,0,0
TXN_0804C1821A9A4D8C,2026-05-07 18:40:51.016910+00:00,ACC_00704,16.89,gaming,0,0,0
TXN_832F87E9110E410B,2026-05-07 19:25:32.016910+00:00,ACC_00267,101.84,gaming,0,0,0
TXN_5F211858FD22453A,2026-05-07 19:47:10.016910+00:00,ACC_00325,202.37,electronics,1,0,0
TXN_D86B1402353E4703,2026-05-07 20:07:10.016910+00:00,ACC_00293,87.18,online_services,0,0,0
TXN_E897105168B5405A,2026-05-07 20:41:29.016910+00:00,ACC_00054,95.78,hotel,0,0,0
TXN_7D7B8EF57AEC4529,2026-05-07 20:55:33.016910+00:00,ACC_00549,89.52,clothing,0,0,0
TXN_EE1D00469F78421E,2026-05-07 21:01:22.016910+00:00,ACC_00095,12.79,travel,0,0,0
TXN_F8F545E3E1A44D9A,2026-05-07 21:20:30.016910+00:00,ACC_00647,41.52,online_services,0,0,0
TXN_BCC22F46B6D14A1C,2026-05-07 21:24:56.016910+00:00,ACC_00647,190.61,grocery,0,1,0
TXN_A0CA9753AE3F43BA,2026-05-07 21:32:09.016910+00:00,ACC_00647,41.6,fuel,0,2,0
TXN_B24C448C930748EB,2026-05-07 21:55:28.016910+00:00,ACC_00647,109.91,grocery,0,3,0
TXN_F443AE38E659458C,2026-05-07 22:03:20.016910+00:00,ACC_00147,38.51,gaming,0,0,0
TXN_BBB4A739295C450F,2026-05-07 22:17:59.016910+00:00,ACC_00074,529.32,travel,0,0,0
TXN_2F15830FA1E64A01,2026-05-07 22:35:07.016910+00:00,ACC_00035,19.66,grocery,0,0,0
TXN_158E852DB7554663,2026-05-07 23:13:54.016910+00:00,ACC_00035,53.55,pharmacy,0,1,0
TXN_83B321ABC41A424D,2026-05-07 23:32:13.016910+00:00,ACC_00035,19.86,pharmacy,0,2,0
TXN_2A994916B6694325,2026-05-07 23:55:41.016910+00:00,ACC_00035,75.89,other,0,2,0
TXN_DFF4D394D3954FAC,2026-05-07 23:59:21.016910+00:00,ACC_00035,25.02,fuel,0,3,0
TXN_CDA956C49ACC4E72,2026-05-08 01:07:12.016910+00:00,ACC_00263,47.37,gaming,1,0,0
TXN_1B88FDD8C9354762,2026-05-08 02:06:42.016910+00:00,ACC_00256,40.52,other,0,0,0
TXN_F57524B014D04855,2026-05-08 02:35:03.016910+00:00,ACC_00285,100.74,clothing,0,0,0
TXN_6A6BE2C1C92845CE,2026-05-08 03:19:51.016910+00:00,ACC_00285,185.97,electronics,0,1,0
TXN_D6AF266D05244DFD,2026-05-08 03:27:43.016910+00:00,ACC_00285,16.05,restaurant,0,2,0
TXN_5A7B3D82682D4087,2026-05-08 03:48:09.016910+00:00,ACC_00285,15.65,restaurant,0,2,0
TXN_DB988248071245CB,2026-05-08 04:28:47.016910+00:00,ACC_00285,23.45,clothing,0,1,0
TXN_2DD07786FC9842A9,2026-05-08 04:43:43.016910+00:00,ACC_00285,43.96,electronics,0,2,0
TXN_7DD938073B3B4B99,2026-05-08 05:03:10.016910+00:00,ACC_00120,239.59,electronics,0,0,0
TXN_9B086A033B93401B,2026-05-08 05:28:13.016910+00:00,ACC_00881,62.08,travel,0,0,0
TXN_77B8E7F8B1C84145,2026-05-08 06:43:10.016910+00:00,ACC_00410,205.51,travel,0,0,0
TXN_205B7C8BC1184C99,2026-05-08 06:55:47.016910+00:00,ACC_00271,15000.0,travel,1,7,0
TXN_1626AE771F6B41CB,2026-05-08 07:30:13.016910+00:00,ACC_00769,91.34,pharmacy,0,0,0
TXN_959656BDCEA34961,2026-05-08 07:39:04.016910+00:00,ACC_00284,1425.32,jewelry,0,0,0
TXN_11EF13A174574C6F,2026-05-08 07:39:48.016910+00:00,ACC_00851,2.94,fuel,0,0,0
TXN_2BD42E11E5744AD7,2026-05-08 07:48:02.016910+00:00,ACC_00393,19.45,fuel,0,0,0
TXN_1DCFF957327B40D3,2026-05-08 07:52:56.016910+00:00,ACC_00274,25.87,fuel,0,0,0
TXN_017BB7460D8F403C,2026-05-08 08:32:57.016910+00:00,ACC_00655,39.54,gaming,0,0,0
TXN_C45BA097CADF488F,2026-05-08 08:40:16.016910+00:00,ACC_00485,93.4,hotel,0,0,0
TXN_02D79791CD9E4B9B,2026-05-08 08:41:53.016910+00:00,ACC_00380,14.29,online_services,0,0,0
TXN_3B692D9C117546AF,2026-05-08 09:39:36.016910+00:00,ACC_00404,730.4,hotel,0,0,0
TXN_DCE1265E4DFC4B0A,2026-05-08 09:45:41.016910+00:00,ACC_00716,33.79,fuel,0,0,0
TXN_E5975993A3F74635,2026-05-08 09:49:04.016910+00:00,ACC_00565,92.57,other,0,0,0
TXN_B67A6397E5994714,2026-05-08 10:35:40.016910+00:00,ACC_00725,66.79,fuel,0,0,0
TXN_771C6408D22A45A4,2026-05-08 10:35:42.016910+00:00,ACC_00347,29.53,electronics,0,0,0
TXN_9B203D41CA2D4C6A,2026-05-08 11:32:13.016910+00:00,ACC_00429,42.63,other,0,0,0
TXN_29E528BBC0924B6D,2026-05-08 11:50:58.016910+00:00,ACC_00218,299.47,travel,0,0,0
TXN_CA903D549E1F4B70,2026-05-08 11:51:33.016910+00:00,ACC_00253,159.06,grocery,0,0,0
TXN_26B69CF6C8F14912,2026-05-08 12:17:39.016910+00:00,ACC_00151,34.76,online_services,0,0,0
TXN_DD2DAA4750874CF0,2026-05-08 12:36:46.016910+00:00,ACC_00911,10.24,pharmacy,0,0,0
TXN_908A011534534320,2026-05-08 13:28:40.016910+00:00,ACC_00690,17.13,restaurant,0,0,0
TXN_B6FFA29D355649D5,2026-05-08 14:47:45.016910+00:00,ACC_00202,20.89,restaurant,1,0,0
TXN_84144D6AE7C34A84,2026-05-08 14:52:02.016910+00:00,ACC_00389,28.27,grocery,0,0,0
TXN_93C1742F972B4B21,2026-05-08 15:14:16.016910+00:00,ACC_00389,20.87,online_services,0,1,0
TXN_14456F89D525476D,2026-05-08 15:56:30.016910+00:00,ACC_00389,31.24,electronics,0,1,0
TXN_E5A5385055E54D98,2026-05-08 16:01:48.016910+00:00,ACC_00389,41.88,electronics,0,2,0
TXN_1C9EC02D6BD048D6,2026-05-08 16:44:02.016910+00:00,ACC_00389,31.07,clothing,0,2,0
TXN_616560D562A84FA3,2026-05-08 16:46:49.016910+00:00,ACC_00407,70.65,pharmacy,0,0,0
TXN_44B6F6D7D3CD47C3,2026-05-08 16:52:47.016910+00:00,ACC_00852,119.3,fuel,0,0,0
TXN_FC214CCB09FF4C17,2026-05-08 16:52:48.016910+00:00,ACC_00211,58.97,clothing,0,0,0
TXN_0E3D00486F6D4E03,2026-05-08 17:00:54.016910+00:00,ACC_00600,17.15,gaming,0,0,0
TXN_645D76C7736C433E,2026-05-08 17:13:16.016910+00:00,ACC_00841,145.17,jewelry,0,0,0
TXN_A076A10B377C4E0D,2026-05-08 17:49:37.016910+00:00,ACC_00186,8.95,other,0,0,0
TXN_9EF08DC232CE48B4,2026-05-08 17:52:59.016910+00:00,ACC_00091,185.75,online_services,1,0,0
TXN_A487DFEB82764000,2026-05-08 18:08:49.016910+00:00,ACC_00230,28.39,clothing,1,0,0
TXN_66E0CEDD8B4B40E9,2026-05-08 19:13:19.016910+00:00,ACC_00359,68.1,gaming,0,0,0
TXN_89A632821ECF47A0,2026-05-08 19:25:33.016910+00:00,ACC_00582,157.9,other,0,0,0
TXN_93C524726BEE45AF,2026-05-08 20:53:43.016910+00:00,ACC_00232,783.18,travel,0,0,0
TXN_EBB903DD2D50461B,2026-05-08 21:11:22.016910+00:00,ACC_00494,118.42,clothing,0,0,0
TXN_AB81DF3034274B32,2026-05-08 21:15:26.016910+00:00,ACC_00289,160.63,jewelry,0,0,0
TXN_78E599B235AA48BE,2026-05-08 21:18:24.016910+00:00,ACC_00289,48.43,restaurant,0,1,0
TXN_3709BB3DFCC34E13,2026-05-08 22:10:41.016910+00:00,ACC_00289,149.91,restaurant,0,2,0
TXN_FEAE16C3AF0E46CF,2026-05-08 22:22:22.016910+00:00,ACC_00289,21.9,fuel,0,1,0
TXN_A04DB21A4C04416A,2026-05-08 23:12:47.016910+00:00,ACC_00289,11.99,gaming,0,1,0
TXN_0B7CDD3AAC6B4728,2026-05-08 23:33:06.016910+00:00,ACC_00289,65.65,travel,0,1,0
TXN_79D515C738AD4CCA,2026-05-08 23:37:19.016910+00:00,ACC_00289,63.4,grocery,0,2,0
TXN_D3D38644937B4DC4,2026-05-09 00:05:39.016910+00:00,ACC_00289,28.76,fuel,0,3,0
TXN_C801488E3EDC4B19,2026-05-09 00:52:42.016910+00:00,ACC_00034,27.1,restaurant,0,0,0
TXN_99EF62E98B434547,2026-05-09 01:03:52.016910+00:00,ACC_00148,95.89,clothing,0,0,0
TXN_ED146DBC8CA04DFD,2026-05-09 01:53:50.016910+00:00,ACC_00310,51.52,electronics,0,0,0
TXN_5F21037097154CA9,2026-05-09 01:54:43.016910+00:00,ACC_00436,41.41,gaming,0,0,0
TXN_CB19CF4F331D47D2,2026-05-09 01:55:44.016910+00:00,ACC_00436,28.59,gaming,0,1,0
TXN_263F610CC5FC4B65,2026-05-09 02:02:13.016910+00:00,ACC_00436,142.95,restaurant,0,2,0
TXN_84E7B24CC55B4FF0,2026-05-09 02:10:49.016910+00:00,ACC_00436,63.67,restaurant,0,3,0
TXN_58972F7061CD487C,2026-05-09 02:55:51.016910+00:00,ACC_00436,41.35,other,0,2,0
TXN_A866D4F9C0DF418F,2026-05-09 03:07:58.016910+00:00,ACC_00436,27.51,grocery,0,2,0
TXN_312BA8479B4D42D2,2026-05-09 04:03:20.016910+00:00,ACC_00436,227.99,grocery,0,1,0
TXN_E3E5F6938F6D40F8,2026-05-09 04:43:54.016910+00:00,ACC_00671,147.55,restaurant,0,0,0
TXN_6A99544D17D6405E,2026-05-09 05:38:40.016910+00:00,ACC_00671,224.95,travel,0,1,0
TXN_9A95A02108D8487C,2026-05-09 05:40:46.016910+00:00,ACC_00671,28.29,restaurant,0,2,0
TXN_644E762B8E5645CB,2026-05-09 05:51:45.016910+00:00,ACC_00671,14.51,online_services,0,2,0
TXN_BAB5C65CC6DB4ADA,2026-05-09 05:54:33.016910+00:00,ACC_00881,21.17,gaming,0,0,0
TXN_5AE90B802CBA4520,2026-05-09 06:30:19.016910+00:00,ACC_00039,13.62,online_services,0,0,0
TXN_6C29585A00074E18,2026-05-09 06:33:55.016910+00:00,ACC_00389,131.81,gaming,0,0,0
TXN_5D0BA5F0EB3B4411,2026-05-09 06:48:26.016910+00:00,ACC_00122,12.86,grocery,0,0,0
TXN_89AE00E7F82B4322,2026-05-09 06:56:03.016910+00:00,ACC_00224,27.19,fuel,0,0,0
TXN_E67DC09225ED4281,2026-05-09 07:21:23.016910+00:00,ACC_00398,25.78,travel,0,0,0
TXN_09EAA2A343B54452,2026-05-09 08:04:00.016910+00:00,ACC_00398,27.62,electronics,0,1,0
TXN_4BF23AD6A0F34CDD,2026-05-09 08:45:11.016910+00:00,ACC_00398,1481.4,restaurant,0,1,0
TXN_6D81FB0E1D034672,2026-05-09 08:46:12.016910+00:00,ACC_00398,38.56,restaurant,0,2,0
TXN_340BD230D06046B0,2026-05-09 09:30:59.016910+00:00,ACC_00398,58.51,other,0,2,0
TXN_0E0FFE0B0C3E4C87,2026-05-09 10:12:21.016910+00:00,ACC_00398,79.0,hotel,0,1,0
TXN_D3B998BACC0E4BC5,2026-05-09 10:25:37.016910+00:00,ACC_00398,9.94,gaming,0,2,0
TXN_4FC2645B58C54319,2026-05-09 10:48:52.016910+00:00,ACC_00398,27.96,gaming,0,2,0
TXN_F2A59E98FD924AD7,2026-05-09 11:28:12.016910+00:00,ACC_00463,29.36,pharmacy,0,0,0
TXN_A299682AD78D47E6,2026-05-09 11:38:48.016910+00:00,ACC_00517,208.08,electronics,0,0,0
TXN_BEA377DA017A4431,2026-05-09 11:58:06.016910+00:00,ACC_00089,108.63,fuel,0,0,0
TXN_899D121B74D44832,2026-05-09 12:00:05.016910+00:00,ACC_00376,80.62,grocery,0,0,0
TXN_3D288D64BFB2413A,2026-05-09 12:35:44.016910+00:00,ACC_00376,46.0,pharmacy,0,1,0
TXN_B41CFC90CC2C43F6,2026-05-09 13:18:46.016910+00:00,ACC_00376,40.37,fuel,0,1,0
TXN_10A098394AA14ABB,2026-05-09 13:30:09.016910+00:00,ACC_00376,139.16,electronics,0,2,0
TXN_E4518B3706394B6F,2026-05-09 13:43:14.016910+00:00,ACC_00376,16.46,restaurant,1,2,0
TXN_F38FB9EDD58E416E,2026-05-09 13:56:46.016910+00:00,ACC_00376,43.73,fuel,0,3,0
TXN_2BDE0488567448D8,2026-05-09 14:01:12.016910+00:00,ACC_00376,24.33,restaurant,0,4,0
TXN_FA91299703154694,2026-05-09 14:50:38.016910+00:00,ACC_00418,12420.02,travel,0,0,0
TXN_AA1B3352132C47CD,2026-05-09 15:06:53.016910+00:00,ACC_00152,285.16,jewelry,1,0,0
TXN_5314D6D4DB4C4B00,2026-05-09 16:16:26.016910+00:00,ACC_00888,7.55,clothing,0,0,0
TXN_EF86B35C2C574F97,2026-05-09 17:08:06.016910+00:00,ACC_00033,26.35,grocery,0,0,0
TXN_CEB033DE68BF4C52,2026-05-09 17:12:43.016910+00:00,ACC_00033,21.96,restaurant,0,1,0
TXN_5D087FEED3A749D9,2026-05-09 17:36:47.016910+00:00,ACC_00033,65.93,restaurant,0,2,0
TXN_223269284F234BE6,2026-05-09 17:40:19.016910+00:00,ACC_00033,160.79,hotel,0,3,0
TXN_4A07810D3C104DB4,2026-05-09 18:17:12.016910+00:00,ACC_00950,45.91,pharmacy,0,0,0
TXN_07E30C96334640F2,2026-05-09 18:19:59.016910+00:00,ACC_00811,511.63,travel,0,0,0
TXN_222D7F97B9F646F8,2026-05-09 18:21:30.016910+00:00,ACC_00980,207.71,grocery,0,0,0
TXN_979C23A5F5024289,2026-05-09 18:54:53.016910+00:00,ACC_00131,77.97,grocery,1,0,0
TXN_58087FE6FB5F4557,2026-05-09 19:10:13.016910+00:00,ACC_00295,40.28,other,0,0,0
TXN_D92ADDEC08C343CF,2026-05-09 19:27:00.016910+00:00,ACC_00341,82.79,electronics,0,0,0
TXN_1D0E7D51824B4BF0,2026-05-09 19:29:51.016910+00:00,ACC_00953,7.49,travel,0,0,0
TXN_CFC3372FA24D48A4,2026-05-09 21:14:20.016910+00:00,ACC_00751,353.97,electronics,0,0,0
TXN_2DC2132904154E46,2026-05-09 21:37:04.016910+00:00,ACC_00691,33.02,gaming,0,0,0
TXN_A250985755DB49CD,2026-05-09 22:11:49.016910+00:00,ACC_00510,216.37,jewelry,0,0,0
TXN_84BD003A820B495E,2026-05-09 23:45:02.016910+00:00,ACC_00233,29.54,gaming,0,0,0
TXN_C49D39F876374EA0,2026-05-09 23:46:54.016910+00:00,ACC_00844,21.13,other,0,0,0
TXN_AF132F03B91F4B36,2026-05-09 23:48:18.016910+00:00,ACC_00926,461.67,other,0,0,0
TXN_E746957F99C54EF2,2026-05-09 23:58:39.016910+00:00,ACC_00340,108.87,hotel,0,0,0
TXN_CF8DCB2155AE44E5,2026-05-10 00:18:18.016910+00:00,ACC_00314,167.3,grocery,0,0,0
TXN_7B4C997D257E4F8D,2026-05-10 00:26:01.016910+00:00,ACC_00755,33.43,gaming,0,0,0
TXN_7415EAA26BD04A79,2026-05-10 02:06:05.016910+00:00,ACC_00755,78.82,travel,0,0,0
TXN_E5DE2BDDAF0D4282,2026-05-10 02:41:23.016910+00:00,ACC_00755,408.38,jewelry,0,1,0
TXN_ADA09B57C20C4B43,2026-05-10 02:43:16.016910+00:00,ACC_00755,108.14,fuel,0,2,0
TXN_F2F2C9B6C1D043A9,2026-05-10 02:54:13.016910+00:00,ACC_00755,413.43,travel,0,3,0
TXN_62F2873FDBD7497B,2026-05-10 03:36:03.016910+00:00,ACC_00755,96.65,hotel,0,3,0
TXN_8860EAE08ABD410E,2026-05-10 03:36:40.016910+00:00,ACC_00755,79.24,fuel,0,4,0
TXN_470C203E3A8146A4,2026-05-10 03:37:59.016910+00:00,ACC_00566,31.18,clothing,0,0,0
TXN_6D31644163984C22,2026-05-10 04:40:33.016910+00:00,ACC_00566,61.71,other,0,0,0
TXN_25EB51FAA2DB4B40,2026-05-10 05:17:02.016910+00:00,ACC_00566,30.92,fuel,0,1,0
TXN_B51FEC9618544444,2026-05-10 05:40:14.016910+00:00,ACC_00566,30.72,online_services,0,2,0
TXN_1923879B85BA43B5,2026-05-10 06:08:33.016910+00:00,ACC_00566,44.92,grocery,0,2,0
TXN_0CB5D28C139C4FDD,2026-05-10 08:41:42.016910+00:00,ACC_00566,41.33,electronics,0,0,0
TXN_02394A09FBE64AB3,2026-05-10 09:03:01.016910+00:00,ACC_00005,353.54,travel,0,0,0
TXN_B7E2F02BC7B84378,2026-05-10 09:03:20.016910+00:00,ACC_00738,34.68,clothing,0,0,0
TXN_D4C822A0F97B421C,2026-05-10 10:14:52.016910+00:00,ACC_00548,107.61,online_services,0,0,0
TXN_5DDC4B6FC3C84DC6,2026-05-10 10:38:14.016910+00:00,ACC_00394,19.62,online_services,0,0,0
TXN_E3FC889BF56A46E6,2026-05-10 10:44:01.016910+00:00,ACC_00169,26.89,grocery,0,0,0
TXN_5C6D6A27CBC14371,2026-05-10 10:56:33.016910+00:00,ACC_00148,41.21,hotel,0,0,0
TXN_E30B489428E44BCC,2026-05-10 11:35:43.016910+00:00,ACC_00228,39.93,hotel,0,0,0
TXN_9886694FE3F44FA7,2026-05-10 11:45:21.016910+00:00,ACC_00397,68.52,travel,0,0,0
TXN_36FFA94907704727,2026-05-10 13:25:52.016910+00:00,ACC_00402,24.85,other,0,0,0
TXN_4ED6026F97624CFB,2026-05-10 13:32:32.016910+00:00,ACC_00498,41.5,electronics,0,0,0
TXN_CA4536E6D7ED4DAD,2026-05-10 13:36:33.016910+00:00,ACC_00090,231.33,jewelry,0,0,0
TXN_42306465B16E47FA,2026-05-10 13:45:07.016910+00:00,ACC_00701,200.21,electronics,0,0,0
TXN_E35B5F3EC87E4A29,2026-05-10 13:54:43.016910+00:00,ACC_00880,73.81,grocery,0,0,0
TXN_9B81E79CD2814775,2026-05-10 14:46:58.016910+00:00,ACC_00770,5.85,restaurant,0,0,0
TXN_EC8CE1A90F3E45FF,2026-05-10 15:00:23.016910+00:00,ACC_00770,109.79,travel,0,1,0
TXN_288575EE0CB74723,2026-05-10 15:11:48.016910+00:00,ACC_00770,80.19,electronics,0,2,0
TXN_BD5D25A363A84CC6,2026-05-10 15:34:18.016910+00:00,ACC_00770,146.12,grocery,0,3,0
TXN_A4EC43A9718B4E42,2026-05-10 16:20:57.016910+00:00,ACC_00770,90.95,hotel,0,1,0
TXN_D823B1267C6848CB,2026-05-10 16:33:14.016910+00:00,ACC_00619,32.07,pharmacy,0,0,0
TXN_43FA2C38B22A48C6,2026-05-10 16:59:44.016910+00:00,ACC_00619,10.69,fuel,0,1,0
TXN_76E4FE056C6F4E8B,2026-05-10 17:21:14.016910+00:00,ACC_00619,18.76,fuel,0,2,0
TXN_C1BC2DA5F99244D1,2026-05-10 17:29:05.016910+00:00,ACC_00619,7.26,restaurant,0,3,0
TXN_87255741EF814581,2026-05-10 17:33:42.016910+00:00,ACC_00317,49.11,gaming,0,0,0
TXN_1B8B508A7D924235,2026-05-10 17:49:44.016910+00:00,ACC_00317,151.36,grocery,0,1,0
TXN_2EAE4468393A4D19,2026-05-10 18:09:38.016910+00:00,ACC_00317,24.84,clothing,0,2,0
TXN_9A88C0E0290542C1,2026-05-10 18:18:18.016910+00:00,ACC_00317,27.48,pharmacy,0,3,0
TXN_962974590E774498,2026-05-10 18:21:06.016910+00:00,ACC_00317,12.49,restaurant,0,4,0
TXN_94CCBE1F4A194E99,2026-05-10 18:31:19.016910+00:00,ACC_00317,80.7,travel,0,5,0
TXN_71D3B16B44CF4A36,2026-05-10 19:20:47.016910+00:00,ACC_00317,31.3,restaurant,0,2,0
TXN_32D9B2A25E96450D,2026-05-10 19:26:21.016910+00:00,ACC_00694,176.25,restaurant,0,0,0
TXN_9C7BB9282E6040EB,2026-05-10 19:36:24.016910+00:00,ACC_00439,204.53,other,0,0,0
TXN_8D3AA7D950BD4292,2026-05-10 19:40:03.016910+00:00,ACC_00483,195.4,fuel,1,0,0
TXN_12B43B91CE414795,2026-05-10 19:49:29.016910+00:00,ACC_00089,81.46,pharmacy,0,0,0
TXN_65A94E297DB445B3,2026-05-10 20:22:40.016910+00:00,ACC_00076,36.21,gaming,0,0,0
TXN_C7DA85281FB34D64,2026-05-10 20:23:46.016910+00:00,ACC_00117,23.94,pharmacy,0,0,0
TXN_60A1D23D89B04E53,2026-05-10 20:26:43.016910+00:00,ACC_00645,16.65,pharmacy,0,0,0
TXN_45832992DAF04637,2026-05-10 20:27:52.016910+00:00,ACC_00204,2.94,restaurant,0,0,0
TXN_26BA45C086D94C1A,2026-05-10 21:07:47.016910+00:00,ACC_00142,26.76,pharmacy,0,0,0
TXN_50B996C9CD8346BE,2026-05-10 21:09:41.016910+00:00,ACC_00425,175.75,online_services,0,0,0
TXN_833F63DD353A4A1A,2026-05-10 21:21:12.016910+00:00,ACC_00320,151.83,grocery,0,0,0
TXN_81C04A5B50B34F5A,2026-05-10 21:34:36.016910+00:00,ACC_00345,482.74,clothing,0,0,0
TXN_7E234009EFBC4B84,2026-05-10 22:42:59.016910+00:00,ACC_00153,67.09,other,0,0,0
TXN_F27D973E26D144C8,2026-05-10 23:15:07.016910+00:00,ACC_00353,10.87,pharmacy,0,0,0
TXN_6A86C61AD06F4DA4,2026-05-11 00:07:16.016910+00:00,ACC_00130,867.54,jewelry,0,0,0
TXN_4E5A117681E84080,2026-05-11 00:38:16.016910+00:00,ACC_00207,74.94,online_services,0,0,0
TXN_7ABB10C67F184FF5,2026-05-11 00:45:20.016910+00:00,ACC_00350,1428.52,jewelry,0,0,0
TXN_DBEBE66E3CBA4C65,2026-05-11 01:55:38.016910+00:00,ACC_00684,177.65,fuel,0,0,0
TXN_CFE3F805E1DF459F,2026-05-11 02:11:54.016910+00:00,ACC_00300,28.78,online_services,0,0,0
TXN_207EA38EEDE5428F,2026-05-11 02:33:15.016910+00:00,ACC_00378,15.65,online_services,0,0,0
TXN_89EC349BA7F54CD8,2026-05-11 02:41:04.016910+00:00,ACC_00378,17.21,clothing,0,1,0
TXN_2C4FC5F8603745EB,2026-05-11 03:40:59.016910+00:00,ACC_00378,58.6,hotel,0,1,0
TXN_FE15DABA73B34370,2026-05-11 03:42:54.016910+00:00,ACC_00378,26.65,gaming,0,1,0
TXN_2891CD9708184874,2026-05-11 04:03:06.016910+00:00,ACC_00378,169.04,jewelry,0,2,0
TXN_820CC0E73E6A4291,2026-05-11 04:24:50.016910+00:00,ACC_00834,266.41,travel,0,0,0
TXN_0E107C23E28F41FD,2026-05-11 04:44:15.016910+00:00,ACC_00417,1761.98,hotel,0,0,0
TXN_8B783D289F9743C9,2026-05-11 05:01:09.016910+00:00,ACC_00335,118.25,hotel,0,0,0
TXN_F0B0949636004222,2026-05-11 06:03:24.016910+00:00,ACC_00888,27.46,electronics,0,0,0
TXN_BB9761C663934216,2026-05-11 08:23:53.016910+00:00,ACC_00184,25.0,clothing,0,0,0
TXN_8F9D646BBCF74364,2026-05-11 08:50:27.016910+00:00,ACC_00599,66.73,travel,0,0,0
TXN_8DA1AD98D8F643D2,2026-05-11 10:03:04.016910+00:00,ACC_00135,29.93,travel,0,0,0
TXN_10FF15509C914492,2026-05-11 10:05:05.016910+00:00,ACC_00005,36.05,clothing,0,0,0
TXN_6D0B3DFE4BBF49A4,2026-05-11 10:27:21.016910+00:00,ACC_00878,13.81,other,0,0,0
TXN_C5998FF7259B464A,2026-05-11 11:21:27.016910+00:00,ACC_00354,37.58,other,0,0,0
TXN_F318D04A1FAD400A,2026-05-11 11:32:00.016910+00:00,ACC_00120,158.84,travel,0,0,0
TXN_266C8B0FDBB64F11,2026-05-11 11:44:12.016910+00:00,ACC_00236,895.67,jewelry,0,0,0
TXN_66A2290A8048427E,2026-05-11 11:45:58.016910+00:00,ACC_00862,51.1,electronics,0,0,0
TXN_4BBCB30B99BD451E,2026-05-11 11:52:53.016910+00:00,ACC_00902,43.31,grocery,0,0,0
TXN_2849FE97CD814BE6,2026-05-11 12:11:47.016910+00:00,ACC_00066,21.76,fuel,0,0,0
TXN_0B53806C1F45425B,2026-05-11 12:35:07.016910+00:00,ACC_00405,7.93,pharmacy,0,0,0
TXN_A23F2CD0687E4EC2,2026-05-11 13:02:18.016910+00:00,ACC_00828,2766.4,clothing,0,0,0
TXN_2B6AC865CC424E3E,2026-05-11 13:37:39.016910+00:00,ACC_00156,66.32,other,0,0,0
TXN_88B24297DB0E4C70,2026-05-11 14:01:58.016910+00:00,ACC_00156,178.0,electronics,0,1,0
TXN_CE459CE118404ABD,2026-05-11 14:37:58.016910+00:00,ACC_00156,1085.63,jewelry,0,1,0
TXN_401BCECA63B542E0,2026-05-11 14:55:22.016910+00:00,ACC_00156,29.93,online_services,0,2,0
TXN_DCB221B40A3F4DE2,2026-05-11 15:10:41.016910+00:00,ACC_00522,17.37,other,0,0,0
TXN_8DEC843BD5CB4336,2026-05-11 15:46:27.016910+00:00,ACC_00654,17.67,fuel,0,0,0
TXN_C9E9C99EDB0D4A21,2026-05-11 15:50:21.016910+00:00,ACC_00654,12.88,gaming,0,1,0
TXN_A43B0F96D39B4BC2,2026-05-11 16:11:38.016910+00:00,ACC_00654,131.22,gaming,0,2,0
TXN_AEA685E6CE5B4E22,2026-05-11 17:07:46.016910+00:00,ACC_00654,261.91,fuel,0,1,0
TXN_D2D506D3323E4F5B,2026-05-11 17:40:03.016910+00:00,ACC_00654,56.6,clothing,0,1,0
TXN_DA86C7C68CED4FE7,2026-05-11 18:05:10.016910+00:00,ACC_00096,98.67,clothing,0,0,0
TXN_B494B5A07F2B4696,2026-05-11 18:57:37.016910+00:00,ACC_00896,283.72,hotel,0,0,0
TXN_61F9168A3FDB41A3,2026-05-11 19:54:28.016910+00:00,ACC_00896,1172.0,jewelry,0,1,0
TXN_40FB07BC2BCA4737,2026-05-11 20:15:04.016910+00:00,ACC_00896,1422.3,jewelry,0,1,0
TXN_EB152E5A88CC435B,2026-05-11 21:31:43.016910+00:00,ACC_00896,39.57,jewelry,0,0,0
TXN_F448FA67C43F4B4A,2026-05-11 22:36:18.016910+00:00,ACC_00293,15.94,restaurant,0,0,0
TXN_A1CD072EEACC4888,2026-05-11 22:48:56.016910+00:00,ACC_00357,225.67,jewelry,0,0,0
TXN_338B70308F144342,2026-05-11 22:54:03.016910+00:00,ACC_00196,17.16,pharmacy,0,0,0
TXN_4F6BD0CC775541C0,2026-05-11 23:23:46.016910+00:00,ACC_00318,86.48,hotel,0,0,0
TXN_16312E27C98C422E,2026-05-11 23:38:08.016910+00:00,ACC_00013,333.74,jewelry,0,0,0
TXN_F4EEA3CD8A4B4FD9,2026-05-11 23:46:31.016910+00:00,ACC_00013,5.63,online_services,0,1,0
TXN_3AB1ED0FE0094693,2026-05-11 23:53:36.016910+00:00,ACC_00013,40.62,restaurant,0,2,0
TXN_09DE16DACCC1497C,2026-05-12 00:21:17.016910+00:00,ACC_00013,109.65,online_services,0,3,0
TXN_C1FAF2AE5C5F4F05,2026-05-12 00:31:31.016910+00:00,ACC_00013,46.09,gaming,0,4,0
TXN_14D19AE64F854958,2026-05-12 00:53:53.016910+00:00,ACC_00013,5.05,online_services,0,2,0
TXN_DF94C97457F74F8C,2026-05-12 01:02:32.016910+00:00,ACC_00013,160.2,jewelry,0,3,0
TXN_5F2A9C729A9D4EC5,2026-05-12 01:21:24.016910+00:00,ACC_00433,60.58,gaming,0,0,0
TXN_4E1BB231CEE343B0,2026-05-12 01:22:19.016910+00:00,ACC_00433,118.08,gaming,0,1,0
TXN_41267996142144FB,2026-05-12 01:26:09.016910+00:00,ACC_00433,252.76,electronics,0,2,0
TXN_60DC62EE3E1D4E74,2026-05-12 03:04:02.016910+00:00,ACC_00433,101.24,hotel,0,0,0
TXN_86419D5D84974BEA,2026-05-12 03:22:38.016910+00:00,ACC_00433,27.07,clothing,0,1,0
TXN_E8C9BC588E004DFB,2026-05-12 03:38:00.016910+00:00,ACC_00433,26.42,restaurant,0,2,0
TXN_8DBA582059C24762,2026-05-12 03:42:24.016910+00:00,ACC_00433,22.19,electronics,0,3,0
TXN_4EB34FACCD464F9A,2026-05-12 04:13:00.016910+00:00,ACC_00433,29.45,clothing,0,3,0
TXN_4E3592D08D6D4A37,2026-05-12 04:36:36.016910+00:00,ACC_00168,125.01,fuel,0,0,0
TXN_2CC3D71D08B249CB,2026-05-12 04:51:21.016910+00:00,ACC_00796,105.38,hotel,0,0,0
TXN_A2E99A0D03B54016,2026-05-12 05:06:35.016910+00:00,ACC_00834,55.22,fuel,0,0,0
TXN_6B27D3A117C3415C,2026-05-12 06:00:28.016910+00:00,ACC_00005,421.93,clothing,0,0,0
TXN_F9B4D09410B24DEA,2026-05-12 06:29:50.016910+00:00,ACC_00846,117.23,online_services,0,0,0
TXN_6B3CA015EC904B70,2026-05-12 06:43:27.016910+00:00,ACC_00663,96.54,hotel,0,0,0
TXN_190ED6030F764BBC,2026-05-12 07:02:13.016910+00:00,ACC_00063,152.64,electronics,0,0,0
TXN_0E2136DECD9943B7,2026-05-12 07:39:19.016910+00:00,ACC_00110,65.62,grocery,0,0,0
TXN_AC4BA06568094EBF,2026-05-12 08:43:07.016910+00:00,ACC_00938,112.72,online_services,0,0,0
TXN_CC87716526814BC5,2026-05-12 08:50:26.016910+00:00,ACC_00938,13451.34,travel,0,1,1
TXN_E6847D524DE04BEB,2026-05-12 09:24:21.016910+00:00,ACC_00938,39.46,online_services,0,2,0
TXN_05EF32D65C6548E5,2026-05-12 10:10:11.016910+00:00,ACC_00938,74.16,jewelry,0,1,0
TXN_A08F170F1F7B4200,2026-05-12 10:49:41.016910+00:00,ACC_00938,11.53,online_services,0,1,0
TXN_9526AAEAF739485B,2026-05-12 11:16:46.016910+00:00,ACC_00938,51.51,gaming,0,1,0
TXN_EB2D85DC7D2941B0,2026-05-12 11:31:37.016910+00:00,ACC_00938,38.4,restaurant,0,2,0
TXN_AA1EBFB5545F4448,2026-05-12 11:53:04.016910+00:00,ACC_00938,179.66,electronics,0,2,0
TXN_EA5E8677924C4B7E,2026-05-12 12:26:46.016910+00:00,ACC_00910,17.98,grocery,0,0,0
TXN_555FDBFDE35F46CF,2026-05-12 13:44:58.016910+00:00,ACC_00709,26.39,online_services,0,0,0
TXN_F8F2C0AC7F7344C2,2026-05-12 14:18:55.016910+00:00,ACC_00729,31.65,restaurant,0,0,0
TXN_0D125ECE3F8B4174,2026-05-12 14:31:28.016910+00:00,ACC_00386,29.43,gaming,0,0,0
TXN_9395E3E1593D4413,2026-05-12 14:58:04.016910+00:00,ACC_00467,416.96,grocery,0,0,0
TXN_2B08D0BDDEE24D60,2026-05-12 15:09:45.016910+00:00,ACC_00876,80.93,travel,1,0,0
TXN_2CBBDA2328F74237,2026-05-12 16:50:34.016910+00:00,ACC_00156,205.12,travel,0,0,0
TXN_2E8224FD77984ABB,2026-05-12 17:18:42.016910+00:00,ACC_00730,97.98,online_services,0,0,0
TXN_DFC9F29FBAE545AA,2026-05-12 17:19:57.016910+00:00,ACC_00858,326.11,travel,0,0,0
TXN_CFC6F4956B434AAB,2026-05-12 19:03:37.016910+00:00,ACC_00858,25.35,grocery,0,0,0
TXN_0B771DC7CA4D41DD,2026-05-12 19:18:40.016910+00:00,ACC_00858,65.94,fuel,0,1,0
TXN_2DE8FB4AE6F64412,2026-05-12 19:24:50.016910+00:00,ACC_00858,49.88,pharmacy,0,2,0
TXN_C80322D7FC794B64,2026-05-12 19:54:05.016910+00:00,ACC_00039,49.15,restaurant,0,0,0
TXN_0B610EBD66354D7F,2026-05-12 20:16:28.016910+00:00,ACC_00156,43.76,grocery,0,0,0
TXN_08A991195A3C4917,2026-05-12 20:31:05.016910+00:00,ACC_00586,74.03,pharmacy,0,0,0
TXN_D1B4A933423344DF,2026-05-12 21:14:37.016910+00:00,ACC_00467,62.86,clothing,0,0,0
TXN_A26455D4BFC94FD2,2026-05-12 21:49:54.016910+00:00,ACC_00212,8.38,restaurant,0,0,0
TXN_85D75DFD350F4A6E,2026-05-12 23:25:46.016910+00:00,ACC_00484,169.65,travel,0,0,0
TXN_BBBF0917E22C4DB5,2026-05-12 23:26:09.016910+00:00,ACC_00947,45.48,pharmacy,0,0,0
TXN_AC5F2F969DF74F66,2026-05-12 23:40:33.016910+00:00,ACC_00832,103.23,clothing,0,0,0
TXN_203580F3F20B46F6,2026-05-12 23:43:22.016910+00:00,ACC_00143,45.13,fuel,0,0,0
TXN_943F3C5F809C4A6D,2026-05-13 00:00:03.016910+00:00,ACC_00318,602.85,hotel,0,0,0
TXN_BE9770FC6C364F29,2026-05-13 00:15:34.016910+00:00,ACC_00738,101.86,electronics,0,0,0
TXN_692B5D3AAA1D43C2,2026-05-13 00:18:36.016910+00:00,ACC_00902,20.75,pharmacy,0,0,0
TXN_05DB8B6420514AA2,2026-05-13 01:16:43.016910+00:00,ACC_00089,205.22,other,1,0,0
TXN_36004B99113E4C7D,2026-05-13 01:19:52.016910+00:00,ACC_00573,124.15,travel,0,0,0
TXN_2609D516C1724C94,2026-05-13 01:25:03.016910+00:00,ACC_00411,53.09,clothing,0,0,0
TXN_3C2B858E664E47DC,2026-05-13 01:44:47.016910+00:00,ACC_00203,151.67,hotel,0,0,0
TXN_060D41AFD8EC4FD5,2026-05-13 02:13:57.016910+00:00,ACC_00391,62.9,clothing,0,0,0
TXN_FA68E71AE9D34D28,2026-05-13 03:00:29.016910+00:00,ACC_00740,390.11,jewelry,0,0,0
TXN_6E2E59DB105448F8,2026-05-13 03:30:48.016910+00:00,ACC_00740,86.39,online_services,0,1,0
TXN_AA412522737244C5,2026-05-13 03:38:37.016910+00:00,ACC_00740,79.81,travel,0,2,0
TXN_84E31276D0DE4C9C,2026-05-13 03:39:08.016910+00:00,ACC_00740,79.45,jewelry,0,3,0
TXN_B4CC92FDD6C94505,2026-05-13 03:50:13.016910+00:00,ACC_00975,43.81,hotel,0,0,0
TXN_9CFFD43212B74C46,2026-05-13 03:52:59.016910+00:00,ACC_00640,145.01,gaming,0,0,0
TXN_933084F1EB5046E3,2026-05-13 04:24:53.016910+00:00,ACC_00226,32.2,fuel,0,0,0
TXN_947B7464FFBF4CAF,2026-05-13 04:39:22.016910+00:00,ACC_00175,72.81,pharmacy,0,0,0
TXN_67CD907034AD4D93,2026-05-13 04:54:55.016910+00:00,ACC_00141,77.68,fuel,0,0,0
TXN_B1F7473DDD014C73,2026-05-13 04:56:13.016910+00:00,ACC_00780,47.19,online_services,0,0,0
TXN_C8A7D478D843419D,2026-05-13 05:01:07.016910+00:00,ACC_00868,25.36,other,0,0,0
TXN_002BA706E4E24210,2026-05-13 05:05:31.016910+00:00,ACC_00868,56.87,restaurant,0,1,0
TXN_25652B91614C4FC5,2026-05-13 05:47:14.016910+00:00,ACC_00868,51.41,clothing,0,2,0
TXN_A522E1E58E124E6E,2026-05-13 06:16:55.016910+00:00,ACC_00868,15000.0,travel,1,7,0
TXN_4A1FFD08272A4CD6,2026-05-13 06:47:19.016910+00:00,ACC_00868,18.53,restaurant,0,1,0
TXN_7352CC97A24D48A3,2026-05-13 06:51:41.016910+00:00,ACC_00868,26.99,electronics,0,2,0
TXN_6379486EC6054A7A,2026-05-13 07:15:30.016910+00:00,ACC_00418,77.29,hotel,0,0,0
TXN_12AF21CB186A492D,2026-05-13 07:17:20.016910+00:00,ACC_00832,19.16,online_services,0,0,0
TXN_9E17A0BE2CCC4F79,2026-05-13 07:33:41.016910+00:00,ACC_00408,123.8,electronics,0,0,0
TXN_F30FAB94742E447E,2026-05-13 08:01:38.016910+00:00,ACC_00419,36.18,fuel,0,0,0
TXN_B1CD63AC11B4481F,2026-05-13 08:04:28.016910+00:00,ACC_00026,27.74,pharmacy,0,0,0
TXN_F6C4B70775A243EB,2026-05-13 08:05:35.016910+00:00,ACC_00026,122.6,electronics,0,1,0
TXN_20BC8AD6B96D4957,2026-05-13 09:22:05.016910+00:00,ACC_00026,91.82,other,0,0,0
TXN_8285010D687544F2,2026-05-13 09:55:00.016910+00:00,ACC_00026,105.27,online_services,0,1,0
TXN_8AE9FB20935046A1,2026-05-13 10:08:12.016910+00:00,ACC_00026,301.84,hotel,0,2,0
TXN_904FA34FAC104965,2026-05-13 10:26:21.016910+00:00,ACC_00026,17.33,pharmacy,0,2,0
TXN_53407C377B4A4C19,2026-05-13 10:38:29.016910+00:00,ACC_00026,133.78,online_services,0,3,0
TXN_BAE907B141204F6E,2026-05-13 10:54:58.016910+00:00,ACC_00580,114.41,electronics,0,0,0
TXN_B5F2EF3486A449EB,2026-05-13 10:57:19.016910+00:00,ACC_00156,33.42,gaming,0,0,0
TXN_0B6D56A795E74498,2026-05-13 11:05:39.016910+00:00,ACC_00859,89.89,jewelry,0,0,0
TXN_FD6A03630689467F,2026-05-13 11:20:40.016910+00:00,ACC_00031,5.95,other,0,0,0
TXN_0C81BF98DA2248BC,2026-05-13 11:39:24.016910+00:00,ACC_00112,59.98,fuel,0,0,0
TXN_55E87C1EC88E4F07,2026-05-13 12:00:56.016910+00:00,ACC_00072,165.02,electronics,0,0,0
TXN_C3A01F79CDC94251,2026-05-13 13:46:53.016910+00:00,ACC_00406,17.08,restaurant,0,0,0
TXN_0BF266F59A654F85,2026-05-13 14:17:39.016910+00:00,ACC_00862,140.21,jewelry,0,0,0
TXN_742050C30BAE4B83,2026-05-13 14:58:59.016910+00:00,ACC_00793,99.92,electronics,0,0,0
TXN_B27712827C40479F,2026-05-13 15:03:23.016910+00:00,ACC_00793,164.5,jewelry,0,1,0
TXN_30F55E6C2BCD41F0,2026-05-13 15:41:36.016910+00:00,ACC_00793,55.54,hotel,0,2,0
TXN_324645E925E1478F,2026-05-13 16:38:35.016910+00:00,ACC_00793,12.27,pharmacy,0,1,0
TXN_5BF193D633F942CF,2026-05-13 16:55:25.016910+00:00,ACC_00793,84.62,restaurant,0,1,0
TXN_0EF9CB96EAF24251,2026-05-13 18:12:44.016910+00:00,ACC_00793,25.83,grocery,0,0,0
TXN_C328C16D9BE94925,2026-05-13 18:14:06.016910+00:00,ACC_00793,57.44,grocery,0,1,0
TXN_A1ED2E14BC31433B,2026-05-13 18:35:01.016910+00:00,ACC_00793,69.12,grocery,0,2,0
TXN_344023D12A8A4ADF,2026-05-13 18:43:28.016910+00:00,ACC_00186,77.49,clothing,0,0,0
TXN_7C51F2242F924C3A,2026-05-13 20:23:37.016910+00:00,ACC_00575,72.91,grocery,0,0,0
TXN_197BF3F0A7B44904,2026-05-13 20:57:21.016910+00:00,ACC_00575,59.61,grocery,0,1,0
TXN_4101DEE8433A4F5F,2026-05-13 21:05:03.016910+00:00,ACC_00575,21.98,fuel,0,2,0
TXN_5F6E2FF77DFB492E,2026-05-13 21:05:24.016910+00:00,ACC_00575,34.59,gaming,0,3,0
TXN_1F034E0EA1CA40B8,2026-05-13 21:35:29.016910+00:00,ACC_00575,164.4,other,0,3,0
TXN_865955593C3A4857,2026-05-13 21:49:24.016910+00:00,ACC_00335,35.96,other,0,0,0
TXN_50E3AFB23C874470,2026-05-13 22:42:25.016910+00:00,ACC_00401,45.82,gaming,0,0,0
TXN_DEAE120A3BBA47EA,2026-05-13 23:11:50.016910+00:00,ACC_00508,92.22,other,0,0,0
TXN_F73C09819B4E43CB,2026-05-13 23:30:28.016910+00:00,ACC_00371,593.76,travel,0,0,0
TXN_C463322D2FE5492A,2026-05-13 23:35:14.016910+00:00,ACC_00068,89.58,pharmacy,0,0,0
TXN_9B9D71B92CFD4931,2026-05-13 23:55:06.016910+00:00,ACC_00843,98.03,jewelry,0,0,0
TXN_7D54033232B840AA,2026-05-13 23:56:40.016910+00:00,ACC_00204,318.25,jewelry,0,0,0
TXN_A49BFD4BD126452B,2026-05-14 00:42:49.016910+00:00,ACC_00362,49.77,fuel,0,0,0
TXN_9B85AF6A02E54A26,2026-05-14 01:14:52.016910+00:00,ACC_00222,30.5,fuel,0,0,0
TXN_206C5BF3AECB4C0F,2026-05-14 01:40:09.016910+00:00,ACC_00031,47.08,online_services,0,0,0
TXN_6A8F50BFA97847C7,2026-05-14 01:42:16.016910+00:00,ACC_00521,14412.55,travel,0,0,0
TXN_53ED6B7013184284,2026-05-14 01:48:05.016910+00:00,ACC_00673,122.85,travel,0,0,0
TXN_B88C6FF883A04A22,2026-05-14 02:57:31.016910+00:00,ACC_00612,145.0,jewelry,1,0,0
TXN_B92FFDB1DD744ED7,2026-05-14 03:08:16.016910+00:00,ACC_00327,19.62,hotel,1,0,0
TXN_0B32ADBD22F74A01,2026-05-14 03:34:29.016910+00:00,ACC_00411,63.08,other,0,0,0
TXN_5E9C27D1CF594F84,2026-05-14 04:00:46.016910+00:00,ACC_00177,33.73,gaming,0,0,0
TXN_075BF8F04E7B4491,2026-05-14 04:21:21.016910+00:00,ACC_00458,258.55,other,0,0,0
TXN_3831515C71594755,2026-05-14 05:01:21.016910+00:00,ACC_00323,130.11,hotel,0,0,0
TXN_E37B2BF33F8E4EB3,2026-05-14 06:40:44.016910+00:00,ACC_00576,15000.0,travel,1,7,0
TXN_F0E1D03B8948404F,2026-05-14 06:48:28.016910+00:00,ACC_00136,978.05,pharmacy,0,0,0
TXN_F3BB1E4140F04FEF,2026-05-14 07:39:24.016910+00:00,ACC_00097,84.52,hotel,0,0,0
TXN_C6047EEA81B74DE2,2026-05-14 07:57:34.016910+00:00,ACC_00611,11.3,pharmacy,0,0,0
TXN_02561FB68A9A4C56,2026-05-14 08:16:07.016910+00:00,ACC_00769,242.1,hotel,0,0,0
TXN_D62400F02F31432A,2026-05-14 08:28:17.016910+00:00,ACC_00103,123.33,pharmacy,1,0,0
TXN_1C79E90888144EB3,2026-05-14 08:45:18.016910+00:00,ACC_00103,71.54,electronics,0,1,0
TXN_B6BEE255E05C4490,2026-05-14 10:07:18.016910+00:00,ACC_00103,114.44,fuel,0,0,0
TXN_4A39672326024EB0,2026-05-14 11:04:23.016910+00:00,ACC_00103,352.77,pharmacy,0,1,0
TXN_0F4FD629CBF84021,2026-05-14 11:49:58.016910+00:00,ACC_00103,286.7,online_services,0,1,0
TXN_A9B38749DD314403,2026-05-14 12:00:13.016910+00:00,ACC_00359,391.4,hotel,0,0,0
TXN_752373FD3A4A4A4E,2026-05-14 12:31:49.016910+00:00,ACC_00042,12.49,pharmacy,0,0,0
TXN_7A9B3741B0AD4B65,2026-05-14 13:23:27.016910+00:00,ACC_00489,51.54,travel,0,0,0
TXN_3C34CAC8DC3C4DB4,2026-05-14 14:21:35.016910+00:00,ACC_00226,103.65,other,0,0,0
TXN_D0B3619AAA0F488E,2026-05-14 14:40:20.016910+00:00,ACC_00191,28.9,restaurant,0,0,0
TXN_67F6AF9F6A674201,2026-05-14 14:42:56.016910+00:00,ACC_00395,4.71,restaurant,0,0,0
TXN_637056D115DF4782,2026-05-14 15:07:32.016910+00:00,ACC_00395,27.63,fuel,0,1,0
TXN_EDD20335DB9C4D21,2026-05-14 15:19:41.016910+00:00,ACC_00395,69.43,fuel,0,2,0
TXN_1F24121441AB46AE,2026-05-14 15:30:20.016910+00:00,ACC_00395,34.85,grocery,0,3,0
TXN_C287A41D180745EF,2026-05-14 15:54:19.016910+00:00,ACC_00395,34.84,pharmacy,0,3,0
TXN_AE8F3879C67B4F30,2026-05-14 16:18:18.016910+00:00,ACC_00956,18.53,clothing,0,0,0
TXN_AA2EC4A64FDB461F,2026-05-14 16:39:26.016910+00:00,ACC_00956,35.13,clothing,0,1,0
TXN_EE7388F61510405D,2026-05-14 16:44:16.016910+00:00,ACC_00956,72.86,fuel,0,2,0
TXN_42E3AC776B984E46,2026-05-14 16:44:49.016910+00:00,ACC_00956,26.17,grocery,0,3,0
TXN_BB378611319F4CAD,2026-05-14 16:47:59.016910+00:00,ACC_00956,711.47,jewelry,0,4,0
TXN_3AF70CC004C34514,2026-05-14 17:11:01.016910+00:00,ACC_00956,59.29,other,0,5,0
TXN_98C310E85E174CAA,2026-05-14 17:15:44.016910+00:00,ACC_00956,42.69,restaurant,0,6,0
TXN_88E89C6392E04FCC,2026-05-14 17:25:47.016910+00:00,ACC_00956,91.6,clothing,0,6,0
TXN_C6142A442EFC444B,2026-05-14 18:30:21.016910+00:00,ACC_00981,195.66,hotel,0,0,0
TXN_FC6E6475B57942A4,2026-05-14 18:38:30.016910+00:00,ACC_00981,47.85,electronics,0,1,0
TXN_4C514E639BC84B06,2026-05-14 18:50:27.016910+00:00,ACC_00981,19.32,fuel,0,2,0
TXN_835940ED11074D5D,2026-05-14 19:43:55.016910+00:00,ACC_00981,37.15,jewelry,0,1,0
TXN_0D4AED1CE6DD4FCC,2026-05-14 19:51:30.016910+00:00,ACC_00981,107.76,travel,0,1,0
TXN_3B2D2F3845A742F3,2026-05-14 20:01:09.016910+00:00,ACC_00981,18.12,fuel,0,2,0
TXN_D661665BCB1B4DBD,2026-05-14 20:18:17.016910+00:00,ACC_00981,36.42,other,0,3,0
TXN_86376E59787B4CC2,2026-05-14 20:25:17.016910+00:00,ACC_00981,28.3,pharmacy,0,4,0
TXN_D392104807DA438E,2026-05-14 21:31:03.016910+00:00,ACC_00725,166.78,travel,0,0,0
TXN_0048F2E82B0D4358,2026-05-14 22:13:39.016910+00:00,ACC_00938,35.32,grocery,0,0,0
TXN_07D110EE2636463D,2026-05-14 22:28:13.016910+00:00,ACC_00600,24.82,restaurant,0,0,0
TXN_4D1F642EE4AD4082,2026-05-14 22:42:50.016910+00:00,ACC_00151,39.53,restaurant,0,0,0
TXN_73592C84D4A0459B,2026-05-14 23:04:57.016910+00:00,ACC_00400,111.55,hotel,0,0,0
TXN_C86CACDF36E144A9,2026-05-14 23:05:46.016910+00:00,ACC_00166,91.18,fuel,0,0,0
TXN_E2A52A7DFC9D41CA,2026-05-14 23:10:23.016910+00:00,ACC_00749,50.34,clothing,0,0,0
TXN_9A9A53C55AE14F2B,2026-05-15 00:01:12.016910+00:00,ACC_00564,191.32,gaming,0,0,0
TXN_CE2B1A9261E8497C,2026-05-15 00:08:05.016910+00:00,ACC_00696,18.52,online_services,1,0,0
TXN_61D5C2DC992B4816,2026-05-15 00:09:59.016910+00:00,ACC_00699,29.7,grocery,0,0,0
TXN_5DA92D959A19453E,2026-05-15 02:04:42.016910+00:00,ACC_00759,31.62,other,0,0,0
TXN_69EE0896A9744FE2,2026-05-15 02:20:48.016910+00:00,ACC_00281,48.4,grocery,0,0,0
TXN_B01ACC40584242AC,2026-05-15 02:21:31.016910+00:00,ACC_00662,92.53,jewelry,0,0,0
TXN_1D16BD4BB54947A7,2026-05-15 03:25:50.016910+00:00,ACC_00909,330.66,travel,0,0,0
TXN_8EE581931C4C41FB,2026-05-15 03:32:53.016910+00:00,ACC_00324,12.54,online_services,0,0,0
TXN_DC0B48FF4D3B414E,2026-05-15 03:49:56.016910+00:00,ACC_00049,21.53,gaming,0,0,0
TXN_74B5CBB158764EC5,2026-05-15 03:58:02.016910+00:00,ACC_00702,9.93,pharmacy,0,0,0
TXN_1339AA069F2F48DE,2026-05-15 05:00:39.016910+00:00,ACC_00741,33.41,fuel,0,0,0
TXN_FC146ECDE0F24314,2026-05-15 05:34:09.016910+00:00,ACC_00250,39.92,pharmacy,0,0,0
TXN_7DEABEB62B1749BC,2026-05-15 06:17:14.016910+00:00,ACC_00769,12.53,clothing,0,0,0
TXN_FE41B8B6ABED4424,2026-05-15 07:58:53.016910+00:00,ACC_00318,28.12,grocery,0,0,0
TXN_9F909E5037CB4842,2026-05-15 08:03:51.016910+00:00,ACC_00371,297.77,electronics,0,0,0
TXN_B8856CDD51664F66,2026-05-15 08:55:59.016910+00:00,ACC_00749,794.13,jewelry,0,0,0
TXN_D09BADCA225346E9,2026-05-15 09:24:01.016910+00:00,ACC_00749,78.71,fuel,0,1,0
TXN_6C9D87D618DC44C8,2026-05-15 09:32:23.016910+00:00,ACC_00749,4.14,pharmacy,0,2,0
TXN_5E4611AF759B4FC8,2026-05-15 10:12:46.016910+00:00,ACC_00749,55.03,clothing,0,2,0
TXN_F9850C3E62EF4B52,2026-05-15 10:19:26.016910+00:00,ACC_00749,670.83,jewelry,0,3,0
TXN_6D1622B7982B4118,2026-05-15 10:39:15.016910+00:00,ACC_00749,29.41,online_services,0,2,0
TXN_F8F54FBD6BD6482D,2026-05-15 11:18:16.016910+00:00,ACC_00749,9.55,restaurant,0,2,0
TXN_4263D4507EE944F8,2026-05-15 11:48:05.016910+00:00,ACC_00990,108.35,grocery,0,0,0
TXN_D17341275D5546B3,2026-05-15 11:56:53.016910+00:00,ACC_00374,125.93,grocery,0,0,0
TXN_F6CE39F26C04417A,2026-05-15 12:21:13.016910+00:00,ACC_00329,910.44,online_services,0,0,0
TXN_D6DDC5AF41AA4554,2026-05-15 12:40:21.016910+00:00,ACC_00329,15.39,gaming,0,1,0
TXN_3127D1C97C544CE8,2026-05-15 13:28:45.016910+00:00,ACC_00329,31.53,travel,0,1,0
TXN_9F7970EF229348F0,2026-05-15 13:40:48.016910+00:00,ACC_00329,60.69,online_services,0,1,0
TXN_25D094166A5748CF,2026-05-15 14:00:21.016910+00:00,ACC_00329,15.93,restaurant,0,2,0
TXN_B6981AFFBD3D4E19,2026-05-15 17:23:59.016910+00:00,ACC_00242,52.33,other,0,0,0
TXN_FC08D06205B34CAA,2026-05-15 17:28:22.016910+00:00,ACC_00514,95.01,electronics,0,0,0
TXN_C0A7207EC2884305,2026-05-15 18:05:32.016910+00:00,ACC_00110,18.02,fuel,0,0,0
TXN_C5DCDA9DC5A34C86,2026-05-15 18:39:01.016910+00:00,ACC_00557,8.47,grocery,0,0,0
TXN_BD84332B32CB4C88,2026-05-15 18:51:27.016910+00:00,ACC_00201,150.42,jewelry,0,0,0
TXN_7837119FE65F4E25,2026-05-15 19:55:07.016910+00:00,ACC_00170,57.02,clothing,0,0,0
TXN_757E8670B64740DF,2026-05-15 20:00:33.016910+00:00,ACC_00296,33.07,restaurant,0,0,0
TXN_7714A4460FDD4880,2026-05-15 20:02:48.016910+00:00,ACC_00181,27.15,clothing,1,0,0
TXN_9FCED8F1DA324C07,2026-05-15 20:13:48.016910+00:00,ACC_00825,88.0,restaurant,0,0,0
TXN_B6A2F610487E479F,2026-05-15 20:40:14.016910+00:00,ACC_00384,83.25,jewelry,0,0,0
TXN_5DC8B8C2ADC444B0,2026-05-15 21:28:32.016910+00:00,ACC_00755,4.04,fuel,1,0,0
TXN_FAF610F5DC674A33,2026-05-15 22:30:31.016910+00:00,ACC_00387,109.64,gaming,0,0,0
TXN_6410E84AC1224144,2026-05-15 22:42:08.016910+00:00,ACC_00023,246.08,jewelry,0,0,0
TXN_9979EF06DC7A486F,2026-05-15 23:16:19.016910+00:00,ACC_00285,14296.52,travel,0,0,1
TXN_8CBDAD87ECB64874,2026-05-15 23:39:13.016910+00:00,ACC_00186,171.14,electronics,0,0,0
TXN_D65139C6601B49B6,2026-05-15 23:54:40.016910+00:00,ACC_00117,90.08,electronics,0,0,0
TXN_53E1D2B497D54CA9,2026-05-16 00:00:08.016910+00:00,ACC_00229,10.86,grocery,0,0,0
TXN_5A3330D2D47A423B,2026-05-16 00:12:45.016910+00:00,ACC_00703,8.3,restaurant,0,0,0
TXN_944AA9792EA04CF9,2026-05-16 00:45:49.016910+00:00,ACC_00161,9.81,restaurant,1,0,0
TXN_67E740D9FEB346B6,2026-05-16 01:11:23.016910+00:00,ACC_00714,29.77,fuel,0,0,0
TXN_7FE2D5CE9CD8471E,2026-05-16 01:37:24.016910+00:00,ACC_00694,27.01,gaming,0,0,0
TXN_2E7567F0D70D447F,2026-05-16 01:39:51.016910+00:00,ACC_00259,107.07,online_services,0,0,0
TXN_6D9A50AFD7254C86,2026-05-16 02:03:12.016910+00:00,ACC_00615,64.94,electronics,0,0,0
TXN_B9350116581941DE,2026-05-16 02:19:45.016910+00:00,ACC_00615,21.57,fuel,0,1,0
TXN_CBA65C8444B148EC,2026-05-16 02:31:22.016910+00:00,ACC_00615,27.58,other,0,2,0
TXN_B865D002595C4E8B,2026-05-16 02:34:50.016910+00:00,ACC_00615,17.99,grocery,0,3,0
TXN_1650667487E04F55,2026-05-16 03:09:10.016910+00:00,ACC_00615,15.83,pharmacy,0,3,0
TXN_1639A5930D87472F,2026-05-16 03:42:57.016910+00:00,ACC_00883,12.15,fuel,0,0,0
TXN_031925A8AD634E44,2026-05-16 04:03:21.016910+00:00,ACC_00979,127.85,hotel,0,0,0
TXN_7B23443D75734D90,2026-05-16 04:40:24.016910+00:00,ACC_00425,121.16,travel,0,0,0
TXN_1F956DAE5E594ECB,2026-05-16 04:42:09.016910+00:00,ACC_00425,186.8,jewelry,0,1,0
TXN_626F80929F224A79,2026-05-16 04:44:35.016910+00:00,ACC_00425,52.76,jewelry,0,2,0
TXN_5A024EE521E84A2A,2026-05-16 04:45:01.016910+00:00,ACC_00425,62.98,gaming,0,3,0
TXN_D091DBE309934B8C,2026-05-16 04:45:05.016910+00:00,ACC_00425,86.41,other,0,4,0
TXN_0D7B886687CA4184,2026-05-16 05:47:54.016910+00:00,ACC_00425,158.52,grocery,0,0,0
TXN_3EAAE16F1A344E45,2026-05-16 06:00:03.016910+00:00,ACC_00425,73.83,clothing,0,1,0
TXN_53381C5CB8D24CF7,2026-05-16 06:06:23.016910+00:00,ACC_00425,253.35,clothing,0,2,0
TXN_64D037AD65704EEC,2026-05-16 06:32:15.016910+00:00,ACC_00124,26.61,clothing,0,0,0
TXN_E6FDB5C770C64E83,2026-05-16 06:58:55.016910+00:00,ACC_00275,168.24,grocery,0,0,0
TXN_713A681B5C234E2E,2026-05-16 07:48:33.016910+00:00,ACC_00488,67.67,gaming,0,0,0
TXN_08959820A6C84532,2026-05-16 08:14:01.016910+00:00,ACC_00341,149.8,hotel,0,0,0
TXN_F20BB2945FAD41CD,2026-05-16 08:46:16.016910+00:00,ACC_00241,36.53,gaming,0,0,0
TXN_CEE7D3D76E434771,2026-05-16 09:04:22.016910+00:00,ACC_00872,37.76,other,0,0,0
TXN_DFC499D3C15D474A,2026-05-16 09:11:39.016910+00:00,ACC_00330,62.98,hotel,0,0,0
TXN_20FAAFD6155B44C3,2026-05-16 09:12:54.016910+00:00,ACC_00615,499.37,electronics,0,0,0
TXN_EFBB71015C0D466E,2026-05-16 09:32:07.016910+00:00,ACC_00757,110.99,travel,0,0,0
TXN_B5231C747B9B448A,2026-05-16 09:37:21.016910+00:00,ACC_00927,86.04,other,0,0,0
TXN_FD33F298CE564548,2026-05-16 09:56:30.016910+00:00,ACC_00039,421.73,jewelry,0,0,0
TXN_35AC80110A5345D9,2026-05-16 10:10:55.016910+00:00,ACC_00265,103.96,other,0,0,0
TXN_69E00A949EF945CE,2026-05-16 10:13:22.016910+00:00,ACC_00265,128.39,hotel,0,1,0
TXN_034763B924BA4E53,2026-05-16 11:00:27.016910+00:00,ACC_00265,164.77,grocery,0,2,0
TXN_0160B5BBC4D544C5,2026-05-16 11:27:25.016910+00:00,ACC_00265,319.06,jewelry,0,1,0
TXN_2FC9BDA35D16486F,2026-05-16 11:54:43.016910+00:00,ACC_00265,21.58,grocery,0,2,0
TXN_6A27B803C68E42A4,2026-05-16 12:03:24.016910+00:00,ACC_00372,31.44,gaming,0,0,0
TXN_0142D439D3DE4426,2026-05-16 12:22:18.016910+00:00,ACC_00747,11.01,gaming,0,0,0
TXN_B16240A9EABE4285,2026-05-16 12:30:34.016910+00:00,ACC_00747,42.5,pharmacy,0,1,0
TXN_56F6EB332C0F4266,2026-05-16 12:40:37.016910+00:00,ACC_00747,46.57,restaurant,0,2,0
TXN_542B0356A299492D,2026-05-16 13:09:23.016910+00:00,ACC_00747,91.03,clothing,0,3,0
TXN_93C1698D6622425D,2026-05-16 13:18:42.016910+00:00,ACC_00747,59.21,fuel,0,4,0
TXN_55F598EC189E42BB,2026-05-16 13:26:10.016910+00:00,ACC_00747,36.64,online_services,0,4,0
TXN_F4AF881E9EF04F2F,2026-05-16 13:36:57.016910+00:00,ACC_00747,53.84,other,0,4,0
TXN_D82C34DAD9F541AB,2026-05-16 14:01:16.016910+00:00,ACC_00747,32.39,pharmacy,0,4,0
TXN_0F91D582EA824798,2026-05-16 14:01:32.016910+00:00,ACC_00705,134.32,other,0,0,0
TXN_41C8BFB53B0345A2,2026-05-16 15:08:52.016910+00:00,ACC_00935,10.07,other,0,0,0
TXN_57FEA33476674359,2026-05-16 15:39:40.016910+00:00,ACC_00097,17.8,restaurant,0,0,0
TXN_55BCC505EED748B9,2026-05-16 16:23:37.016910+00:00,ACC_00304,87.33,jewelry,0,0,0
TXN_A44DBBC57EB84D44,2026-05-16 16:30:42.016910+00:00,ACC_00685,323.61,clothing,0,0,0
TXN_B425F76D9BA049CC,2026-05-16 16:42:48.016910+00:00,ACC_00685,15000.0,travel,1,5,1
TXN_8DEF66B18BAF4984,2026-05-16 16:49:40.016910+00:00,ACC_00685,36.9,other,0,2,0
TXN_E75BD888C2214DCE,2026-05-16 17:03:16.016910+00:00,ACC_00685,11.19,fuel,1,3,0
TXN_272B32460FF74580,2026-05-16 17:41:46.016910+00:00,ACC_00685,49.16,travel,0,3,0
TXN_4DDD84D7234F4EFB,2026-05-16 18:12:58.016910+00:00,ACC_00685,132.47,other,0,1,0
TXN_B0A3D50BFC3F4CEA,2026-05-16 18:33:12.016910+00:00,ACC_00319,26.91,electronics,0,0,0
TXN_07997A20221E4849,2026-05-16 18:46:18.016910+00:00,ACC_00649,218.52,jewelry,0,0,0
TXN_1C1DAF501DBF4893,2026-05-16 19:57:01.016910+00:00,ACC_00684,55.9,restaurant,0,0,0
TXN_29E405C39FAF4FB7,2026-05-16 19:57:19.016910+00:00,ACC_00632,18.17,other,0,0,0
TXN_0CDA312FB20C4857,2026-05-16 20:09:51.016910+00:00,ACC_00980,43.28,online_services,0,0,0
TXN_7A8F96F790FF4642,2026-05-16 20:17:59.016910+00:00,ACC_00960,29.94,gaming,0,0,0
TXN_5061685199A4445C,2026-05-16 21:54:39.016910+00:00,ACC_00238,16.7,restaurant,0,0,0
TXN_6E7C8E34C392442E,2026-05-16 22:56:34.016910+00:00,ACC_00843,25.98,clothing,1,0,0
TXN_420CCA741A554BC7,2026-05-16 23:32:51.016910+00:00,ACC_00803,242.5,electronics,0,0,0
TXN_0E8E91C076014F41,2026-05-16 23:37:29.016910+00:00,ACC_00003,121.64,pharmacy,0,0,0
TXN_19AAE9EF18BC4C85,2026-05-16 23:43:58.016910+00:00,ACC_00196,106.74,travel,0,0,0
TXN_4AE09F89C9CC4E68,2026-05-16 23:46:15.016910+00:00,ACC_00244,60.16,online_services,0,0,0
TXN_F0761FFFC7AA428A,2026-05-17 00:11:54.016910+00:00,ACC_00391,44.19,gaming,0,0,0
TXN_3F95286B9C1B4E9B,2026-05-17 00:16:08.016910+00:00,ACC_00828,27.69,travel,0,0,0
TXN_697FFD028D604258,2026-05-17 01:29:01.016910+00:00,ACC_00393,82.48,electronics,0,0,0
TXN_C8C8CCF54DAD45A2,2026-05-17 02:12:31.016910+00:00,ACC_00210,6.68,grocery,0,0,0
TXN_6D41F08F581D427E,2026-05-17 02:21:34.016910+00:00,ACC_00874,139.21,jewelry,0,0,0
TXN_CA93B99463944F42,2026-05-17 02:43:32.016910+00:00,ACC_00901,42.22,online_services,0,0,0
TXN_C2D17B41345646B3,2026-05-17 02:47:27.016910+00:00,ACC_00438,82.54,gaming,0,0,0
TXN_E0280E7DFE7C4C9C,2026-05-17 03:11:08.016910+00:00,ACC_00331,55.25,online_services,0,0,0
TXN_45AC7F49D3294542,2026-05-17 03:44:05.016910+00:00,ACC_00822,3306.64,clothing,0,0,0
TXN_0C357BD4293D426B,2026-05-17 04:06:54.016910+00:00,ACC_00140,20.12,online_services,0,0,0
TXN_17AE02AA05EA44C5,2026-05-17 04:13:49.016910+00:00,ACC_00748,123.36,fuel,0,0,0
TXN_E03474E5A6B14A35,2026-05-17 05:08:05.016910+00:00,ACC_00461,162.38,gaming,0,0,0
TXN_27A182405EA44BAD,2026-05-17 06:58:55.016910+00:00,ACC_00110,5.51,pharmacy,0,0,0
TXN_FB0687D23C394611,2026-05-17 07:34:04.016910+00:00,ACC_00599,10.29,gaming,0,0,0
TXN_702EAFC082A24095,2026-05-17 07:51:32.016910+00:00,ACC_00599,46.5,clothing,0,1,0
TXN_A262F1F990374774,2026-05-17 08:44:34.016910+00:00,ACC_00599,32.63,other,0,1,0
TXN_16088AAC87A848BB,2026-05-17 08:52:42.016910+00:00,ACC_00599,29.72,online_services,0,1,0
TXN_4B597D491DAD4CB0,2026-05-17 09:09:05.016910+00:00,ACC_00599,47.94,grocery,0,2,0
TXN_5CDB8F75FF574FCB,2026-05-17 09:25:03.016910+00:00,ACC_00599,90.65,fuel,0,3,0
TXN_E20AD28331484626,2026-05-17 10:09:26.016910+00:00,ACC_00679,19.26,gaming,0,0,0
TXN_E3F7511065A543C5,2026-05-17 10:14:56.016910+00:00,ACC_00711,305.39,hotel,0,0,0
TXN_C8AC3C8433164912,2026-05-17 10:19:17.016910+00:00,ACC_00530,71.08,travel,0,0,0
TXN_E78739AF09CF4C26,2026-05-17 10:29:49.016910+00:00,ACC_00801,421.13,other,0,0,0
TXN_72B5C7EF1DE64DDF,2026-05-17 11:07:10.016910+00:00,ACC_00319,355.18,electronics,0,0,0
TXN_8BBDC76735924041,2026-05-17 11:08:45.016910+00:00,ACC_00319,30.94,other,0,1,0
TXN_D0AD0EC8168F4234,2026-05-17 11:11:28.016910+00:00,ACC_00319,13.01,online_services,0,2,0
TXN_BD3F20CC64E24DA1,2026-05-17 11:18:38.016910+00:00,ACC_00319,60.68,hotel,0,3,0
TXN_380032831FC54BA0,2026-05-17 11:48:08.016910+00:00,ACC_00319,107.9,jewelry,0,4,0
TXN_EB0ED27A292C4EFA,2026-05-17 11:51:50.016910+00:00,ACC_00319,91.19,other,0,5,1
TXN_DFA390A68E274EAD,2026-05-17 13:41:11.016910+00:00,ACC_00527,4.68,restaurant,0,0,0
TXN_83E08ABEC79940F0,2026-05-17 13:48:20.016910+00:00,ACC_00663,11.69,clothing,0,0,0
TXN_C0F7928DB2724B48,2026-05-17 14:04:01.016910+00:00,ACC_00054,79.85,clothing,0,0,0
TXN_69E97E9200364BDE,2026-05-17 14:10:25.016910+00:00,ACC_00861,52.06,electronics,0,0,0
TXN_83C5F43079C04C45,2026-05-17 14:18:49.016910+00:00,ACC_00861,17.59,restaurant,0,1,0
TXN_AD5094B451664AF3,2026-05-17 14:54:43.016910+00:00,ACC_00861,278.23,travel,0,2,0
TXN_B66D95E9EC3C46C8,2026-05-17 16:10:19.016910+00:00,ACC_00861,135.47,other,0,0,0
TXN_5FF14F2E85DF44B3,2026-05-17 16:34:58.016910+00:00,ACC_00487,118.04,fuel,0,0,0
TXN_E9E358C8F03F4F00,2026-05-17 16:40:35.016910+00:00,ACC_00487,102.33,other,0,1,0
TXN_93F7ED3DD2D54667,2026-05-17 17:12:08.016910+00:00,ACC_00487,40.01,clothing,0,2,0
TXN_5010C14D1F9346C2,2026-05-17 17:20:29.016910+00:00,ACC_00487,33.03,gaming,0,3,0
TXN_698F0CE52DC545F2,2026-05-17 18:25:58.016910+00:00,ACC_00487,18.63,restaurant,0,0,0
TXN_ADE7A39676634167,2026-05-17 18:52:23.016910+00:00,ACC_00228,10.94,pharmacy,0,0,0
TXN_7D9E390F86754097,2026-05-17 19:21:03.016910+00:00,ACC_00924,11.64,restaurant,0,0,0
TXN_322D1351DA53443C,2026-05-17 19:25:51.016910+00:00,ACC_00924,117.22,online_services,0,1,0
TXN_C097BDAA70E54901,2026-05-17 19:26:01.016910+00:00,ACC_00924,56.53,electronics,0,2,0
TXN_26A4E18F83014654,2026-05-17 20:01:17.016910+00:00,ACC_00924,36.64,hotel,0,3,0
TXN_313B70750A6B43B6,2026-05-17 20:16:12.016910+00:00,ACC_00924,638.16,jewelry,0,4,0
TXN_EB94F9DA7BE74536,2026-05-17 20:44:07.016910+00:00,ACC_00272,29.2,hotel,0,0,0
TXN_72474364EADC4E5A,2026-05-17 21:33:57.016910+00:00,ACC_00964,258.71,jewelry,0,0,0
TXN_58F1C0093FFF44B0,2026-05-17 22:09:22.016910+00:00,ACC_00195,6.18,online_services,0,0,0
TXN_373A5AC83ADF4449,2026-05-17 22:45:06.016910+00:00,ACC_00986,230.29,clothing,0,0,0
TXN_2117833DFF87433E,2026-05-17 23:06:59.016910+00:00,ACC_00289,158.51,grocery,0,0,0
TXN_E50BEADA499E4111,2026-05-17 23:08:38.016910+00:00,ACC_00289,9.82,restaurant,0,1,0
TXN_D9799CA56BD54A8F,2026-05-18 00:07:48.016910+00:00,ACC_00289,24.34,restaurant,0,1,0
TXN_A8374DC8B2D542C1,2026-05-18 00:10:22.016910+00:00,ACC_00289,13.13,pharmacy,0,1,0
TXN_B69766736500487E,2026-05-18 00:54:50.016910+00:00,ACC_00289,15.21,grocery,0,2,0
TXN_98DFEA2BE961434C,2026-05-18 01:43:22.016910+00:00,ACC_00757,72.66,hotel,0,0,0
TXN_4D3A74E2025A4F63,2026-05-18 01:45:39.016910+00:00,ACC_00757,93.79,other,0,1,0
TXN_B8C537AA09014D09,2026-05-18 02:27:24.016910+00:00,ACC_00757,188.67,hotel,0,2,0
TXN_722420DB9BCC44F0,2026-05-18 02:28:06.016910+00:00,ACC_00757,167.03,electronics,0,3,0
TXN_00967661B404429F,2026-05-18 03:10:32.016910+00:00,ACC_00757,31.04,fuel,1,2,0
TXN_62C9FC6A1EF44810,2026-05-18 04:00:31.016910+00:00,ACC_00757,59.6,pharmacy,0,1,0
TXN_59930FBBB51741C1,2026-05-18 04:09:53.016910+00:00,ACC_00757,14.48,online_services,0,2,0
TXN_E621A9D849D34EDE,2026-05-18 05:04:21.016910+00:00,ACC_00072,164.11,travel,0,0,0
TXN_2342D1B20D564EB2,2026-05-18 05:16:09.016910+00:00,ACC_00072,38.02,fuel,0,1,0
TXN_3BEEBEF6F08A431B,2026-05-18 05:42:37.016910+00:00,ACC_00072,168.13,jewelry,0,2,0
TXN_6A01D4220BD949B6,2026-05-18 06:27:30.016910+00:00,ACC_00072,34.01,restaurant,0,1,0
TXN_4185A1E1E5D645D3,2026-05-18 07:02:40.016910+00:00,ACC_00072,34.96,jewelry,0,1,0
TXN_3A731A52C2FB4523,2026-05-18 07:47:22.016910+00:00,ACC_00284,11.12,restaurant,0,0,0
TXN_0F48BC0B8C584DC1,2026-05-18 08:33:22.016910+00:00,ACC_00946,346.82,jewelry,1,0,0
TXN_058141880B794F6B,2026-05-18 08:45:24.016910+00:00,ACC_00946,42.44,gaming,0,1,0
TXN_4DCB305EBF7943F9,2026-05-18 09:18:52.016910+00:00,ACC_00946,9.76,fuel,0,2,0
TXN_F756C6BDD7C84C4C,2026-05-18 10:04:56.016910+00:00,ACC_00946,51.96,other,0,1,0
TXN_3091EB829B184037,2026-05-18 10:41:21.016910+00:00,ACC_00946,26.33,gaming,1,1,0
TXN_1A5BDD6A4F8945CF,2026-05-18 11:17:31.016910+00:00,ACC_00946,375.97,travel,0,1,0
TXN_A500BE9ACA0043AB,2026-05-18 11:33:11.016910+00:00,ACC_00946,13.43,grocery,0,2,0
TXN_E00091577791466F,2026-05-18 11:49:07.016910+00:00,ACC_00433,13.82,grocery,0,0,0
TXN_F1E39282E1AD4196,2026-05-18 12:22:24.016910+00:00,ACC_00639,152.91,electronics,0,0,0
TXN_4C0FA30ED8154EC1,2026-05-18 12:26:45.016910+00:00,ACC_00069,22.96,restaurant,0,0,0
TXN_9A066D674FC74F28,2026-05-18 13:18:29.016910+00:00,ACC_00315,39.6,clothing,0,0,0
TXN_E2F005B021F1463E,2026-05-18 13:18:55.016910+00:00,ACC_00465,1696.52,jewelry,0,0,0
TXN_71CA8EC2F75147A8,2026-05-18 14:10:37.016910+00:00,ACC_00310,67.88,grocery,0,0,0
TXN_E1819020B4B04CA1,2026-05-18 14:38:16.016910+00:00,ACC_00018,39.26,other,0,0,0
TXN_77B3786DF1244F12,2026-05-18 14:48:38.016910+00:00,ACC_00802,7.57,pharmacy,0,0,0
TXN_B2DD2E77CC274F90,2026-05-18 15:23:23.016910+00:00,ACC_00938,37.36,other,0,0,0
TXN_869251C81B6C494D,2026-05-18 15:30:33.016910+00:00,ACC_00888,14.12,online_services,0,0,0
TXN_9E2F3C20E9F14B21,2026-05-18 15:39:45.016910+00:00,ACC_00941,93.7,jewelry,1,0,0
TXN_3C66FCB08C5D40CD,2026-05-18 16:10:48.016910+00:00,ACC_00201,16.86,fuel,0,0,0
TXN_1D6DC078CFB54EBD,2026-05-18 17:14:06.016910+00:00,ACC_00216,552.96,jewelry,0,0,0
TXN_05F7562CBB82459D,2026-05-18 17:33:39.016910+00:00,ACC_00122,11.9,gaming,0,0,0
TXN_D1D71CDB68B140CA,2026-05-18 18:10:18.016910+00:00,ACC_00060,497.9,jewelry,0,0,0
TXN_96E0D79149FC4215,2026-05-18 18:17:35.016910+00:00,ACC_00078,319.28,jewelry,0,0,0
TXN_8AF49EF72BE34626,2026-05-18 18:24:38.016910+00:00,ACC_00860,39.35,restaurant,0,0,0
TXN_6E4FFCF6F50A453D,2026-05-18 19:01:02.016910+00:00,ACC_00221,11.33,restaurant,0,0,0
TXN_2216FA3CD23F4910,2026-05-18 19:07:56.016910+00:00,ACC_00586,108.47,other,0,0,0
TXN_6E657E1E711C418E,2026-05-18 19:53:03.016910+00:00,ACC_00586,10.08,travel,0,1,0
TXN_78EEFA730FC8433C,2026-05-18 19:54:37.016910+00:00,ACC_00586,16.44,gaming,0,2,0
TXN_346ED184240B4BD8,2026-05-18 19:59:28.016910+00:00,ACC_00586,103.27,restaurant,0,3,0
TXN_656D60FD66CA4D3F,2026-05-18 20:05:18.016910+00:00,ACC_00763,99.15,grocery,0,0,0
TXN_ECDBC59E37D94BDF,2026-05-18 20:22:54.016910+00:00,ACC_00065,496.97,electronics,0,0,0
TXN_943A657C5F784940,2026-05-18 20:50:39.016910+00:00,ACC_00090,38.2,fuel,0,0,0
TXN_F225EB2438944D51,2026-05-18 21:01:06.016910+00:00,ACC_00657,41.31,clothing,0,0,0
TXN_3EFB3B6AFA7F4CFA,2026-05-18 21:15:02.016910+00:00,ACC_00040,91.21,travel,0,0,0
TXN_0FFE14342C3F4B53,2026-05-18 21:23:11.016910+00:00,ACC_00688,289.09,grocery,0,0,0
TXN_03175ADF5D4E48E5,2026-05-18 21:42:09.016910+00:00,ACC_00629,55.78,pharmacy,0,0,0
TXN_150C8D7946EE426C,2026-05-18 21:42:48.016910+00:00,ACC_00860,16.02,clothing,0,0,0
TXN_CD2F064ACE574DD2,2026-05-18 21:43:14.016910+00:00,ACC_00311,181.44,other,0,0,0
TXN_BCAB32B8B70D45E2,2026-05-18 22:11:14.016910+00:00,ACC_00311,31.05,fuel,0,1,0
TXN_18E3DA0C170C46C3,2026-05-18 22:12:16.016910+00:00,ACC_00311,11.4,hotel,0,2,0
TXN_C6FBFAD0A12344F0,2026-05-18 23:02:19.016910+00:00,ACC_00311,21.52,gaming,0,2,0
TXN_247F0C57A55E46A9,2026-05-18 23:31:53.016910+00:00,ACC_00311,70.77,restaurant,0,1,0
TXN_CB6BD13FCB3C49EB,2026-05-18 23:41:24.016910+00:00,ACC_00311,56.06,fuel,0,2,0
TXN_D1017B9D9EC34645,2026-05-18 23:46:44.016910+00:00,ACC_00311,96.39,other,0,3,0
TXN_F89A2CE626864038,2026-05-19 00:36:12.016910+00:00,ACC_00311,448.79,travel,0,2,0
TXN_4E8DB45D0ABE411A,2026-05-19 00:55:39.016910+00:00,ACC_00145,44.07,jewelry,0,0,0
TXN_440BB5F5DFD94A33,2026-05-19 01:01:12.016910+00:00,ACC_00831,16.3,pharmacy,0,0,0
TXN_1F2F7F2EA3AD490C,2026-05-19 01:14:57.016910+00:00,ACC_00634,38.99,fuel,1,0,0
TXN_3CDC1CB799504E93,2026-05-19 01:15:32.016910+00:00,ACC_00509,145.99,other,1,0,0
TXN_AB6A3CE3BB51475E,2026-05-19 01:59:44.016910+00:00,ACC_00143,12.27,pharmacy,0,0,0
TXN_157570043F9A493D,2026-05-19 02:26:37.016910+00:00,ACC_00505,78.11,electronics,0,0,0
TXN_131ABFC5D2C64356,2026-05-19 02:30:33.016910+00:00,ACC_00162,36.76,grocery,0,0,0
TXN_168F920C75EB486D,2026-05-19 02:50:29.016910+00:00,ACC_00274,20.84,gaming,0,0,0
TXN_ECD10AEE0F6E4C64,2026-05-19 03:35:11.016910+00:00,ACC_00570,25.99,restaurant,0,0,0
TXN_7B5569CB5DC044E0,2026-05-19 05:41:30.016910+00:00,ACC_00191,31.99,grocery,0,0,0
TXN_28EE214442C54637,2026-05-19 05:54:12.016910+00:00,ACC_00823,32.22,other,0,0,0
TXN_8FBC79ECFA214066,2026-05-19 06:14:17.016910+00:00,ACC_00410,75.74,grocery,1,0,0
TXN_60373733E9244173,2026-05-19 06:23:34.016910+00:00,ACC_00410,63.0,fuel,0,1,0
TXN_5559AE6D6FC2408A,2026-05-19 06:54:07.016910+00:00,ACC_00410,282.79,travel,0,2,0
TXN_55DCA15DD11D4FFC,2026-05-19 06:59:44.016910+00:00,ACC_00410,98.82,gaming,0,3,0
TXN_04737BDD907D463F,2026-05-19 07:13:15.016910+00:00,ACC_00410,583.2,travel,0,4,0
TXN_B74FDB4C8A0E46E2,2026-05-19 07:43:07.016910+00:00,ACC_00410,10.82,gaming,0,3,0
TXN_77EC351C48A34501,2026-05-19 08:05:19.016910+00:00,ACC_00410,36.9,travel,0,2,0
TXN_C869319DB4D640CA,2026-05-19 08:13:58.016910+00:00,ACC_00643,69.49,fuel,0,0,0
TXN_D880D28D7D3D407C,2026-05-19 08:34:47.016910+00:00,ACC_00544,139.48,jewelry,0,0,0
TXN_C2E5C0156E444D2C,2026-05-19 09:06:26.016910+00:00,ACC_00714,24.95,gaming,0,0,0
TXN_3A99DE1218204204,2026-05-19 09:41:54.016910+00:00,ACC_00675,19.14,fuel,0,0,0
TXN_3172D509506840F9,2026-05-19 10:33:55.016910+00:00,ACC_00606,58.58,restaurant,0,0,0
TXN_8BF5A453C4084EE3,2026-05-19 11:01:01.016910+00:00,ACC_00606,267.07,grocery,0,1,0
TXN_9F3A36F269B54612,2026-05-19 11:22:11.016910+00:00,ACC_00606,73.71,pharmacy,0,2,0
TXN_E63AA27BBAF94487,2026-05-19 11:39:54.016910+00:00,ACC_00606,26.81,gaming,0,2,0
TXN_14F6B13B62B3433F,2026-05-19 12:02:24.016910+00:00,ACC_00338,111.23,other,0,0,0
TXN_507CD72D45D34F77,2026-05-19 12:17:29.016910+00:00,ACC_00817,28.8,hotel,0,0,0
TXN_E7FF05C1B752447C,2026-05-19 12:19:39.016910+00:00,ACC_00584,2.47,restaurant,0,0,0
TXN_6C9ABC1639BE4DDA,2026-05-19 12:54:13.016910+00:00,ACC_00829,30.02,grocery,0,0,0
TXN_B4F9901A2E5D48DE,2026-05-19 12:58:29.016910+00:00,ACC_00575,22.06,hotel,0,0,0
TXN_DF3388B0135F4808,2026-05-19 13:35:11.016910+00:00,ACC_00221,27.94,gaming,0,0,0
TXN_0978F0379F124FF6,2026-05-19 13:49:58.016910+00:00,ACC_00404,246.06,jewelry,0,0,0
TXN_13C8020E31BA41E9,2026-05-19 13:55:30.016910+00:00,ACC_00835,475.07,other,0,0,0
TXN_A0F5A0AE2BC64D07,2026-05-19 14:06:50.016910+00:00,ACC_00706,126.95,gaming,0,0,0
TXN_C69540F53B2348D0,2026-05-19 14:36:10.016910+00:00,ACC_00679,22.4,electronics,0,0,0
TXN_EF0E7152A27D4087,2026-05-19 15:22:36.016910+00:00,ACC_00735,8.44,grocery,0,0,0
TXN_682510DD479F4555,2026-05-19 15:47:37.016910+00:00,ACC_00252,18.34,grocery,0,0,0
TXN_159D119E093F4722,2026-05-19 16:12:08.016910+00:00,ACC_00549,171.7,pharmacy,0,0,0
TXN_09BC220E64284F56,2026-05-19 16:12:35.016910+00:00,ACC_00655,8.12,grocery,0,0,0
TXN_87ED16DE77A3469A,2026-05-19 16:20:36.016910+00:00,ACC_00565,68.82,travel,0,0,0
TXN_A234C20BBB914CD3,2026-05-19 17:43:57.016910+00:00,ACC_00487,13.7,restaurant,0,0,0
TXN_D4001730A88C43F7,2026-05-19 18:51:25.016910+00:00,ACC_00490,152.64,hotel,0,0,0
TXN_B68DC956E75E44AB,2026-05-19 19:00:11.016910+00:00,ACC_00163,114.14,other,0,0,0
TXN_46139B8A85A64CD1,2026-05-19 19:08:13.016910+00:00,ACC_00989,54.53,pharmacy,0,0,0
TXN_611DD697CEC4445A,2026-05-19 21:03:53.016910+00:00,ACC_00396,133.09,electronics,0,0,0
TXN_0175EB4AA29C4D08,2026-05-19 21:44:54.016910+00:00,ACC_00767,11.15,gaming,0,0,0
TXN_908434D60A1A431A,2026-05-19 21:52:11.016910+00:00,ACC_00275,114.5,hotel,0,0,0
TXN_9ED3E98E654345B1,2026-05-19 22:29:46.016910+00:00,ACC_00657,92.58,restaurant,0,0,0
TXN_E2396B0DDB694EB9,2026-05-19 23:03:04.016910+00:00,ACC_00244,183.55,grocery,0,0,0
TXN_9A246CD786464DA3,2026-05-19 23:14:33.016910+00:00,ACC_00360,148.73,electronics,0,0,0
TXN_26F23A42999745D5,2026-05-19 23:24:02.016910+00:00,ACC_00858,9.03,gaming,0,0,0
TXN_7796B80B03C2499B,2026-05-20 00:19:31.016910+00:00,ACC_00858,188.98,travel,0,1,0
TXN_B0B31F3A5BA94FEC,2026-05-20 00:27:27.016910+00:00,ACC_00858,45.57,other,0,1,0
TXN_64E6A86588A941A5,2026-05-20 00:56:35.016910+00:00,ACC_00858,10.17,online_services,0,2,0
TXN_750DE34412E54579,2026-05-20 01:58:14.016910+00:00,ACC_00858,77.92,jewelry,0,0,0
TXN_A95E04A603E64341,2026-05-20 02:01:43.016910+00:00,ACC_00858,11.32,restaurant,0,1,0
TXN_C582C298AD41412F,2026-05-20 02:44:05.016910+00:00,ACC_00282,89.65,clothing,0,0,0
TXN_85C34D3705B34701,2026-05-20 03:36:23.016910+00:00,ACC_00282,499.24,hotel,0,1,0
TXN_5E47A07789944401,2026-05-20 03:58:31.016910+00:00,ACC_00282,340.85,jewelry,0,1,0
TXN_95915AEFDCBB4CA8,2026-05-20 04:14:20.016910+00:00,ACC_00282,205.67,hotel,0,2,0
TXN_B33AF596EAAB44BE,2026-05-20 04:28:19.016910+00:00,ACC_00282,97.1,hotel,0,3,0
TXN_7A01383CA48D472F,2026-05-20 04:39:13.016910+00:00,ACC_00630,24.61,online_services,0,0,0
TXN_8CE7D0D2E06D4B01,2026-05-20 04:53:15.016910+00:00,ACC_00413,175.06,electronics,0,0,0
TXN_7BCA55941774421C,2026-05-20 05:24:01.016910+00:00,ACC_00212,67.39,other,0,0,0
TXN_BB2E2E6BB1884173,2026-05-20 05:44:22.016910+00:00,ACC_00110,48.91,electronics,0,0,0
TXN_5D5024DEF190425F,2026-05-20 06:17:15.016910+00:00,ACC_00456,37.92,pharmacy,0,0,0
TXN_181D672BCACC4BE6,2026-05-20 06:22:02.016910+00:00,ACC_00175,103.06,hotel,0,0,0
TXN_8D7CDC5BAA474470,2026-05-20 06:34:59.016910+00:00,ACC_00665,34.91,clothing,0,0,0
TXN_911FDB863F2A4D74,2026-05-20 07:08:39.016910+00:00,ACC_00465,59.67,hotel,0,0,0
TXN_1E7D642112F242FA,2026-05-20 08:04:21.016910+00:00,ACC_00187,66.87,clothing,0,0,0
TXN_94BC8C97F4F242B4,2026-05-20 08:13:46.016910+00:00,ACC_00525,31.56,other,0,0,0
TXN_D1FA2CED692E473C,2026-05-20 08:29:04.016910+00:00,ACC_00853,764.29,hotel,0,0,0
TXN_95D4DA59F1C4407F,2026-05-20 08:40:06.016910+00:00,ACC_00853,65.94,gaming,0,1,0
TXN_15736AA6DBC14A3F,2026-05-20 08:48:43.016910+00:00,ACC_00853,60.41,online_services,0,2,0
TXN_931FFE32FC794633,2026-05-20 09:27:23.016910+00:00,ACC_00853,43.96,other,0,3,0
TXN_E925AA772D844A10,2026-05-20 09:31:02.016910+00:00,ACC_00853,71.67,electronics,0,3,0
TXN_FD87F21F28B84762,2026-05-20 09:36:55.016910+00:00,ACC_00853,23.4,travel,0,4,0
TXN_3E41492E4E8D4B07,2026-05-20 10:23:30.016910+00:00,ACC_00853,23.28,clothing,0,3,0
TXN_1BC390113A5943CE,2026-05-20 10:46:53.016910+00:00,ACC_00488,8.87,online_services,0,0,0
TXN_0D7621F0964B4BBC,2026-05-20 11:09:47.016910+00:00,ACC_00920,21.95,hotel,0,0,0
TXN_65EED549DBB7455C,2026-05-20 11:47:50.016910+00:00,ACC_00920,17.15,other,0,1,0
TXN_771662DC75284B30,2026-05-20 11:59:17.016910+00:00,ACC_00920,115.31,fuel,0,2,0
TXN_FFC9443C83694CD5,2026-05-20 12:08:08.016910+00:00,ACC_00920,114.71,fuel,0,3,0
TXN_F1FCC6E46AAA484C,2026-05-20 12:36:21.016910+00:00,ACC_00003,65.98,travel,0,0,0
TXN_87CF2E18C4564570,2026-05-20 12:41:39.016910+00:00,ACC_00415,13.67,other,0,0,0
TXN_03A9C6AB94A84FF7,2026-05-20 12:45:06.016910+00:00,ACC_00369,27.54,online_services,0,0,0
TXN_5FC9F130875546D6,2026-05-20 12:46:34.016910+00:00,ACC_00127,59.16,pharmacy,0,0,0
TXN_D907F1B3E4654061,2026-05-20 13:10:46.016910+00:00,ACC_00295,328.04,travel,0,0,0
TXN_55C7D3056BD04D44,2026-05-20 13:38:49.016910+00:00,ACC_00269,49.88,online_services,0,0,0
TXN_D2CB1846D65B4FBE,2026-05-20 14:07:36.016910+00:00,ACC_00986,51.38,fuel,0,0,0
TXN_16362BD58BD746C2,2026-05-20 14:44:25.016910+00:00,ACC_00990,53.41,online_services,0,0,0
TXN_FA7D22FC1BF84AD3,2026-05-20 15:41:11.016910+00:00,ACC_00665,10.55,clothing,0,0,0
TXN_DC26D45EDE774C2B,2026-05-20 16:57:23.016910+00:00,ACC_00149,29.54,hotel,1,0,0
TXN_5B961DEB6F22432B,2026-05-20 16:59:26.016910+00:00,ACC_00805,523.38,hotel,0,0,0
TXN_874F7F09179A4431,2026-05-20 17:02:32.016910+00:00,ACC_00371,31.03,restaurant,0,0,0
TXN_26A41DDAB14D4845,2026-05-20 17:40:16.016910+00:00,ACC_00920,19.28,travel,0,0,0
TXN_073981961A824B70,2026-05-20 17:51:31.016910+00:00,ACC_00172,77.76,other,0,0,0
TXN_7A1FD1257B9A4C6E,2026-05-20 18:04:53.016910+00:00,ACC_00455,17.4,online_services,0,0,0
TXN_97AFD1DA920747E8,2026-05-20 18:07:14.016910+00:00,ACC_00455,114.1,online_services,0,1,0
TXN_4BF9474E12204237,2026-05-20 18:24:04.016910+00:00,ACC_00455,101.73,online_services,0,2,0
TXN_497BE8D0403846B6,2026-05-20 18:26:41.016910+00:00,ACC_00455,93.22,other,0,3,0
TXN_4224E468B2C24D70,2026-05-20 18:42:10.016910+00:00,ACC_00731,122.79,hotel,0,0,0
TXN_16DA851CA39A4196,2026-05-20 19:10:18.016910+00:00,ACC_00962,182.66,other,0,0,0
TXN_4A26D4A9E5FE4CE1,2026-05-20 19:17:09.016910+00:00,ACC_00196,142.82,fuel,0,0,0
TXN_4BF8B60D84A14379,2026-05-20 19:27:10.016910+00:00,ACC_00695,11.11,restaurant,0,0,0
TXN_F6C601A28A7C4FB8,2026-05-20 19:35:03.016910+00:00,ACC_00695,73.77,gaming,0,1,0
TXN_E12EE824B9204FF7,2026-05-20 19:42:26.016910+00:00,ACC_00695,120.5,jewelry,0,2,0
TXN_9ACEE7C2E29C4A73,2026-05-20 20:09:35.016910+00:00,ACC_00695,39.23,hotel,0,3,0
TXN_944CF1B704A04EB3,2026-05-20 20:51:22.016910+00:00,ACC_00160,163.06,gaming,0,0,0
TXN_FCCD613832F74EE6,2026-05-20 21:56:49.016910+00:00,ACC_00160,86.25,gaming,0,0,0
TXN_D46034BA3E0E48DE,2026-05-20 22:03:30.016910+00:00,ACC_00160,59.71,clothing,0,1,0
TXN_0D70B98DFBEB4062,2026-05-20 22:10:34.016910+00:00,ACC_00160,14.46,pharmacy,0,2,0
TXN_85FB27A9CBE64E5B,2026-05-20 22:19:01.016910+00:00,ACC_00160,147.45,grocery,0,3,0
TXN_922EEBC79C244B86,2026-05-20 22:41:24.016910+00:00,ACC_00160,2321.05,jewelry,0,4,0
TXN_3709A898002B47B9,2026-05-20 23:11:11.016910+00:00,ACC_00237,10.74,restaurant,0,0,0
TXN_7A7FE00A4AF64ED7,2026-05-20 23:19:30.016910+00:00,ACC_00195,44.15,travel,0,0,0
TXN_827F86350631473B,2026-05-20 23:46:54.016910+00:00,ACC_00195,46.51,clothing,0,1,0
TXN_904E26546D3B47B7,2026-05-21 00:11:26.016910+00:00,ACC_00195,197.16,hotel,0,2,0
TXN_6329CE16CCCD4628,2026-05-21 00:26:56.016910+00:00,ACC_00195,30.02,online_services,0,2,0
TXN_0E06B0A9BE5547F0,2026-05-21 00:44:24.016910+00:00,ACC_00195,6299.07,travel,1,3,0
TXN_2F1B2EF5E30C4DAE,2026-05-21 00:48:16.016910+00:00,ACC_00195,36.28,pharmacy,0,3,0
TXN_B95B531130414B42,2026-05-21 01:33:40.016910+00:00,ACC_00195,30.02,other,0,2,0
TXN_F055D1E47A9A45A0,2026-05-21 02:01:02.016910+00:00,ACC_00864,66.2,electronics,1,0,0
TXN_866007714A824046,2026-05-21 02:17:25.016910+00:00,ACC_00351,178.68,pharmacy,0,0,0
TXN_F0E2A4817DB54377,2026-05-21 02:48:54.016910+00:00,ACC_00606,47.3,other,0,0,0
TXN_C74089E4F94E4F71,2026-05-21 03:07:48.016910+00:00,ACC_00885,137.16,fuel,0,0,0
TXN_274BF94F545F4B7D,2026-05-21 03:22:21.016910+00:00,ACC_00130,9.6,clothing,0,0,0
TXN_CD2705590E3D4256,2026-05-21 03:40:55.016910+00:00,ACC_00674,291.45,electronics,0,0,0
TXN_A7415BE6A72342FA,2026-05-21 03:45:37.016910+00:00,ACC_00501,100.51,jewelry,0,0,0
TXN_173E5C0ACC654F41,2026-05-21 04:07:38.016910+00:00,ACC_00830,276.28,travel,0,0,0
TXN_734392AC4D2A46DC,2026-05-21 04:08:22.016910+00:00,ACC_00987,14.97,pharmacy,0,0,0
TXN_7F08F1504CC640E3,2026-05-21 05:48:39.016910+00:00,ACC_00186,70.5,hotel,0,0,0
TXN_405DB3FF3F4C4FFD,2026-05-21 06:14:42.016910+00:00,ACC_00100,19.13,other,0,0,0
TXN_C1891F160DF640A8,2026-05-21 06:51:17.016910+00:00,ACC_00351,90.17,online_services,0,0,0
TXN_C07CE0FD9AAC4FA6,2026-05-21 08:02:12.016910+00:00,ACC_00351,264.23,electronics,0,0,0
TXN_B40A0C02A5244931,2026-05-21 08:47:03.016910+00:00,ACC_00351,103.37,jewelry,0,1,0
TXN_DF0D35C8F4084B45,2026-05-21 08:49:45.016910+00:00,ACC_00351,12.94,other,0,2,0
TXN_8BB9E175D9514C55,2026-05-21 09:04:10.016910+00:00,ACC_00351,482.08,travel,0,2,0
TXN_2F455617F2144567,2026-05-21 09:53:14.016910+00:00,ACC_00351,17.17,pharmacy,1,1,0
TXN_23347AA33CEE45C8,2026-05-21 10:08:12.016910+00:00,ACC_00351,180.2,jewelry,0,1,0
TXN_E7039E3BA8D94EAD,2026-05-21 10:59:17.016910+00:00,ACC_00062,11.03,restaurant,0,0,0
TXN_245DCE06CF824295,2026-05-21 11:48:03.016910+00:00,ACC_00399,407.69,jewelry,0,0,0
TXN_E2F807E1C64B4640,2026-05-21 11:59:31.016910+00:00,ACC_00399,83.64,online_services,0,1,0
TXN_91009442A98847B0,2026-05-21 11:59:55.016910+00:00,ACC_00399,161.59,fuel,0,2,0
TXN_A41445B8C56640E0,2026-05-21 12:22:02.016910+00:00,ACC_00399,601.41,jewelry,0,3,0
TXN_FC75B2FC6DF14F75,2026-05-21 13:16:08.016910+00:00,ACC_00619,111.62,online_services,0,0,0
TXN_2D0561DABEB544C9,2026-05-21 13:28:11.016910+00:00,ACC_00652,24.5,restaurant,0,0,0
TXN_C132B269B6D2411F,2026-05-21 13:57:50.016910+00:00,ACC_00866,174.52,jewelry,0,0,0
TXN_16C37F96442F401D,2026-05-21 14:31:02.016910+00:00,ACC_00834,70.34,grocery,0,0,0
TXN_1E4E8C4828DA4BE6,2026-05-21 14:49:04.016910+00:00,ACC_00866,92.98,hotel,0,1,0
TXN_0FE16B3C6B2F44FD,2026-05-21 15:33:44.016910+00:00,ACC_00306,77.98,restaurant,0,0,0
TXN_E604A59EFBB34458,2026-05-21 15:52:37.016910+00:00,ACC_00306,18.81,clothing,1,1,0
TXN_D00D7B02ACC14E24,2026-05-21 15:54:47.016910+00:00,ACC_00306,8.4,gaming,0,2,0
TXN_E1B94DE186814BEC,2026-05-21 15:57:51.016910+00:00,ACC_00306,71.23,online_services,0,3,0
TXN_B202D65EBF774531,2026-05-21 16:10:04.016910+00:00,ACC_00306,19.12,pharmacy,0,4,0
TXN_2EB3C419B96F4571,2026-05-21 16:18:37.016910+00:00,ACC_00306,11.0,pharmacy,0,5,0
TXN_41E2B688D3F54963,2026-05-21 16:28:46.016910+00:00,ACC_00306,878.18,hotel,0,6,0
TXN_C367496A868D4E4E,2026-05-21 16:36:28.016910+00:00,ACC_00306,213.51,jewelry,0,6,0
TXN_A555E6673CED4388,2026-05-21 16:45:51.016910+00:00,ACC_00474,7.54,restaurant,0,0,0
TXN_30BC40722A494730,2026-05-21 17:44:56.016910+00:00,ACC_00255,20.05,fuel,0,0,0
TXN_4F3E19312B104FEF,2026-05-21 18:50:06.016910+00:00,ACC_00176,28.24,grocery,0,0,0
TXN_EA9C7C262F344576,2026-05-21 19:07:01.016910+00:00,ACC_00952,348.83,jewelry,0,0,0
TXN_54E5123EAB254396,2026-05-21 19:08:43.016910+00:00,ACC_00527,25.89,clothing,0,0,0
TXN_B18687CF83C74285,2026-05-21 19:57:52.016910+00:00,ACC_00527,182.71,jewelry,0,1,0
TXN_19DBF37D6D2F4536,2026-05-21 20:27:36.016910+00:00,ACC_00527,41.15,pharmacy,0,1,0
TXN_F0206AB8207B487E,2026-05-21 20:38:10.016910+00:00,ACC_00527,163.65,hotel,0,2,0
TXN_F07261EE42E84606,2026-05-21 20:39:08.016910+00:00,ACC_00527,122.09,travel,0,3,0
TXN_F02FB08287074D2A,2026-05-21 20:50:32.016910+00:00,ACC_00527,584.43,hotel,0,4,0
TXN_BAA4465CA89B469D,2026-05-21 21:26:05.016910+00:00,ACC_00527,257.59,travel,0,4,0
TXN_22E33ECF50C34D04,2026-05-21 21:28:26.016910+00:00,ACC_00527,389.32,jewelry,0,4,0
TXN_7C7D6317EE0C451E,2026-05-21 21:39:44.016910+00:00,ACC_00526,75.02,gaming,0,0,0
TXN_B2F9AEF7B63F40D1,2026-05-21 21:41:23.016910+00:00,ACC_00226,15000.0,travel,1,8,0
TXN_8E37CF75B0934650,2026-05-21 22:15:36.016910+00:00,ACC_00197,256.98,jewelry,0,0,0
TXN_47A28959C0AC4941,2026-05-21 22:34:41.016910+00:00,ACC_00197,10.3,restaurant,0,1,0
TXN_1260597BCA794480,2026-05-21 22:48:55.016910+00:00,ACC_00197,54.62,grocery,0,2,0
TXN_3C517566284B47D2,2026-05-21 23:43:07.016910+00:00,ACC_00197,79.39,clothing,0,1,0
TXN_03B864CB8A9243C1,2026-05-21 23:49:36.016910+00:00,ACC_00197,166.95,clothing,0,1,0
TXN_CD94B9C39FAF4A47,2026-05-21 23:54:59.016910+00:00,ACC_00197,75.66,jewelry,0,2,0
TXN_DDE0623C30974A21,2026-05-22 00:04:24.016910+00:00,ACC_00197,13.82,pharmacy,0,3,0
TXN_EB2E6EC064444FC5,2026-05-22 01:40:56.016910+00:00,ACC_00230,33.02,pharmacy,0,0,0
TXN_AD933249529E49B4,2026-05-22 01:58:57.016910+00:00,ACC_00466,57.9,pharmacy,0,0,0
TXN_2662AC016FE04A89,2026-05-22 02:14:32.016910+00:00,ACC_00484,11.31,grocery,0,0,0
TXN_636AD116D02C4097,2026-05-22 02:42:51.016910+00:00,ACC_00431,19.35,other,0,0,0
TXN_4D88468CA40F48CD,2026-05-22 03:17:14.016910+00:00,ACC_00512,304.46,travel,0,0,0
TXN_787F8E2A2D334C24,2026-05-22 03:46:26.016910+00:00,ACC_00310,66.85,jewelry,0,0,0
TXN_F356C8120B8C4EFB,2026-05-22 03:55:23.016910+00:00,ACC_00450,20.98,clothing,0,0,0
TXN_655740D7E65F4A85,2026-05-22 04:19:56.016910+00:00,ACC_00397,325.17,travel,0,0,0
TXN_B88CE291279B47CC,2026-05-22 04:29:31.016910+00:00,ACC_00397,76.06,gaming,0,1,0
TXN_4E7904370A4D43C9,2026-05-22 05:24:20.016910+00:00,ACC_00397,72.57,travel,0,1,0
TXN_C118C42EB5BF441F,2026-05-22 06:07:06.016910+00:00,ACC_00397,42.26,restaurant,0,1,0
TXN_C73D7C173316457E,2026-05-22 06:15:31.016910+00:00,ACC_00397,48.73,fuel,0,2,0
TXN_776B89C60D904ED6,2026-05-22 07:11:04.016910+00:00,ACC_00397,47.08,other,0,1,0
TXN_68408FF3BA5A4F5E,2026-05-22 07:24:46.016910+00:00,ACC_00579,73.37,electronics,0,0,0
TXN_D9E5C3648B3D42E2,2026-05-22 08:37:46.016910+00:00,ACC_00520,48.75,pharmacy,0,0,0
TXN_61BCE72F31E547AB,2026-05-22 09:17:22.016910+00:00,ACC_00520,15000.0,travel,1,8,0
TXN_82F8B804D6634D58,2026-05-22 09:22:51.016910+00:00,ACC_00605,160.68,electronics,0,0,0
TXN_12169E9AEE2C47A4,2026-05-22 10:12:14.016910+00:00,ACC_00418,127.14,electronics,0,0,0
TXN_5851DAB9392A4EA7,2026-05-22 10:27:27.016910+00:00,ACC_00418,54.45,gaming,0,1,0
TXN_0A0D5D716AA94329,2026-05-22 11:28:01.016910+00:00,ACC_00418,17.96,online_services,0,0,0
TXN_8B87C54519A7443B,2026-05-22 12:09:51.016910+00:00,ACC_00418,114.43,pharmacy,0,1,0
TXN_9381727388B04292,2026-05-22 12:56:12.016910+00:00,ACC_00418,58.24,electronics,0,1,0
TXN_E24373746F1A4A0F,2026-05-22 13:07:43.016910+00:00,ACC_00418,33.34,other,0,2,0
TXN_EA1458F997604C34,2026-05-22 13:40:59.016910+00:00,ACC_00418,22.69,restaurant,0,2,0
TXN_50ED7245F7704EB0,2026-05-22 15:17:24.016910+00:00,ACC_00418,189.71,hotel,0,0,0
TXN_36C4B983629B42D0,2026-05-22 15:38:49.016910+00:00,ACC_00192,46.28,grocery,0,0,0
TXN_056CEB19C65D44B2,2026-05-22 15:51:35.016910+00:00,ACC_00172,25.13,electronics,0,0,0
TXN_8DADB55FC65F4905,2026-05-22 16:16:52.016910+00:00,ACC_00054,47.39,clothing,0,0,0
TXN_B115C22029C24A9D,2026-05-22 16:35:25.016910+00:00,ACC_00389,56.89,other,0,0,0
TXN_E3926DA2FFAD494D,2026-05-22 17:16:12.016910+00:00,ACC_00389,137.16,fuel,0,1,0
TXN_7F6E156508504E49,2026-05-22 17:26:17.016910+00:00,ACC_00389,23.84,pharmacy,0,2,0
TXN_20EDAD3BEC4E4B2F,2026-05-22 17:30:09.016910+00:00,ACC_00389,173.71,electronics,0,3,0
TXN_3919FEF0BBC84892,2026-05-22 17:31:45.016910+00:00,ACC_00389,1504.74,hotel,0,4,0
TXN_A8B238B66B4342F5,2026-05-22 17:40:57.016910+00:00,ACC_00389,644.21,jewelry,0,4,0
TXN_7F7D90122C6541D1,2026-05-22 17:45:51.016910+00:00,ACC_00389,14.99,grocery,0,5,1
TXN_70BD742FCC314D90,2026-05-22 17:46:23.016910+00:00,ACC_00544,432.68,jewelry,0,0,0
TXN_E0562008A4584905,2026-05-22 18:15:29.016910+00:00,ACC_00349,40.34,restaurant,0,0,0
TXN_629A62340B3043EA,2026-05-22 18:17:45.016910+00:00,ACC_00533,96.4,travel,0,0,0
TXN_361EB06100F744F6,2026-05-22 19:06:49.016910+00:00,ACC_00147,76.62,grocery,0,0,0
TXN_9D63A2B1D5174A16,2026-05-22 19:50:53.016910+00:00,ACC_00310,42.29,hotel,1,0,0
TXN_8C0490E096914E79,2026-05-22 21:19:33.016910+00:00,ACC_00975,118.56,jewelry,0,0,0
TXN_D8D8494DE5874032,2026-05-22 22:11:47.016910+00:00,ACC_00696,41.25,clothing,0,0,0
TXN_2E2E2D0C560441E6,2026-05-22 23:01:33.016910+00:00,ACC_00256,29.58,online_services,0,0,0
TXN_D4EE9B5886664C11,2026-05-22 23:20:51.016910+00:00,ACC_00735,391.46,jewelry,0,0,0
TXN_6C8A525A7FB641CC,2026-05-22 23:53:44.016910+00:00,ACC_00607,30.79,pharmacy,0,0,0
TXN_F268BD4C70FA46F2,2026-05-23 00:08:14.016910+00:00,ACC_00796,135.03,jewelry,0,0,0
TXN_C4D1D9D3ED654049,2026-05-23 00:08:52.016910+00:00,ACC_00258,395.46,travel,0,0,0
TXN_76D8DE60E69941A3,2026-05-23 00:16:56.016910+00:00,ACC_00838,65.94,fuel,0,0,0
TXN_65FAAE9346F54BC8,2026-05-23 00:37:10.016910+00:00,ACC_00838,12058.16,travel,0,1,0
TXN_064203243E854E47,2026-05-23 01:07:36.016910+00:00,ACC_00838,10.05,grocery,0,2,0
TXN_C72FC05E45F74339,2026-05-23 02:09:00.016910+00:00,ACC_00838,16.99,restaurant,1,0,0
TXN_3BD3DEB8A24D4D1A,2026-05-23 02:23:38.016910+00:00,ACC_00838,16.08,other,1,1,0
TXN_E37813D25F8D4CD7,2026-05-23 02:25:37.016910+00:00,ACC_00838,265.36,hotel,0,2,0
TXN_67FB74EF5C534A4F,2026-05-23 03:17:58.016910+00:00,ACC_00838,77.23,travel,0,2,0
TXN_FABAA05D11F34E6B,2026-05-23 03:50:00.016910+00:00,ACC_00838,86.74,other,0,1,0
TXN_69E0D0AE938144AB,2026-05-23 03:58:21.016910+00:00,ACC_00426,298.52,online_services,0,0,0
TXN_1EEF80EEB6454830,2026-05-23 04:31:59.016910+00:00,ACC_00365,63.98,pharmacy,0,0,0
TXN_D61D6DE0BE414449,2026-05-23 04:47:28.016910+00:00,ACC_00846,6.61,grocery,0,0,0
TXN_050C7DBDD1494809,2026-05-23 05:25:39.016910+00:00,ACC_00846,32.15,other,0,1,0
TXN_521F376A79304975,2026-05-23 06:01:11.016910+00:00,ACC_00846,30.76,grocery,0,1,0
TXN_F975916D4F494338,2026-05-23 06:04:52.016910+00:00,ACC_00846,137.91,electronics,0,2,0
TXN_26DECE1CFF264CC0,2026-05-23 06:09:14.016910+00:00,ACC_00846,500.09,jewelry,1,3,0
TXN_6CE629C8E89B4E8A,2026-05-23 06:31:49.016910+00:00,ACC_00846,1160.86,travel,0,3,0
TXN_13D06C37CBCC4CE2,2026-05-23 06:52:43.016910+00:00,ACC_00846,518.81,electronics,0,4,0
TXN_6A7AA9D3D0044505,2026-05-23 07:00:00.016910+00:00,ACC_00545,50.76,other,0,0,0
TXN_E0B608BAE6904755,2026-05-23 07:04:21.016910+00:00,ACC_00374,15000.0,travel,1,5,0
TXN_5CB94FBFEDBF48A3,2026-05-23 07:43:37.016910+00:00,ACC_00374,458.76,hotel,0,1,0
TXN_AF07BB93B17943B2,2026-05-23 08:11:45.016910+00:00,ACC_00374,213.55,jewelry,0,1,0
TXN_D4FEB71BC4D04BF1,2026-05-23 09:06:18.016910+00:00,ACC_00374,28.36,clothing,0,1,0
TXN_71EC835B1AAB403A,2026-05-23 09:33:28.016910+00:00,ACC_00862,107.99,gaming,0,0,0
TXN_E7B4994C535D4150,2026-05-23 09:41:21.016910+00:00,ACC_00862,144.46,hotel,0,1,0
TXN_C0D2819ABEC14DDB,2026-05-23 10:04:53.016910+00:00,ACC_00862,56.73,jewelry,0,2,0
TXN_66C42DBB78AF4E14,2026-05-23 10:54:41.016910+00:00,ACC_00862,80.11,hotel,0,1,0
TXN_D365087143404F23,2026-05-23 11:14:32.016910+00:00,ACC_00862,13.2,gaming,0,1,0
TXN_627461008C064FE5,2026-05-23 11:37:30.016910+00:00,ACC_00862,3.98,grocery,0,2,0
TXN_5007AC98FB7E4ABE,2026-05-23 12:08:13.016910+00:00,ACC_00471,151.79,restaurant,0,0,0
TXN_15660D85E9E34387,2026-05-23 12:08:37.016910+00:00,ACC_00307,48.05,online_services,0,0,0
TXN_05C1EF4FC5614E93,2026-05-23 12:21:26.016910+00:00,ACC_00134,20.71,restaurant,0,0,0
TXN_0CD86311286548C0,2026-05-23 12:36:03.016910+00:00,ACC_00183,26.99,gaming,0,0,0
TXN_0E1254CE8EC34066,2026-05-23 12:41:04.016910+00:00,ACC_00746,32.6,pharmacy,0,0,0
TXN_96099A8D477846C2,2026-05-23 12:50:19.016910+00:00,ACC_00904,83.41,travel,0,0,0
TXN_BC0699C7BC1749DD,2026-05-23 12:57:28.016910+00:00,ACC_00351,17.39,gaming,0,0,0
TXN_8E0B4DC81A7F4BB7,2026-05-23 13:02:54.016910+00:00,ACC_00998,70.28,hotel,0,0,0
TXN_FA08E9CD0DE142E8,2026-05-23 13:20:13.016910+00:00,ACC_00729,184.33,clothing,0,0,0
TXN_C91B5462EC7B4296,2026-05-23 14:16:50.016910+00:00,ACC_00855,105.43,gaming,0,0,0
TXN_4D2AD43BC45349A9,2026-05-23 14:44:34.016910+00:00,ACC_00547,21.11,pharmacy,0,0,0
TXN_CDCD4D9731F9495D,2026-05-23 14:48:15.016910+00:00,ACC_00429,205.14,pharmacy,0,0,0
TXN_E77218CF0D794606,2026-05-23 15:13:36.016910+00:00,ACC_00616,40.16,online_services,0,0,0
TXN_496AF62AD99240B9,2026-05-23 15:57:45.016910+00:00,ACC_00616,52.18,electronics,0,1,0
TXN_A814FD91389841BD,2026-05-23 16:40:50.016910+00:00,ACC_00616,150.75,electronics,0,1,0
TXN_AF1E119538374272,2026-05-23 16:43:30.016910+00:00,ACC_00616,170.4,grocery,0,2,0
TXN_97530E209C8D4220,2026-05-23 17:10:12.016910+00:00,ACC_00616,155.33,gaming,0,2,0
TXN_B5FC291181B54A9D,2026-05-23 17:26:43.016910+00:00,ACC_00616,16.33,pharmacy,0,3,0
TXN_28D927AC1CD34A9E,2026-05-23 17:28:21.016910+00:00,ACC_00152,9.14,restaurant,0,0,0
TXN_1C6794A6B3A943E8,2026-05-23 17:53:28.016910+00:00,ACC_00840,95.3,travel,0,0,0
TXN_B5EF31AB833D43CF,2026-05-23 18:01:55.016910+00:00,ACC_00337,61.83,grocery,0,0,0
TXN_D407CE398CD644FF,2026-05-23 18:19:50.016910+00:00,ACC_00129,102.92,clothing,0,0,0
TXN_C37AE3335BB94CEF,2026-05-23 18:24:11.016910+00:00,ACC_00755,413.54,travel,0,0,0
TXN_5875AE6072BE4366,2026-05-23 18:39:58.016910+00:00,ACC_00855,37.94,pharmacy,0,0,0
TXN_B4B45FF4A1F94146,2026-05-23 19:09:34.016910+00:00,ACC_00934,52.18,online_services,0,0,0
TXN_652438DA7F1B4DF2,2026-05-23 19:44:34.016910+00:00,ACC_00884,122.11,electronics,0,0,0
TXN_F22FF77358444B30,2026-05-23 20:37:34.016910+00:00,ACC_00309,129.07,clothing,1,0,0
TXN_FFA51EA148E74831,2026-05-23 20:41:22.016910+00:00,ACC_00620,93.15,gaming,0,0,0
TXN_E9A534999D314043,2026-05-23 20:45:27.016910+00:00,ACC_00308,18.47,fuel,0,0,0
TXN_568CD21BBEB34D5B,2026-05-23 21:37:25.016910+00:00,ACC_00150,82.0,online_services,0,0,0
TXN_82A6D5340C5E488D,2026-05-23 22:50:18.016910+00:00,ACC_00267,93.72,grocery,0,0,0
TXN_6A7CC6ADC4EE4C06,2026-05-23 23:58:05.016910+00:00,ACC_00128,116.33,online_services,0,0,0
TXN_00AE303353C64C48,2026-05-24 00:49:33.016910+00:00,ACC_00753,144.61,hotel,0,0,0
TXN_8113A97B1BF44230,2026-05-24 01:40:01.016910+00:00,ACC_00637,61.73,clothing,0,0,0
TXN_8E42481A831B4541,2026-05-24 02:42:31.016910+00:00,ACC_00328,52.24,other,0,0,0
TXN_9488910B535A4D95,2026-05-24 03:42:17.016910+00:00,ACC_00706,229.91,jewelry,0,0,0
TXN_EF842B9C600E466E,2026-05-24 03:46:24.016910+00:00,ACC_00203,1131.01,jewelry,0,0,0
TXN_F1BE180A8F334B3E,2026-05-24 04:42:13.016910+00:00,ACC_00493,118.62,hotel,0,0,0
TXN_E4549A0558BF4F13,2026-05-24 05:13:16.016910+00:00,ACC_00052,25.41,clothing,0,0,0
TXN_5E6C3A8F96994A47,2026-05-24 05:19:04.016910+00:00,ACC_00301,184.48,travel,0,0,0
TXN_DBCFC32E9B0B48B4,2026-05-24 05:19:07.016910+00:00,ACC_00732,224.13,electronics,0,0,0
TXN_416E0072B8584E5E,2026-05-24 05:22:08.016910+00:00,ACC_00938,278.28,electronics,0,0,0
TXN_D1FC1BBD048D4632,2026-05-24 05:28:21.016910+00:00,ACC_00938,15.07,grocery,0,1,0
TXN_030B471CD99F422C,2026-05-24 05:31:00.016910+00:00,ACC_00938,441.68,hotel,0,2,0
TXN_8FB831F5A21A4B63,2026-05-24 05:36:45.016910+00:00,ACC_00938,269.61,travel,0,3,0
TXN_5945898AB5244370,2026-05-24 06:13:50.016910+00:00,ACC_00156,124.27,pharmacy,0,0,0
TXN_D04927AA8C9D4DEB,2026-05-24 06:15:45.016910+00:00,ACC_00073,31.16,electronics,0,0,0
TXN_3485E2AAF2BF4762,2026-05-24 06:21:33.016910+00:00,ACC_00073,302.73,hotel,0,1,0
TXN_568D375E753E4761,2026-05-24 06:24:44.016910+00:00,ACC_00073,16.54,online_services,0,2,0
TXN_C8C927D6E97C4099,2026-05-24 06:29:25.016910+00:00,ACC_00073,38.0,clothing,0,3,0
TXN_654B1115DA714F4B,2026-05-24 06:55:02.016910+00:00,ACC_00073,78.01,grocery,0,4,0
TXN_DE782E1D1DDC42E7,2026-05-24 09:04:17.016910+00:00,ACC_00073,47.62,travel,0,0,0
TXN_C78B9BA180EA4377,2026-05-24 09:51:51.016910+00:00,ACC_00073,16.57,restaurant,0,1,0
TXN_2FF1865CD3E24FE6,2026-05-24 10:08:39.016910+00:00,ACC_00073,15.35,other,0,1,0
TXN_0F7614B108BC48B3,2026-05-24 10:12:11.016910+00:00,ACC_00973,75.93,fuel,0,0,0
TXN_B105B41A6FD94E41,2026-05-24 10:37:21.016910+00:00,ACC_00647,65.02,travel,1,0,0
TXN_F41CF21582514B1C,2026-05-24 11:58:05.016910+00:00,ACC_00421,27.91,restaurant,0,0,0
TXN_D41A25ACFAAD4000,2026-05-24 12:03:19.016910+00:00,ACC_00914,56.58,fuel,0,0,0
TXN_096F203430B14B2D,2026-05-24 13:09:52.016910+00:00,ACC_00001,36.49,restaurant,0,0,0
TXN_97A6CA2EDE684390,2026-05-24 13:13:15.016910+00:00,ACC_00622,46.78,fuel,0,0,0
TXN_F40D50577D40485F,2026-05-24 13:19:50.016910+00:00,ACC_00610,33.36,restaurant,0,0,0
TXN_740F2D675CDE41C0,2026-05-24 15:53:34.016910+00:00,ACC_00433,11.33,grocery,0,0,0
TXN_7AF58DE0C7F849B2,2026-05-24 16:28:01.016910+00:00,ACC_00433,22.18,restaurant,0,1,0
TXN_F25CC7CACC154B4E,2026-05-24 17:46:20.016910+00:00,ACC_00433,33.07,restaurant,0,0,0
TXN_BB0B9DDD75684E70,2026-05-24 17:52:45.016910+00:00,ACC_00433,47.69,online_services,0,1,0
TXN_E5C6ECA775B3455D,2026-05-24 18:22:59.016910+00:00,ACC_00433,196.73,jewelry,0,2,0
TXN_DC240662643345E7,2026-05-24 18:24:48.016910+00:00,ACC_00433,20.39,fuel,0,3,0
TXN_E4BF42A129D0428B,2026-05-24 18:25:19.016910+00:00,ACC_00433,285.89,jewelry,0,4,0
TXN_682D6E83CF104902,2026-05-24 18:31:55.016910+00:00,ACC_00433,340.0,jewelry,0,5,0
TXN_F43A9C7C9ABB4068,2026-05-24 18:38:14.016910+00:00,ACC_00362,29.72,gaming,0,0,0
TXN_A7FD9E8B0AA641C0,2026-05-24 20:50:31.016910+00:00,ACC_00606,98.11,fuel,0,0,0
TXN_590A987D93674E43,2026-05-24 21:02:44.016910+00:00,ACC_00491,158.26,grocery,0,0,0
TXN_C4BF3206679A4B36,2026-05-24 21:42:26.016910+00:00,ACC_00161,56.87,other,0,0,0
TXN_6967B907B8FF4340,2026-05-24 22:10:07.016910+00:00,ACC_00967,21.51,online_services,0,0,0
TXN_F5014CE1B40F4598,2026-05-24 22:35:44.016910+00:00,ACC_00431,15.09,online_services,0,0,0
TXN_5D2A8E474BCE49F6,2026-05-24 23:04:35.016910+00:00,ACC_00030,37.51,clothing,0,0,0
TXN_46B5AD86E3344E2D,2026-05-24 23:13:10.016910+00:00,ACC_00906,42.47,gaming,0,0,0
TXN_786280653D3E40EC,2026-05-24 23:18:57.016910+00:00,ACC_00657,45.12,travel,0,0,0
TXN_FC51146BCC1B4B41,2026-05-24 23:20:11.016910+00:00,ACC_00082,32.44,online_services,0,0,0
TXN_B4E7A6CB7F7B4F34,2026-05-24 23:52:09.016910+00:00,ACC_00540,92.85,fuel,0,0,0
TXN_F8421AAE4B6949EF,2026-05-25 00:02:23.016910+00:00,ACC_00782,4.17,restaurant,0,0,0
TXN_00F0EC0799204219,2026-05-25 00:50:59.016910+00:00,ACC_00360,120.52,hotel,0,0,0
TXN_5446F78459A24973,2026-05-25 01:17:17.016910+00:00,ACC_00949,131.84,jewelry,0,0,0
TXN_D0383A45748E432B,2026-05-25 02:03:34.016910+00:00,ACC_00603,38.23,grocery,0,0,0
TXN_02141560589549E4,2026-05-25 02:07:48.016910+00:00,ACC_00985,480.1,hotel,0,0,0
TXN_66F09B53073041F4,2026-05-25 02:32:08.016910+00:00,ACC_00721,47.06,clothing,0,0,0
TXN_500EB325AEAD4ED5,2026-05-25 03:12:21.016910+00:00,ACC_00705,22.85,restaurant,0,0,0
TXN_4E42A22547514585,2026-05-25 03:35:18.016910+00:00,ACC_00381,81.3,online_services,1,0,0
TXN_8C43F1E833AC4D48,2026-05-25 03:51:02.016910+00:00,ACC_00681,181.03,travel,1,0,0
TXN_6155D4E3A3D74981,2026-05-25 04:00:38.016910+00:00,ACC_00681,151.25,travel,1,1,0
TXN_BF93C0A43A164D6C,2026-05-25 04:02:08.016910+00:00,ACC_00681,44.96,pharmacy,0,2,0
TXN_EDAB54AC770B4D63,2026-05-25 04:11:39.016910+00:00,ACC_00681,138.98,gaming,0,3,0
TXN_4749024358B545BD,2026-05-25 04:16:32.016910+00:00,ACC_00681,496.04,jewelry,0,4,0
TXN_FF7759F212174FED,2026-05-25 05:06:21.016910+00:00,ACC_00681,30.06,fuel,0,2,0
TXN_2AF2973846A24098,2026-05-25 05:36:28.016910+00:00,ACC_00289,203.32,clothing,0,0,0
TXN_2B042C8359F949BA,2026-05-25 05:50:02.016910+00:00,ACC_00082,69.48,hotel,0,0,0
TXN_9EF3ECC1AE614D44,2026-05-25 05:56:40.016910+00:00,ACC_00019,60.27,other,0,0,0
TXN_3D62AAC1508C4300,2026-05-25 06:41:49.016910+00:00,ACC_00985,133.89,hotel,0,0,0
TXN_108498ABDE3740B3,2026-05-25 06:43:17.016910+00:00,ACC_00525,41.15,other,0,0,0
TXN_A86837DDC66A46D0,2026-05-25 07:00:02.016910+00:00,ACC_00387,399.56,hotel,0,0,0
TXN_D1608269E0644203,2026-05-25 07:32:56.016910+00:00,ACC_00058,35.42,clothing,0,0,0
TXN_DF63C81F435C4D61,2026-05-25 08:57:28.016910+00:00,ACC_00058,34.04,grocery,0,0,0
TXN_7611298C1A65450D,2026-05-25 09:26:59.016910+00:00,ACC_00058,71.75,restaurant,0,1,0
TXN_C927538E3769486F,2026-05-25 10:47:54.016910+00:00,ACC_00058,28.7,gaming,0,0,0
TXN_ECA4B5458D2E4566,2026-05-25 11:15:41.016910+00:00,ACC_00058,69.8,jewelry,0,1,0
TXN_5E43FF9E3FDA442C,2026-05-25 11:51:25.016910+00:00,ACC_00904,123.77,hotel,0,0,0
TXN_F07507166D304008,2026-05-25 12:01:25.016910+00:00,ACC_00556,43.9,electronics,0,0,0
TXN_FF220642E8B74153,2026-05-25 12:32:41.016910+00:00,ACC_00301,16.0,online_services,1,0,0
TXN_C6C7CCB81D6549F4,2026-05-25 13:55:23.016910+00:00,ACC_00199,16.97,hotel,0,0,0
TXN_B805EED57FE54E0C,2026-05-25 14:10:43.016910+00:00,ACC_00565,23.43,travel,0,0,0
TXN_123A8D9832EB4480,2026-05-25 16:05:45.016910+00:00,ACC_00819,9.92,other,0,0,0
TXN_E1D4D2B140F0402E,2026-05-25 17:05:52.016910+00:00,ACC_00403,130.55,restaurant,0,0,0
TXN_09EB960E96E54961,2026-05-25 18:38:08.016910+00:00,ACC_00308,8.9,clothing,0,0,0
TXN_EFFA6909119C4C67,2026-05-25 18:54:14.016910+00:00,ACC_00936,21.49,other,0,0,0
TXN_6DEAB5CBCF4C4E99,2026-05-25 19:28:32.016910+00:00,ACC_00832,123.45,travel,0,0,0
TXN_1E27370899264FCC,2026-05-25 19:49:42.016910+00:00,ACC_00588,68.06,fuel,0,0,0
TXN_7E9FF62B8E4F4C13,2026-05-25 19:55:48.016910+00:00,ACC_00807,85.97,gaming,0,0,0
TXN_EF28EA54A8D94AB1,2026-05-25 21:10:35.016910+00:00,ACC_00807,21.52,gaming,0,0,0
TXN_1B0F0C0D4F294141,2026-05-25 21:12:36.016910+00:00,ACC_00807,41.47,fuel,0,1,0
TXN_D89A580EC4FB4779,2026-05-25 21:26:39.016910+00:00,ACC_00807,120.21,travel,0,2,0
TXN_8DAF3DC419A6488A,2026-05-25 21:31:57.016910+00:00,ACC_00807,50.56,clothing,0,3,0
TXN_C98003F15FF241DB,2026-05-25 21:51:16.016910+00:00,ACC_00807,31.69,restaurant,0,4,0
TXN_3D485C66338C44AB,2026-05-25 22:34:14.016910+00:00,ACC_00807,40.28,restaurant,0,1,0
TXN_6874A145F9A14EAF,2026-05-25 22:41:49.016910+00:00,ACC_00807,19.46,pharmacy,1,2,0
TXN_04BD5AFB1D8940E1,2026-05-25 22:54:50.016910+00:00,ACC_00715,331.72,electronics,0,0,0
TXN_1DFEB884A8BE4F39,2026-05-26 00:04:28.016910+00:00,ACC_00685,244.36,online_services,0,0,0
TXN_74D7242EDD704BCC,2026-05-26 00:17:59.016910+00:00,ACC_00685,15000.0,travel,1,7,1
TXN_82DF78B153634C03,2026-05-26 01:22:44.016910+00:00,ACC_00685,1758.4,jewelry,0,0,0
TXN_83B338C196E244F9,2026-05-26 01:54:58.016910+00:00,ACC_00685,17.09,restaurant,0,1,0
TXN_4F2F95C871664A69,2026-05-26 02:25:25.016910+00:00,ACC_00685,42.16,fuel,0,1,0
TXN_115502697B3F42A2,2026-05-26 02:58:10.016910+00:00,ACC_00685,96.95,electronics,0,1,0
TXN_1498D94385B0467D,2026-05-26 04:47:04.016910+00:00,ACC_00276,46.46,online_services,1,0,0
TXN_EC3834CDC8394861,2026-05-26 04:54:58.016910+00:00,ACC_00960,368.8,travel,0,0,0
TXN_730B7B93758244EC,2026-05-26 04:58:45.016910+00:00,ACC_00538,36.81,gaming,0,0,0
TXN_8CCC1265F2594884,2026-05-26 05:06:54.016910+00:00,ACC_00235,15.45,gaming,0,0,0
TXN_47065CD457734B45,2026-05-26 05:12:43.016910+00:00,ACC_00987,22.35,grocery,1,0,0
TXN_C7DEFF9BD2674070,2026-05-26 05:21:30.016910+00:00,ACC_00829,41.5,clothing,0,0,0
TXN_86ABA1E1FD4F49C8,2026-05-26 05:24:04.016910+00:00,ACC_00357,45.72,fuel,0,0,0
TXN_AAA7A618D9364FA0,2026-05-26 07:01:49.016910+00:00,ACC_00028,21.6,gaming,0,0,0
TXN_5DC802DA05B94D71,2026-05-26 07:02:39.016910+00:00,ACC_00097,26.64,clothing,0,0,0
TXN_F18C8A0FF96541A0,2026-05-26 07:11:44.016910+00:00,ACC_00063,168.93,travel,0,0,0
TXN_A2A11FD0A0EE437A,2026-05-26 07:26:55.016910+00:00,ACC_00898,41.88,pharmacy,0,0,0
TXN_9B6D18B73E3549EC,2026-05-26 08:38:58.016910+00:00,ACC_00521,63.46,restaurant,0,0,0
TXN_A069E6648BD94E5E,2026-05-26 09:05:41.016910+00:00,ACC_00828,25.27,online_services,1,0,0
TXN_4B66470524364ADD,2026-05-26 09:06:55.016910+00:00,ACC_00828,79.55,clothing,0,1,0
TXN_DBA4732F72F940C4,2026-05-26 09:10:45.016910+00:00,ACC_00828,38.85,gaming,0,2,0
TXN_44A275414C4A4A31,2026-05-26 09:18:01.016910+00:00,ACC_00828,24.96,grocery,0,3,0
TXN_91C804EB5A6B411B,2026-05-26 09:25:01.016910+00:00,ACC_00076,40.01,gaming,0,0,0
TXN_F6196EFEC4404283,2026-05-26 10:12:11.016910+00:00,ACC_00038,39.62,grocery,0,0,0
TXN_4F52A018102440EB,2026-05-26 10:29:42.016910+00:00,ACC_00089,35.32,hotel,0,0,0
TXN_C1F143AB326F4410,2026-05-26 10:30:20.016910+00:00,ACC_00233,11.29,pharmacy,0,0,0
TXN_94546A1119684C99,2026-05-26 10:40:38.016910+00:00,ACC_00417,201.19,hotel,0,0,0
TXN_6801E68F6EFD4BDD,2026-05-26 11:28:52.016910+00:00,ACC_00112,23.26,pharmacy,0,0,0
TXN_10FEBD9680E141AC,2026-05-26 12:06:32.016910+00:00,ACC_00250,46.03,grocery,0,0,0
TXN_6301816FF95D4007,2026-05-26 12:07:52.016910+00:00,ACC_00185,68.39,fuel,0,0,0
TXN_BC89383BBD6D4213,2026-05-26 12:21:33.016910+00:00,ACC_00115,40.22,gaming,0,0,0
TXN_C1BE993DE0D24B95,2026-05-26 12:30:59.016910+00:00,ACC_00466,71.97,gaming,0,0,0
TXN_C5D34C8316634129,2026-05-26 12:34:27.016910+00:00,ACC_00159,45.54,online_services,0,0,0
TXN_C0E8824DBA254854,2026-05-26 13:18:23.016910+00:00,ACC_00812,237.58,jewelry,0,0,0
TXN_B25F8AC9082F4A27,2026-05-26 13:34:53.016910+00:00,ACC_00338,144.4,clothing,0,0,0
TXN_8CC80390E4694511,2026-05-26 13:41:19.016910+00:00,ACC_00832,36.45,online_services,0,0,0
TXN_BEBFD03621BA429E,2026-05-26 14:00:19.016910+00:00,ACC_00948,254.33,travel,0,0,0
TXN_F7214EF744E24B7E,2026-05-26 14:44:37.016910+00:00,ACC_00494,10.64,fuel,1,0,0
TXN_7E87CBCC77364E70,2026-05-26 14:56:55.016910+00:00,ACC_00573,50.88,online_services,0,0,0
TXN_7E72857003494800,2026-05-26 15:00:20.016910+00:00,ACC_00129,145.11,fuel,1,0,0
TXN_82C42C5FB680401D,2026-05-26 15:23:48.016910+00:00,ACC_00129,1919.89,jewelry,0,1,0
TXN_68781EE10930496F,2026-05-26 15:27:23.016910+00:00,ACC_00129,39.6,travel,0,2,0
TXN_AF36E40409CB4502,2026-05-26 15:41:29.016910+00:00,ACC_00129,154.4,jewelry,0,3,0
TXN_224F5B6A4F4A41AE,2026-05-26 16:15:18.016910+00:00,ACC_00304,13.42,pharmacy,0,0,0
TXN_CA8FDFA0893C473E,2026-05-26 16:35:46.016910+00:00,ACC_00895,14946.57,travel,0,0,1
TXN_D8464D1C4E4941BF,2026-05-26 17:15:04.016910+00:00,ACC_00405,118.89,other,0,0,0
TXN_D1AB0B29B91C4F42,2026-05-26 17:47:53.016910+00:00,ACC_00619,99.96,pharmacy,1,0,0
TXN_FC817FAD549447F4,2026-05-26 17:48:08.016910+00:00,ACC_00055,86.19,restaurant,0,0,0
TXN_85CA7BC574EA47B2,2026-05-26 17:54:15.016910+00:00,ACC_00055,29.42,hotel,0,1,0
TXN_AC11CEE9F0B04B45,2026-05-26 18:43:25.016910+00:00,ACC_00055,44.39,online_services,0,2,0
TXN_CE3F74BB5E7E460B,2026-05-26 18:58:00.016910+00:00,ACC_00055,31.04,other,0,1,0
TXN_3A4F21FCBA874DE3,2026-05-26 18:58:59.016910+00:00,ACC_00090,31.36,grocery,0,0,0
TXN_ABB1C0FBB0534E4E,2026-05-26 19:14:39.016910+00:00,ACC_00671,139.75,jewelry,0,0,0
TXN_64DDAB5640F346E2,2026-05-26 19:31:35.016910+00:00,ACC_00587,9.19,pharmacy,0,0,0
TXN_4DF0456F4BE94FFD,2026-05-26 19:37:59.016910+00:00,ACC_00575,134.66,online_services,0,0,0
TXN_2D83B90D5DFA4B55,2026-05-26 19:47:23.016910+00:00,ACC_00063,68.09,travel,0,0,0
TXN_1E22C29AAF8C4CBF,2026-05-26 19:48:03.016910+00:00,ACC_00478,28.39,clothing,0,0,0
TXN_40402B9DDD6A4352,2026-05-26 19:56:28.016910+00:00,ACC_00372,208.67,other,0,0,0
TXN_C0673318C92949A9,2026-05-26 20:02:21.016910+00:00,ACC_00074,52.98,jewelry,0,0,0
TXN_AEAA60B75CE34589,2026-05-26 20:02:37.016910+00:00,ACC_00219,317.84,jewelry,0,0,0
TXN_4ED4206E543946B4,2026-05-26 20:42:30.016910+00:00,ACC_00493,81.85,pharmacy,0,0,0
TXN_326702CDAEAE4E46,2026-05-26 20:45:18.016910+00:00,ACC_00030,133.76,fuel,0,0,0
TXN_3D5518B00CE440C2,2026-05-26 20:54:03.016910+00:00,ACC_00623,297.73,jewelry,0,0,0
TXN_92324CDC03A34B59,2026-05-26 21:18:59.016910+00:00,ACC_00068,82.86,online_services,1,0,0
TXN_5DEB99460F294BB2,2026-05-26 21:54:49.016910+00:00,ACC_00801,68.17,restaurant,0,0,0
TXN_B5EB9D324C644593,2026-05-26 22:02:38.016910+00:00,ACC_00352,191.44,jewelry,0,0,0
TXN_64122B20BC1D4980,2026-05-26 22:14:51.016910+00:00,ACC_00825,12.05,restaurant,0,0,0
TXN_7F00579DE4E245A4,2026-05-26 22:42:43.016910+00:00,ACC_00598,181.17,gaming,0,0,0
TXN_6C7658B654DA40FF,2026-05-26 22:47:52.016910+00:00,ACC_00191,74.44,gaming,0,0,0
TXN_75895639070B43C2,2026-05-27 00:01:55.016910+00:00,ACC_00533,49.88,clothing,0,0,0
TXN_C172025F3B214CB3,2026-05-27 01:13:53.016910+00:00,ACC_00721,11.18,fuel,0,0,0
TXN_6681181406054F24,2026-05-27 01:22:21.016910+00:00,ACC_00077,6.49,clothing,0,0,0
TXN_0585B0552DB14624,2026-05-27 02:29:27.016910+00:00,ACC_00725,155.99,hotel,0,0,0
TXN_8ED8D2660F1148A4,2026-05-27 02:31:32.016910+00:00,ACC_00325,5.49,gaming,0,0,0
TXN_E3210939937F4C78,2026-05-27 03:21:14.016910+00:00,ACC_00656,54.88,other,0,0,0
TXN_AC386013F88F4B48,2026-05-27 03:24:35.016910+00:00,ACC_00952,56.64,electronics,0,0,0
TXN_8D08FE70028B4678,2026-05-27 03:27:01.016910+00:00,ACC_00017,87.16,travel,0,0,0
TXN_988EA9F6789744FF,2026-05-27 04:27:11.016910+00:00,ACC_00120,174.39,other,0,0,0
TXN_BE58B893DF8C4956,2026-05-27 04:29:56.016910+00:00,ACC_00150,114.21,jewelry,0,0,0
TXN_8FA64BAF99624698,2026-05-27 04:51:08.016910+00:00,ACC_00638,15000.0,travel,1,6,0
TXN_ADD0C4FD078A42DE,2026-05-27 04:57:16.016910+00:00,ACC_00368,22.95,gaming,0,0,0
TXN_711C00B2C5F34681,2026-05-27 05:03:29.016910+00:00,ACC_00659,178.32,travel,0,0,0
TXN_6C64C72572DC4A91,2026-05-27 05:07:28.016910+00:00,ACC_00066,56.09,clothing,0,0,0
TXN_F3178CB8AEEC40B7,2026-05-27 05:18:06.016910+00:00,ACC_00224,38.44,fuel,0,0,0
TXN_DBBDBA74DEF94093,2026-05-27 06:12:30.016910+00:00,ACC_00475,68.43,restaurant,0,0,0
TXN_1D73543A9D1C4C4E,2026-05-27 06:22:06.016910+00:00,ACC_00748,11.94,clothing,0,0,0
TXN_E046A48414CD4CD5,2026-05-27 06:41:08.016910+00:00,ACC_00371,9.6,clothing,0,0,0
TXN_32BF870D732E4FA5,2026-05-27 07:32:22.016910+00:00,ACC_00592,11.05,pharmacy,0,0,0
TXN_8CE5B52366A046DA,2026-05-27 07:36:14.016910+00:00,ACC_00478,125.24,electronics,0,0,0
TXN_200350E61E6542E0,2026-05-27 07:40:25.016910+00:00,ACC_00734,75.07,clothing,0,0,0
TXN_7FFEBDB84A2D418E,2026-05-27 07:41:26.016910+00:00,ACC_00438,10.48,travel,0,0,0
TXN_2D24FF4DC7E14DAB,2026-05-27 07:48:41.016910+00:00,ACC_00137,14488.81,travel,0,0,0
TXN_26332472998C446E,2026-05-27 07:49:04.016910+00:00,ACC_00137,163.8,pharmacy,0,1,0
TXN_2474427FDD214693,2026-05-27 07:54:26.016910+00:00,ACC_00137,35.51,clothing,0,2,0
TXN_C869DC909FB040C1,2026-05-27 08:46:26.016910+00:00,ACC_00137,233.04,other,0,3,0
TXN_85D5316575C44493,2026-05-27 08:47:13.016910+00:00,ACC_00137,76.74,other,0,4,0
TXN_EBEA7A73C3944F00,2026-05-27 09:37:56.016910+00:00,ACC_00137,142.92,grocery,0,2,0
TXN_61B53FF1305F4EB1,2026-05-27 10:33:49.016910+00:00,ACC_00137,413.13,travel,0,1,0
TXN_F5761E6635C14D77,2026-05-27 10:55:50.016910+00:00,ACC_00137,35.52,clothing,1,1,0
TXN_44025B4EA9954673,2026-05-27 11:23:11.016910+00:00,ACC_00463,15000.0,travel,1,5,0
TXN_C37FF6183DB2439F,2026-05-27 11:26:48.016910+00:00,ACC_00195,23.64,pharmacy,0,0,0
TXN_C26B4C56A5CA49E0,2026-05-27 12:03:37.016910+00:00,ACC_00468,240.54,clothing,0,0,0
TXN_FA38FB4648F6490E,2026-05-27 12:31:37.016910+00:00,ACC_00145,171.3,jewelry,0,0,0
TXN_1E2D659480A840AA,2026-05-27 13:04:01.016910+00:00,ACC_00727,43.66,restaurant,0,0,0
TXN_20EC8E6145764011,2026-05-27 13:25:48.016910+00:00,ACC_00395,263.36,online_services,0,0,0
TXN_04B4C2BF8B504481,2026-05-27 13:57:26.016910+00:00,ACC_00879,227.79,travel,0,0,0
TXN_2FB2966CAE2B4B50,2026-05-27 15:07:16.016910+00:00,ACC_00879,17.95,restaurant,0,0,0
TXN_081358AB563E44D7,2026-05-27 15:32:11.016910+00:00,ACC_00879,11.7,grocery,0,1,0
TXN_3C693A1C7A2A4C28,2026-05-27 15:36:27.016910+00:00,ACC_00879,26.74,hotel,0,2,0
TXN_08656074D1BC4254,2026-05-27 15:53:41.016910+00:00,ACC_00879,40.98,restaurant,0,3,0
TXN_4CAC09B9169C409B,2026-05-27 17:07:46.016910+00:00,ACC_00879,35.0,fuel,0,0,0
TXN_2F40E522F9F947AA,2026-05-27 17:26:20.016910+00:00,ACC_00133,15000.0,travel,1,8,0
TXN_12EAD86B63ED495D,2026-05-27 17:34:23.016910+00:00,ACC_00723,106.9,other,0,0,0
TXN_7BAC3D6448674FC5,2026-05-27 17:35:28.016910+00:00,ACC_00167,210.86,hotel,0,0,0
TXN_FF54AEBA04C143ED,2026-05-27 18:07:47.016910+00:00,ACC_00677,196.75,jewelry,0,0,0
TXN_7EC695434435467B,2026-05-27 18:09:21.016910+00:00,ACC_00198,128.53,pharmacy,0,0,0
TXN_DB273AFCD58A43FF,2026-05-27 18:20:30.016910+00:00,ACC_00278,11.47,other,0,0,0
TXN_7BF87C085D9D4822,2026-05-27 19:27:45.016910+00:00,ACC_00179,37.13,other,0,0,0
TXN_BE3911CBCB36452F,2026-05-27 19:35:12.016910+00:00,ACC_00791,181.27,hotel,0,0,0
TXN_4724FC6B78254207,2026-05-27 20:14:53.016910+00:00,ACC_00791,12.33,pharmacy,0,1,0
TXN_95AF6881E0D74331,2026-05-27 20:16:30.016910+00:00,ACC_00791,471.42,jewelry,0,2,0
TXN_608CC393FCEB49EE,2026-05-27 20:52:29.016910+00:00,ACC_00791,78.4,restaurant,0,2,0
TXN_847DA466746F490A,2026-05-27 21:32:57.016910+00:00,ACC_00993,13.7,travel,0,0,0
TXN_6A415DE5507846FC,2026-05-27 21:51:52.016910+00:00,ACC_00913,155.66,grocery,0,0,0
TXN_FFA430B8993D4D30,2026-05-27 21:55:16.016910+00:00,ACC_00557,213.45,travel,0,0,0
TXN_EB6F8C8FFAFD4E64,2026-05-27 22:11:52.016910+00:00,ACC_00915,33.39,other,0,0,0
TXN_09D6823609054CB8,2026-05-27 22:51:31.016910+00:00,ACC_00749,28.63,electronics,0,0,0
TXN_97EF165C7FFB4EBF,2026-05-27 22:57:21.016910+00:00,ACC_00417,107.73,online_services,0,0,0
TXN_611D8972CA9F4A19,2026-05-27 23:00:03.016910+00:00,ACC_00110,14.32,online_services,0,0,0
TXN_76078FDD3A2748BC,2026-05-27 23:02:00.016910+00:00,ACC_00726,170.46,hotel,0,0,0
TXN_66693DA9A7F84987,2026-05-28 00:25:11.016910+00:00,ACC_00257,11.11,pharmacy,0,0,0
TXN_91AEEBB0A9EB4115,2026-05-28 00:56:48.016910+00:00,ACC_00584,15000.0,travel,1,7,0
TXN_A482F45052004E06,2026-05-28 01:30:03.016910+00:00,ACC_00988,64.27,restaurant,0,0,0
TXN_5D42510448074F5D,2026-05-28 02:00:59.016910+00:00,ACC_00610,563.4,grocery,0,0,0
TXN_4C223A3E75A84BD2,2026-05-28 03:00:06.016910+00:00,ACC_00767,132.41,pharmacy,0,0,0
TXN_F68CE5146B9A426A,2026-05-28 03:50:18.016910+00:00,ACC_00767,2898.51,clothing,0,1,0
TXN_C1BA0532913B427A,2026-05-28 03:52:31.016910+00:00,ACC_00767,10.3,restaurant,0,2,0
TXN_FDE194A68E564165,2026-05-28 04:17:26.016910+00:00,ACC_00767,12.21,gaming,0,2,0
TXN_A498A508333A4B60,2026-05-28 04:32:58.016910+00:00,ACC_00767,20.61,gaming,0,3,0
TXN_2E9B36E8157E4B23,2026-05-28 04:57:04.016910+00:00,ACC_00767,102.78,hotel,0,2,0
TXN_196C4BA0BC6144A0,2026-05-28 05:16:44.016910+00:00,ACC_00767,220.63,clothing,0,3,0
TXN_03B5201470BA44E2,2026-05-28 06:54:03.016910+00:00,ACC_00767,1210.11,jewelry,0,0,0
TXN_D12951E0B5834D94,2026-05-28 07:55:20.016910+00:00,ACC_00375,130.62,jewelry,0,0,0
TXN_60F359D793F94D42,2026-05-28 08:16:46.016910+00:00,ACC_00108,79.4,travel,0,0,0
TXN_49511E84CD474B0A,2026-05-28 09:13:26.016910+00:00,ACC_00714,109.0,other,0,0,0
TXN_67DC30C451CC4392,2026-05-28 10:15:01.016910+00:00,ACC_00482,86.48,gaming,0,0,0
TXN_F0734708FFA34B07,2026-05-28 10:35:52.016910+00:00,ACC_00802,110.21,pharmacy,0,0,0
TXN_F551E8C1928C4C31,2026-05-28 10:56:07.016910+00:00,ACC_00701,113.46,pharmacy,0,0,0
TXN_C041CB99FC734E9B,2026-05-28 11:17:19.016910+00:00,ACC_00871,19.39,online_services,0,0,0
TXN_213E453E9E8C4597,2026-05-28 11:20:21.016910+00:00,ACC_00437,7.74,pharmacy,0,0,0
TXN_3FA3AC82B6E5480B,2026-05-28 13:27:53.016910+00:00,ACC_00305,188.17,hotel,0,0,0
TXN_DD4C86F05FDD4C4F,2026-05-28 13:30:02.016910+00:00,ACC_00960,164.63,travel,0,0,0
TXN_B936FD57C29546EB,2026-05-28 13:58:33.016910+00:00,ACC_00215,33.04,jewelry,0,0,0
TXN_A67ED71480F741C8,2026-05-28 14:23:29.016910+00:00,ACC_00582,7.42,online_services,0,0,0
TXN_D4129D140D2842DC,2026-05-28 14:36:52.016910+00:00,ACC_00440,25.3,hotel,0,0,0
TXN_D9C99B7517DD4049,2026-05-28 14:58:56.016910+00:00,ACC_00509,53.78,pharmacy,0,0,0
TXN_A84768D7C092478F,2026-05-28 15:32:32.016910+00:00,ACC_00539,42.56,clothing,0,0,0
TXN_3EC393B91CA0444F,2026-05-28 15:41:20.016910+00:00,ACC_00979,64.17,grocery,0,0,0
TXN_0BDCA0D8BBEC41E7,2026-05-28 16:18:52.016910+00:00,ACC_00704,15.55,online_services,0,0,0
TXN_94DCCF786A174A37,2026-05-28 16:24:43.016910+00:00,ACC_00653,196.94,hotel,0,0,0
TXN_93F25437BD59474C,2026-05-28 16:28:33.016910+00:00,ACC_00521,12964.64,travel,0,0,1
TXN_50D0486708D84CE1,2026-05-28 17:02:42.016910+00:00,ACC_00926,84.78,gaming,0,0,0
TXN_293D6595DE0F4F53,2026-05-28 17:33:18.016910+00:00,ACC_00342,24.34,grocery,0,0,0
TXN_35AF37B1F2C04C1C,2026-05-28 17:40:24.016910+00:00,ACC_00986,17.13,pharmacy,0,0,0
TXN_ACF1B9D4DB9B4990,2026-05-28 18:11:21.016910+00:00,ACC_00244,8.58,pharmacy,0,0,0
TXN_7B96AD07C87D4949,2026-05-28 18:31:27.016910+00:00,ACC_00462,32.2,gaming,0,0,0
TXN_8D27CC5081574478,2026-05-28 18:53:00.016910+00:00,ACC_00252,119.79,online_services,0,0,0
TXN_2E207560150845CE,2026-05-28 19:02:11.016910+00:00,ACC_00908,198.56,other,0,0,0
TXN_92B538D48E1D420B,2026-05-28 19:03:07.016910+00:00,ACC_00908,12.62,grocery,0,1,0
TXN_C137CA6CC2F4457B,2026-05-28 19:25:53.016910+00:00,ACC_00908,25.68,restaurant,0,2,0
TXN_C153BD8996074B1C,2026-05-28 20:47:02.016910+00:00,ACC_00908,623.48,travel,0,0,0
TXN_4B3C273BC1AA4B03,2026-05-28 21:44:14.016910+00:00,ACC_00908,726.33,travel,0,1,0
TXN_833543659EF94290,2026-05-28 22:03:09.016910+00:00,ACC_00164,34.89,clothing,0,0,0
TXN_72FEA1E6117E448D,2026-05-28 22:12:26.016910+00:00,ACC_00164,328.72,electronics,0,1,0
TXN_7FFEF2003C134128,2026-05-28 23:50:12.016910+00:00,ACC_00164,95.31,fuel,0,0,0
TXN_D6C6FEDF7ADB4390,2026-05-29 01:23:47.016910+00:00,ACC_00164,249.63,electronics,0,0,0
TXN_9922688AD9424FC6,2026-05-29 02:22:01.016910+00:00,ACC_00164,6.75,pharmacy,0,1,0
TXN_C81AA75F95EA4F6E,2026-05-29 02:23:50.016910+00:00,ACC_00164,21.66,fuel,0,1,0
TXN_5D0CAED1C7FB4DD8,2026-05-29 03:19:14.016910+00:00,ACC_00164,41.72,clothing,0,2,0
TXN_ABC9848BE6A24327,2026-05-29 03:45:13.016910+00:00,ACC_00164,90.26,hotel,0,1,0
TXN_DCFB718DB72C4647,2026-05-29 04:06:35.016910+00:00,ACC_00130,45.75,clothing,0,0,0
TXN_A3E07A88BDA6404C,2026-05-29 04:19:01.016910+00:00,ACC_00499,263.87,gaming,0,0,0
TXN_4558C706CEB44ACB,2026-05-29 04:45:41.016910+00:00,ACC_00238,32.0,online_services,0,0,0
TXN_E366EDA4FF6D407A,2026-05-29 05:03:04.016910+00:00,ACC_00616,54.17,grocery,0,0,0
TXN_FC005EF8897B4F4A,2026-05-29 05:29:51.016910+00:00,ACC_00616,67.26,clothing,0,1,0
TXN_5F5E615DED9D4DF6,2026-05-29 05:56:35.016910+00:00,ACC_00616,102.87,electronics,0,2,0
TXN_ED0B54D0AE644878,2026-05-29 05:56:47.016910+00:00,ACC_00616,13.31,grocery,0,3,0
TXN_145362FB14F54904,2026-05-29 06:52:14.016910+00:00,ACC_00616,46.55,gaming,0,2,0
TXN_6BB64AFFD72C4817,2026-05-29 07:20:11.016910+00:00,ACC_00616,5.7,fuel,0,1,0
TXN_5158F2BF9107452E,2026-05-29 08:21:32.016910+00:00,ACC_00616,51.14,pharmacy,0,0,0
TXN_D7F6981C26ED4960,2026-05-29 08:41:10.016910+00:00,ACC_00069,4.26,pharmacy,0,0,0
TXN_58A28EE611864E21,2026-05-29 08:47:09.016910+00:00,ACC_00869,194.78,travel,0,0,0
TXN_842E1F4099D64438,2026-05-29 08:55:47.016910+00:00,ACC_00916,14.76,restaurant,0,0,0
TXN_5E39E0C66CCA4330,2026-05-29 09:22:16.016910+00:00,ACC_00199,12.8,pharmacy,0,0,0
TXN_A9767C6161C443B3,2026-05-29 09:56:44.016910+00:00,ACC_00860,221.48,electronics,0,0,0
TXN_7E2F96EB47EA427E,2026-05-29 11:01:34.016910+00:00,ACC_00860,71.85,electronics,0,0,0
TXN_6114F4BDE1874877,2026-05-29 11:15:37.016910+00:00,ACC_00860,44.3,online_services,0,1,0
TXN_E82D5B9D92A34B94,2026-05-29 11:25:16.016910+00:00,ACC_00860,8.09,grocery,0,2,0
TXN_B198250BB8664BDF,2026-05-29 11:42:49.016910+00:00,ACC_00860,193.9,clothing,0,3,0
TXN_B66C8A23FAB54795,2026-05-29 12:09:41.016910+00:00,ACC_00860,48.54,online_services,0,3,0
TXN_3AD6ACC9F724438B,2026-05-29 12:55:05.016910+00:00,ACC_00860,121.05,hotel,0,1,0
TXN_40B8AF7AB78C4A0F,2026-05-29 13:36:40.016910+00:00,ACC_00860,339.68,electronics,0,1,0
TXN_ABACDF771F5542AD,2026-05-29 13:47:14.016910+00:00,ACC_00199,87.1,other,0,0,0
TXN_0FC87D918678483F,2026-05-29 13:52:31.016910+00:00,ACC_00027,9.91,electronics,0,0,0
TXN_AF3FD37AE64D4AC7,2026-05-29 14:31:45.016910+00:00,ACC_00299,240.92,other,0,0,0
TXN_3790C43C84B84443,2026-05-29 15:27:48.016910+00:00,ACC_00759,30.94,online_services,0,0,0
TXN_188EFCA73E2A44BE,2026-05-29 17:33:11.016910+00:00,ACC_00710,134.92,pharmacy,0,0,0
TXN_9D7F6899675E4F56,2026-05-29 17:52:32.016910+00:00,ACC_00160,93.61,travel,0,0,0
TXN_4071144D241F4EC1,2026-05-29 18:16:51.016910+00:00,ACC_00473,121.19,jewelry,0,0,0
TXN_5F91A6C1B5D549EA,2026-05-29 18:50:00.016910+00:00,ACC_00928,56.94,grocery,0,0,0
TXN_9C25A607E119421C,2026-05-29 18:52:13.016910+00:00,ACC_00280,333.36,online_services,0,0,0
TXN_58CF26588F4A441A,2026-05-29 19:04:55.016910+00:00,ACC_00445,656.69,jewelry,0,0,0
TXN_7FAAC166144143DE,2026-05-29 19:16:11.016910+00:00,ACC_00445,362.32,jewelry,0,1,0
TXN_AA5649983C0E4C43,2026-05-29 19:34:07.016910+00:00,ACC_00445,64.06,gaming,0,2,0
TXN_3119B5ECE5584A1D,2026-05-29 19:39:59.016910+00:00,ACC_00445,40.37,fuel,0,3,0
TXN_62D62A55E1AD4FC6,2026-05-29 20:20:00.016910+00:00,ACC_00445,149.49,fuel,0,2,0
TXN_03B7B14587324EB8,2026-05-29 20:45:15.016910+00:00,ACC_00445,15000.0,travel,1,7,0
TXN_A94F270B40314102,2026-05-29 22:00:53.016910+00:00,ACC_00445,14.04,other,0,0,0
TXN_65534C6E592B4E93,2026-05-29 22:43:01.016910+00:00,ACC_00445,10.72,restaurant,0,1,0
TXN_BED6BC9D2A7441EB,2026-05-29 22:43:25.016910+00:00,ACC_00313,75.0,gaming,0,0,0
TXN_444569F4A0C249A1,2026-05-29 22:44:36.016910+00:00,ACC_00597,9.19,restaurant,0,0,0
TXN_8723B409F1824381,2026-05-29 23:20:47.016910+00:00,ACC_00137,120.68,hotel,0,0,0
TXN_1C63E3A6DF6847D1,2026-05-30 00:18:41.016910+00:00,ACC_00086,86.66,grocery,0,0,0
TXN_83DDDA7BF3194E1A,2026-05-30 00:26:46.016910+00:00,ACC_00570,327.66,jewelry,0,0,0
TXN_D0F81708364E42D7,2026-05-30 00:32:25.016910+00:00,ACC_00122,16.05,other,0,0,0
TXN_9BC598C7FD054293,2026-05-30 01:05:19.016910+00:00,ACC_00894,45.03,hotel,0,0,0
TXN_CA28E8EE155B431E,2026-05-30 01:09:29.016910+00:00,ACC_00742,67.6,online_services,0,0,0
TXN_19A71187D2814815,2026-05-30 01:14:49.016910+00:00,ACC_00435,290.0,gaming,0,0,0
TXN_CEFCA134CE94488E,2026-05-30 01:17:21.016910+00:00,ACC_00717,122.75,travel,0,0,0
TXN_DB124C92AD184A64,2026-05-30 01:28:12.016910+00:00,ACC_00069,89.85,grocery,0,0,0
TXN_ED13C447118B46E5,2026-05-30 01:35:30.016910+00:00,ACC_00069,66.11,online_services,0,1,0
TXN_35531A523C0F404F,2026-05-30 02:44:28.016910+00:00,ACC_00069,20.47,grocery,0,0,0
TXN_5B49C77050FC4935,2026-05-30 02:58:56.016910+00:00,ACC_00069,103.93,gaming,0,1,0
TXN_5E370883B1A04BBF,2026-05-30 03:46:11.016910+00:00,ACC_00069,10.14,clothing,0,1,0
TXN_C1899F31EDFA4C80,2026-05-30 04:13:52.016910+00:00,ACC_00069,84.15,grocery,0,1,0
TXN_49F1F294EE9E492C,2026-05-30 04:15:34.016910+00:00,ACC_00069,70.22,online_services,0,2,0
TXN_EDB773F2921243A8,2026-05-30 04:35:04.016910+00:00,ACC_00069,79.52,travel,0,3,0
TXN_A4C77B806A2942E5,2026-05-30 05:23:35.016910+00:00,ACC_00881,11.89,pharmacy,0,0,0
TXN_E93AA1ED0A1C43AA,2026-05-30 06:24:44.016910+00:00,ACC_00888,27.56,online_services,0,0,0
TXN_D83788813AD94AE4,2026-05-30 06:44:24.016910+00:00,ACC_00355,16.37,pharmacy,0,0,0
TXN_DA17235E37F64B5C,2026-05-30 07:01:46.016910+00:00,ACC_00686,29.42,grocery,0,0,0
TXN_747DD9FA61814F31,2026-05-30 07:09:45.016910+00:00,ACC_00798,30.26,online_services,0,0,0
TXN_C5C4F154FA3B4D29,2026-05-30 07:26:18.016910+00:00,ACC_00872,28.62,clothing,0,0,0
TXN_7D1D6DEC3D6B4BE3,2026-05-30 08:21:53.016910+00:00,ACC_00786,8.71,online_services,0,0,0
TXN_8C2444B21D844426,2026-05-30 08:45:27.016910+00:00,ACC_00588,10.48,pharmacy,0,0,0
TXN_2C588DE39FCE43C1,2026-05-30 10:37:10.016910+00:00,ACC_00693,107.02,grocery,0,0,0
TXN_DE8A53E750104ABA,2026-05-30 11:30:53.016910+00:00,ACC_00091,26.12,online_services,0,0,0
TXN_E1D10681B56047BD,2026-05-30 11:41:22.016910+00:00,ACC_00534,42.79,other,0,0,0
TXN_B9E75CB226E746FF,2026-05-30 11:58:52.016910+00:00,ACC_00603,143.9,jewelry,0,0,0
TXN_E3612477F73C4E5E,2026-05-30 12:30:54.016910+00:00,ACC_00516,547.9,travel,0,0,0
TXN_A7F59FF111374CFD,2026-05-30 13:07:38.016910+00:00,ACC_00272,21.37,gaming,0,0,0
TXN_290DCEF3305F4940,2026-05-30 15:29:55.016910+00:00,ACC_00265,22.55,clothing,0,0,0
TXN_547FC6B990804F67,2026-05-30 15:42:50.016910+00:00,ACC_00112,44.87,restaurant,0,0,0
TXN_69715A41DC2E4A2B,2026-05-30 15:46:29.016910+00:00,ACC_00112,129.91,hotel,0,1,0
TXN_1F7121D502804ED5,2026-05-30 16:38:15.016910+00:00,ACC_00112,230.69,travel,0,2,0
TXN_85F4168468304564,2026-05-30 17:48:43.016910+00:00,ACC_00112,346.27,jewelry,0,0,0
TXN_5DE01130F0E64F9D,2026-05-30 17:59:33.016910+00:00,ACC_00839,120.14,clothing,0,0,0
TXN_A3EE4E7F2E4E42B1,2026-05-30 18:13:04.016910+00:00,ACC_00682,9.41,pharmacy,0,0,0
TXN_C60B8136F8E94804,2026-05-30 18:28:38.016910+00:00,ACC_00710,325.91,jewelry,0,0,0
TXN_A9CE04F557BA409F,2026-05-30 19:18:45.016910+00:00,ACC_00152,17.64,fuel,0,0,0
TXN_FCE7F82191EA4445,2026-05-30 19:20:51.016910+00:00,ACC_00508,16.91,electronics,0,0,0
TXN_D258824411CF4468,2026-05-30 20:11:20.016910+00:00,ACC_00847,68.78,gaming,0,0,0
TXN_2A09E66A9A40435C,2026-05-30 20:12:37.016910+00:00,ACC_00811,40.57,restaurant,0,0,0
TXN_F897CE014D824045,2026-05-30 20:26:49.016910+00:00,ACC_00777,42.65,online_services,0,0,0
TXN_67A17F4F6C4440D1,2026-05-30 20:28:51.016910+00:00,ACC_00287,1524.25,fuel,0,0,0
TXN_132068B1B54A49AA,2026-05-30 21:26:30.016910+00:00,ACC_00107,101.53,jewelry,0,0,0
TXN_1CF5AE145E844488,2026-05-30 21:36:49.016910+00:00,ACC_00901,251.82,travel,0,0,0
TXN_44FEE1FF0FE34174,2026-05-30 21:38:21.016910+00:00,ACC_00549,92.88,hotel,0,0,0
TXN_28ECB8EB23214376,2026-05-30 22:36:17.016910+00:00,ACC_00549,34.9,fuel,0,1,0
TXN_B8696488FAB74CD6,2026-05-30 22:49:37.016910+00:00,ACC_00549,37.87,jewelry,0,1,0
TXN_CF1E5A077FDE46CD,2026-05-30 23:22:03.016910+00:00,ACC_00549,549.8,jewelry,0,2,0
TXN_9D9628BEE5744EF3,2026-05-30 23:28:41.016910+00:00,ACC_00549,195.22,travel,0,3,0
TXN_FBCC8399ADB94406,2026-05-30 23:31:51.016910+00:00,ACC_00549,242.19,travel,0,4,0
TXN_2FD18DC905234787,2026-05-30 23:33:06.016910+00:00,ACC_00941,12984.88,travel,0,0,0
TXN_1BA09A5E97B6453E,2026-05-31 00:52:19.016910+00:00,ACC_00187,139.2,hotel,0,0,0
TXN_ACC66AE56E2F4A86,2026-05-31 01:45:02.016910+00:00,ACC_00214,41.71,clothing,1,0,0
TXN_C5669204BA1B44B7,2026-05-31 02:20:17.016910+00:00,ACC_00862,205.44,travel,0,0,0
TXN_6A966B50D9834065,2026-05-31 02:38:53.016910+00:00,ACC_00737,133.12,hotel,0,0,0
TXN_F05262C95D4E41A9,2026-05-31 02:41:55.016910+00:00,ACC_00369,189.8,fuel,0,0,0
TXN_CA9D8DE6A9D94F54,2026-05-31 02:57:27.016910+00:00,ACC_00889,148.64,online_services,0,0,0
TXN_A567D432B18B45A1,2026-05-31 02:59:56.016910+00:00,ACC_00531,141.95,clothing,0,0,0
TXN_E661BD84260C4663,2026-05-31 03:24:10.016910+00:00,ACC_00531,33.31,online_services,0,1,0
TXN_17AD2234256549E0,2026-05-31 05:41:47.016910+00:00,ACC_00531,77.29,clothing,0,0,0
TXN_E224BB6EB5F34565,2026-05-31 05:48:19.016910+00:00,ACC_00531,23.13,pharmacy,0,1,0
TXN_E2B5D9B17FCA44E6,2026-05-31 06:25:35.016910+00:00,ACC_00531,92.53,fuel,0,2,0
TXN_EBDC4A9E8E864220,2026-05-31 06:48:47.016910+00:00,ACC_00531,96.37,hotel,0,1,0
TXN_6DCAFBD7050E4D21,2026-05-31 07:27:04.016910+00:00,ACC_00108,16.98,restaurant,0,0,0
TXN_0332F489E1FD48F1,2026-05-31 07:32:07.016910+00:00,ACC_00868,54.94,online_services,0,0,0
TXN_1F083FA8A4474353,2026-05-31 09:14:31.016910+00:00,ACC_00427,340.97,hotel,0,0,0
TXN_3C38371BC6294747,2026-05-31 09:18:17.016910+00:00,ACC_00427,100.25,fuel,0,1,0
TXN_8A09AD38A13D4DCF,2026-05-31 09:22:12.016910+00:00,ACC_00427,89.36,travel,0,2,0
TXN_7EAA516614F34CF2,2026-05-31 10:10:41.016910+00:00,ACC_00427,977.81,jewelry,0,3,0
TXN_DA5DDF2FAFE94D9D,2026-05-31 10:11:27.016910+00:00,ACC_00427,47.24,electronics,0,4,0
TXN_4A1B5D41D0E84309,2026-05-31 10:22:10.016910+00:00,ACC_00427,21.3,fuel,0,3,0
TXN_8BC945D7FD904699,2026-05-31 10:34:25.016910+00:00,ACC_00976,88.52,fuel,0,0,0
TXN_56A27680ED744BE0,2026-05-31 11:37:27.016910+00:00,ACC_00318,34.0,jewelry,0,0,0
TXN_61B683A4462E47FB,2026-05-31 11:58:19.016910+00:00,ACC_00294,38.87,grocery,0,0,0
TXN_F0B849BE3F2F49DB,2026-05-31 12:27:32.016910+00:00,ACC_00226,82.95,electronics,0,0,0
TXN_4078FE958F084747,2026-05-31 12:28:24.016910+00:00,ACC_00472,235.08,clothing,0,0,0
TXN_C4A6BFD3DF194E12,2026-05-31 12:30:20.016910+00:00,ACC_00472,14.09,fuel,0,1,0
TXN_7B688FCCF1994C20,2026-05-31 12:43:33.016910+00:00,ACC_00472,44.17,electronics,0,2,0
TXN_41640740E3CA4BD0,2026-05-31 13:38:30.016910+00:00,ACC_00472,1220.39,jewelry,0,1,0
TXN_6A62E1D740A84615,2026-05-31 13:49:13.016910+00:00,ACC_00472,25.15,pharmacy,0,1,0
TXN_4EC0F5A5D7B34159,2026-05-31 14:46:53.016910+00:00,ACC_00474,114.38,grocery,0,0,0
TXN_14DC2045B7D941D7,2026-05-31 15:03:01.016910+00:00,ACC_00935,144.46,jewelry,0,0,0
TXN_D61BEB7896994C3A,2026-05-31 16:11:13.016910+00:00,ACC_00980,20.55,fuel,0,0,0
TXN_8E239B6C2E8D4DF6,2026-05-31 16:13:48.016910+00:00,ACC_00273,344.61,hotel,0,0,0
TXN_6BD14813C3E74319,2026-05-31 16:41:10.016910+00:00,ACC_00652,321.5,online_services,0,0,0
TXN_8659425E424E4497,2026-05-31 17:41:22.016910+00:00,ACC_00977,149.66,online_services,0,0,0
TXN_3DA3AA39DA5F4F02,2026-05-31 18:19:34.016910+00:00,ACC_00261,68.17,hotel,0,0,0
TXN_62EF5D10F4464D16,2026-05-31 18:56:30.016910+00:00,ACC_00063,42.62,online_services,0,0,0
TXN_06C553B6E4A442B5,2026-05-31 19:10:56.016910+00:00,ACC_00175,18.36,online_services,1,0,0
TXN_34F637BCB6CA4818,2026-05-31 19:27:48.016910+00:00,ACC_00261,52.9,hotel,0,0,0
TXN_AC9886617A4B4FFC,2026-05-31 19:47:36.016910+00:00,ACC_00261,20.24,gaming,0,1,0
TXN_5E14470BE9874DC7,2026-05-31 19:48:40.016910+00:00,ACC_00261,29.52,gaming,0,2,0
TXN_41C8D3ADFD7D44DF,2026-05-31 19:54:55.016910+00:00,ACC_00261,37.01,pharmacy,0,3,0
TXN_B0C021A108454270,2026-05-31 20:32:55.016910+00:00,ACC_00261,26.94,jewelry,0,3,0
TXN_8ECACF8D4AFE43D0,2026-05-31 21:29:03.016910+00:00,ACC_00598,138.34,travel,0,0,0
TXN_CB3077E17B6F4D24,2026-05-31 21:52:58.016910+00:00,ACC_00401,217.27,hotel,1,0,0
TXN_9E091901BA9B4D98,2026-05-31 22:03:35.016910+00:00,ACC_00950,64.8,other,0,0,0
TXN_3B621BAEA62E4A03,2026-05-31 23:10:50.016910+00:00,ACC_00192,78.82,gaming,0,0,0
TXN_AB4824A46AA44BF3,2026-05-31 23:41:59.016910+00:00,ACC_00558,230.09,hotel,0,0,0
TXN_7FBB0821EB7E4C50,2026-05-31 23:48:17.016910+00:00,ACC_00011,24.24,fuel,0,0,0
TXN_67237A440D3A46D7,2026-06-01 00:13:35.016910+00:00,ACC_00963,37.82,gaming,0,0,0
TXN_9A938E5CB6F1475E,2026-06-01 01:09:43.016910+00:00,ACC_00282,830.87,grocery,0,0,0
TXN_C420059E2DE24BCE,2026-06-01 01:51:39.016910+00:00,ACC_00282,16.07,restaurant,0,1,0
TXN_94909168FA394428,2026-06-01 02:13:12.016910+00:00,ACC_00282,93.84,clothing,1,1,0
TXN_A201F06321F148F4,2026-06-01 03:00:49.016910+00:00,ACC_00282,66.41,jewelry,0,1,0
TXN_FB2AD5FBEA214C4B,2026-06-01 03:23:22.016910+00:00,ACC_00282,473.88,jewelry,0,1,0
TXN_4EAEB1145BF24860,2026-06-01 04:23:31.016910+00:00,ACC_00282,19.41,grocery,0,0,0
TXN_166D3D2F748A4C9D,2026-06-01 05:01:14.016910+00:00,ACC_00282,28.61,restaurant,0,1,0
TXN_176BC4DABC254A6F,2026-06-01 05:35:54.016910+00:00,ACC_00375,12.95,clothing,0,0,0
TXN_1F25625978224B6E,2026-06-01 05:41:25.016910+00:00,ACC_00414,25.52,electronics,0,0,0
TXN_A3F5E79BA7CF4493,2026-06-01 05:45:38.016910+00:00,ACC_00786,104.01,hotel,0,0,0
TXN_FEBD4AFF95EA4B02,2026-06-01 06:03:07.016910+00:00,ACC_00636,53.01,other,0,0,0
TXN_6010817D4313470A,2026-06-01 06:32:50.016910+00:00,ACC_00984,36.53,gaming,0,0,0
TXN_5ABAC5713AFA4CF1,2026-06-01 06:50:00.016910+00:00,ACC_00027,165.92,hotel,0,0,0
TXN_14B0F407B5084CF2,2026-06-01 07:18:40.016910+00:00,ACC_00138,94.16,pharmacy,0,0,0
TXN_2F8EE7EEDF54483E,2026-06-01 07:19:14.016910+00:00,ACC_00897,54.99,travel,0,0,0
TXN_B9BE2BEFDD0F486D,2026-06-01 08:05:39.016910+00:00,ACC_00965,93.41,hotel,0,0,0
TXN_66CE0803FA154B9F,2026-06-01 08:07:49.016910+00:00,ACC_00147,10.68,grocery,0,0,0
TXN_181288CC8D984495,2026-06-01 08:41:31.016910+00:00,ACC_00661,20.32,electronics,0,0,0
TXN_9E4A0FA4ED354F2B,2026-06-01 08:56:00.016910+00:00,ACC_00099,51.21,gaming,0,0,0
TXN_BD6AFE85E76048B3,2026-06-01 09:55:25.016910+00:00,ACC_00930,51.45,travel,0,0,0
TXN_446405A0EBA04942,2026-06-01 10:49:11.016910+00:00,ACC_00210,43.88,online_services,0,0,0
TXN_FBB740A176FE4D46,2026-06-01 11:01:21.016910+00:00,ACC_00210,53.2,online_services,0,1,0
TXN_424FF3F716FC4746,2026-06-01 11:03:30.016910+00:00,ACC_00210,23.26,electronics,0,2,0
TXN_D39563CCF31D4AAC,2026-06-01 11:17:57.016910+00:00,ACC_00210,153.32,hotel,0,3,0
TXN_EB0B0577016B4F7E,2026-06-01 11:31:02.016910+00:00,ACC_00210,74.49,restaurant,0,4,0
TXN_5EF1055F79764865,2026-06-01 11:31:42.016910+00:00,ACC_00293,75.95,gaming,0,0,0
TXN_8223486F674B4E63,2026-06-01 11:44:58.016910+00:00,ACC_00293,13.47,pharmacy,0,1,0
TXN_55C0E19E953C46E5,2026-06-01 13:00:43.016910+00:00,ACC_00293,25.83,restaurant,0,0,0
TXN_6F5B12085BA24F90,2026-06-01 13:37:21.016910+00:00,ACC_00293,40.07,grocery,0,1,0
TXN_7242C5B78CB648B0,2026-06-01 14:01:12.016910+00:00,ACC_00293,38.02,online_services,0,1,0
TXN_3AA31AB7174948A4,2026-06-01 14:36:33.016910+00:00,ACC_00028,12.74,online_services,0,0,0
TXN_F29FC5623CBE4243,2026-06-01 14:58:16.016910+00:00,ACC_00933,51.31,electronics,0,0,0
TXN_BAC3160AF2DF4C4E,2026-06-01 15:00:35.016910+00:00,ACC_00922,21.88,restaurant,0,0,0
TXN_F59D65049D224B43,2026-06-01 15:14:06.016910+00:00,ACC_00239,262.42,jewelry,0,0,0
TXN_E6DB42DFAFB145FA,2026-06-01 15:22:45.016910+00:00,ACC_00616,25.57,gaming,0,0,0
TXN_4F083097E52C4FB7,2026-06-01 15:27:23.016910+00:00,ACC_00560,11.29,electronics,0,0,0
TXN_5833106051484A66,2026-06-01 16:32:32.016910+00:00,ACC_00787,18.54,electronics,0,0,0
TXN_54CB488639374180,2026-06-01 16:35:17.016910+00:00,ACC_00787,134.97,jewelry,0,1,0
TXN_48D5A86E62C54338,2026-06-01 16:41:20.016910+00:00,ACC_00787,216.53,gaming,0,2,0
TXN_4582E41842434EC3,2026-06-01 17:07:36.016910+00:00,ACC_00787,308.69,jewelry,0,3,0
TXN_7030E9331F67459A,2026-06-01 19:05:29.016910+00:00,ACC_00541,51.07,gaming,0,0,0
TXN_424794BD6E994430,2026-06-01 19:29:16.016910+00:00,ACC_00162,20.25,gaming,0,0,0
TXN_CF1C0174CAF549AB,2026-06-01 19:35:59.016910+00:00,ACC_00526,21.09,pharmacy,0,0,0
TXN_5400F984EFB84802,2026-06-01 19:50:56.016910+00:00,ACC_00745,7.87,clothing,0,0,0
TXN_2EFBBFBF3D4E437F,2026-06-01 20:38:03.016910+00:00,ACC_00442,14.32,pharmacy,0,0,0
TXN_57D72160841042A2,2026-06-01 20:50:26.016910+00:00,ACC_00948,73.46,other,0,0,0
TXN_5856532BB0DE462B,2026-06-01 21:19:48.016910+00:00,ACC_00879,64.29,other,0,0,0
TXN_B5B06E9E21EB401A,2026-06-01 21:31:01.016910+00:00,ACC_00910,23.49,online_services,0,0,0
TXN_15FBDA5EE25A42BC,2026-06-01 21:59:26.016910+00:00,ACC_00115,42.74,clothing,1,0,0
TXN_8E78F808898A454F,2026-06-01 22:27:26.016910+00:00,ACC_00819,110.74,hotel,0,0,0
TXN_C3DDC21B034E4583,2026-06-01 22:34:19.016910+00:00,ACC_00916,21.54,fuel,0,0,0
TXN_5BF6827C38454AFD,2026-06-01 22:55:04.016910+00:00,ACC_00356,163.2,electronics,0,0,0
TXN_DB42163F4D8C4361,2026-06-01 23:00:25.016910+00:00,ACC_00232,63.17,other,0,0,0
TXN_AFBC9D15637A480E,2026-06-01 23:11:39.016910+00:00,ACC_00232,21.79,pharmacy,0,1,0
TXN_E0C65FCD774F4351,2026-06-01 23:25:55.016910+00:00,ACC_00232,8.41,restaurant,0,2,0
TXN_0D74CF4EE9614F9E,2026-06-01 23:56:08.016910+00:00,ACC_00232,23.82,grocery,0,3,0
TXN_F445AE9142F746C2,2026-06-01 23:57:03.016910+00:00,ACC_00232,22.43,grocery,0,4,0
TXN_68CD970531A34C9C,2026-06-02 00:13:11.016910+00:00,ACC_00232,20.52,fuel,0,3,0
TXN_441409209DC64C0F,2026-06-02 00:25:59.016910+00:00,ACC_00232,9.62,online_services,0,3,0
TXN_DEFB5A08AA314FF0,2026-06-02 00:35:25.016910+00:00,ACC_00413,137.04,fuel,0,0,0
TXN_36FDF06885A2474F,2026-06-02 00:42:48.016910+00:00,ACC_00141,166.83,clothing,0,0,0
TXN_680F163FC0394E4C,2026-06-02 00:51:20.016910+00:00,ACC_00111,91.88,hotel,1,0,0
TXN_8086B9F5DA2D4CDF,2026-06-02 01:02:10.016910+00:00,ACC_00888,163.28,travel,0,0,0
TXN_3749D247A4BE4555,2026-06-02 01:27:53.016910+00:00,ACC_00187,72.2,clothing,0,0,0
TXN_51E6B399431243A2,2026-06-02 02:00:36.016910+00:00,ACC_00911,37.29,online_services,0,0,0
TXN_F71736A1478E481E,2026-06-02 02:11:10.016910+00:00,ACC_00539,55.86,gaming,0,0,0
TXN_435CCE0C732A48C4,2026-06-02 02:15:20.016910+00:00,ACC_00615,73.48,gaming,0,0,0
TXN_6C71EBD2C4CF4481,2026-06-02 03:02:18.016910+00:00,ACC_00333,60.98,other,0,0,0
TXN_C98000311DE44280,2026-06-02 03:45:18.016910+00:00,ACC_00761,217.72,hotel,0,0,0
TXN_CA90071248654D15,2026-06-02 03:55:06.016910+00:00,ACC_00118,19.92,fuel,0,0,0
TXN_6B2D528E34E54C11,2026-06-02 04:01:36.016910+00:00,ACC_00532,46.45,clothing,0,0,0
TXN_D253226E1A474D9E,2026-06-02 04:24:38.016910+00:00,ACC_00561,630.69,clothing,0,0,0
TXN_6D4A4A1B0EF44BEF,2026-06-02 04:28:07.016910+00:00,ACC_00149,546.87,jewelry,0,0,0
TXN_FBDE6DBB0ADF41B1,2026-06-02 05:19:03.016910+00:00,ACC_00262,249.2,jewelry,0,0,0
TXN_B82E0D35A9374167,2026-06-02 05:57:38.016910+00:00,ACC_00530,17.64,online_services,0,0,0
TXN_0289D52D7F87463E,2026-06-02 06:14:50.016910+00:00,ACC_00503,108.18,electronics,0,0,0
TXN_38495CBCABF0494F,2026-06-02 06:23:16.016910+00:00,ACC_00354,101.91,gaming,0,0,0
TXN_3E21CAC70C844500,2026-06-02 07:58:20.016910+00:00,ACC_00367,71.66,grocery,0,0,0
TXN_352823BEF3514EF1,2026-06-02 10:45:46.016910+00:00,ACC_00260,19.77,hotel,0,0,0
TXN_02B015FC4DE842C7,2026-06-02 11:35:10.016910+00:00,ACC_00729,8.68,fuel,0,0,0
TXN_4BCF089BE4A94D5F,2026-06-02 12:18:11.016910+00:00,ACC_00122,9.0,grocery,0,0,0
TXN_60A98428A13840AB,2026-06-02 12:48:24.016910+00:00,ACC_00122,325.89,jewelry,0,1,0
TXN_5E16E8BB5FAD44EB,2026-06-02 13:06:23.016910+00:00,ACC_00122,26.0,hotel,0,2,0
TXN_B770F72ABF6C40CA,2026-06-02 14:06:04.016910+00:00,ACC_00122,42.48,hotel,0,1,0
TXN_46E51EF6769143A5,2026-06-02 14:07:40.016910+00:00,ACC_00122,40.58,clothing,0,1,0
TXN_3167B8991B8C42AB,2026-06-02 14:14:07.016910+00:00,ACC_00122,135.62,clothing,0,2,0
TXN_62E59DDFC81A405E,2026-06-02 14:31:20.016910+00:00,ACC_00122,59.73,grocery,0,3,0
TXN_BB9FAFB1CDDF439A,2026-06-02 14:37:41.016910+00:00,ACC_00648,100.9,travel,0,0,0
TXN_258F1A4FB8A14E61,2026-06-02 15:08:56.016910+00:00,ACC_00421,78.43,grocery,0,0,0
TXN_52BB6A401A624FF8,2026-06-02 15:16:29.016910+00:00,ACC_00095,261.87,fuel,0,0,0
TXN_BEC59F6ED7D64981,2026-06-02 15:45:08.016910+00:00,ACC_00154,218.18,jewelry,0,0,0
TXN_D973ECB3200D4064,2026-06-02 15:54:41.016910+00:00,ACC_00704,8.01,restaurant,0,0,0
TXN_A31C4C98781C48FA,2026-06-02 16:23:45.016910+00:00,ACC_00762,19.69,clothing,0,0,0
TXN_28CE09977F2F4D5B,2026-06-02 16:27:05.016910+00:00,ACC_00674,15.19,grocery,0,0,0
TXN_B6B6200A816441CA,2026-06-02 16:45:15.016910+00:00,ACC_00462,23.53,clothing,0,0,0
TXN_E18A008F42AE4307,2026-06-02 16:49:14.016910+00:00,ACC_00462,18.93,restaurant,0,1,0
TXN_E5ED28D137954FF2,2026-06-02 17:36:18.016910+00:00,ACC_00462,269.82,jewelry,0,2,0
TXN_D1D6706C54C54A77,2026-06-02 17:38:37.016910+00:00,ACC_00462,35.24,travel,0,3,0
TXN_E172ECC123A34A68,2026-06-02 17:44:29.016910+00:00,ACC_00462,14.69,clothing,0,4,0
TXN_B523C4BB3ECC43E2,2026-06-02 18:22:36.016910+00:00,ACC_00462,227.62,travel,0,3,0
TXN_F1C9A652A3A541B8,2026-06-02 18:22:59.016910+00:00,ACC_00462,25.74,online_services,0,4,0
TXN_90D350F406BE4209,2026-06-02 18:37:50.016910+00:00,ACC_00462,18.97,online_services,0,4,0
TXN_137962CC998541B1,2026-06-02 18:56:51.016910+00:00,ACC_00344,20.93,restaurant,0,0,0
TXN_4BD3A00E0AF749AC,2026-06-02 19:15:48.016910+00:00,ACC_00262,180.4,other,0,0,0
TXN_4FA4C6328EF34685,2026-06-02 19:30:19.016910+00:00,ACC_00856,104.08,other,0,0,0
TXN_AA8F0D7B31EC464C,2026-06-02 19:50:15.016910+00:00,ACC_00856,77.64,online_services,0,1,0
TXN_0BF518C77D7E42AD,2026-06-02 19:54:40.016910+00:00,ACC_00856,129.41,restaurant,0,2,0
TXN_1A3136AC1A474259,2026-06-02 20:09:45.016910+00:00,ACC_00856,70.57,other,0,3,0
TXN_566D304AB5C94CE6,2026-06-02 20:58:10.016910+00:00,ACC_00856,718.29,travel,0,1,0
TXN_9AFAAAEF78494AA9,2026-06-02 21:16:32.016910+00:00,ACC_00856,315.36,other,0,1,0
TXN_01D2D2B1D4FD4906,2026-06-02 21:34:39.016910+00:00,ACC_00856,8.68,pharmacy,0,2,0
TXN_68904EA84DCA4C32,2026-06-02 21:58:32.016910+00:00,ACC_00234,8.02,fuel,0,0,0
TXN_538E0C0142B84949,2026-06-02 22:03:43.016910+00:00,ACC_00736,14.36,grocery,1,0,0
TXN_3CB433775A2047BD,2026-06-02 22:11:17.016910+00:00,ACC_00736,80.78,restaurant,0,1,0
TXN_3F03CACDC5B14E33,2026-06-02 22:38:04.016910+00:00,ACC_00736,25.58,pharmacy,0,2,0
TXN_4D1A7539227C457B,2026-06-02 23:01:17.016910+00:00,ACC_00736,38.03,other,0,3,0
TXN_CD09FF00BCFB4FB9,2026-06-02 23:45:09.016910+00:00,ACC_00797,92.13,gaming,0,0,0
TXN_205A44A31F374A88,2026-06-03 00:17:20.016910+00:00,ACC_00874,18.46,pharmacy,0,0,0
TXN_241B0962E1A84F00,2026-06-03 00:52:12.016910+00:00,ACC_00252,124.47,hotel,0,0,0
TXN_30233612079B4863,2026-06-03 00:52:51.016910+00:00,ACC_00914,54.6,pharmacy,0,0,0
TXN_60AB50740FAD474F,2026-06-03 01:37:26.016910+00:00,ACC_00484,15.49,fuel,0,0,0
TXN_EEBE0A8E5AAD40E0,2026-06-03 02:52:14.016910+00:00,ACC_00676,36.24,electronics,0,0,0
TXN_A2ACC71462F54A80,2026-06-03 03:07:31.016910+00:00,ACC_00468,43.41,online_services,0,0,0
TXN_76FC1ED197C54E85,2026-06-03 03:32:16.016910+00:00,ACC_00134,61.03,other,0,0,0
TXN_3EBC92A80BBB4B86,2026-06-03 04:30:30.016910+00:00,ACC_00984,74.39,grocery,0,0,0
TXN_4E721168A3EA4396,2026-06-03 04:32:36.016910+00:00,ACC_00075,223.45,grocery,0,0,0
TXN_3F46B44E335D4815,2026-06-03 04:33:30.016910+00:00,ACC_00427,14.06,fuel,0,0,0
TXN_8F98D32F68754CDD,2026-06-03 04:50:38.016910+00:00,ACC_00427,13.42,restaurant,0,1,0
TXN_4213B447F7584419,2026-06-03 04:54:22.016910+00:00,ACC_00427,249.3,gaming,0,2,0
TXN_0B39A817733D406F,2026-06-03 04:58:12.016910+00:00,ACC_00427,333.74,travel,0,3,0
TXN_10993608BF5C4DD4,2026-06-03 05:08:37.016910+00:00,ACC_00427,27.82,pharmacy,0,4,0
TXN_4B5D10AF6F6C496B,2026-06-03 05:11:34.016910+00:00,ACC_00427,314.72,hotel,0,5,0
TXN_1B25C92926874B25,2026-06-03 05:52:56.016910+00:00,ACC_00739,50.36,travel,0,0,0
TXN_B8DD6499658D44C4,2026-06-03 06:49:30.016910+00:00,ACC_00470,166.58,jewelry,0,0,0
TXN_2A2FB539247D4EB8,2026-06-03 06:51:31.016910+00:00,ACC_00470,3.37,clothing,0,1,0
TXN_EFEC9CB403554603,2026-06-03 07:00:06.016910+00:00,ACC_00470,36.32,pharmacy,0,2,0
TXN_76D90F3B55E74DD1,2026-06-03 07:01:44.016910+00:00,ACC_00470,75.02,electronics,0,3,0
TXN_4E70308CBF414211,2026-06-03 07:25:34.016910+00:00,ACC_00470,30.97,gaming,0,4,0
TXN_00362FF527DB44CB,2026-06-03 07:42:55.016910+00:00,ACC_00470,100.94,other,0,5,0
TXN_13B7B2DECBA640D8,2026-06-03 08:28:36.016910+00:00,ACC_00470,135.48,other,0,1,0
TXN_F4E50663A6D84772,2026-06-03 08:31:13.016910+00:00,ACC_00585,68.13,hotel,0,0,0
TXN_AF3D152829724E72,2026-06-03 08:53:10.016910+00:00,ACC_00846,30.24,electronics,0,0,0
TXN_55C25232D9174458,2026-06-03 09:29:09.016910+00:00,ACC_00015,15000.0,travel,1,5,0
TXN_2B5A86E104C24D70,2026-06-03 10:17:35.016910+00:00,ACC_00831,32.33,jewelry,0,0,0
TXN_B7A4828B34874F54,2026-06-03 10:40:14.016910+00:00,ACC_00751,253.78,other,0,0,0
TXN_858C23C87049448A,2026-06-03 10:55:27.016910+00:00,ACC_00594,70.96,grocery,0,0,0
TXN_63E6E612F9204A93,2026-06-03 11:20:17.016910+00:00,ACC_00036,322.94,jewelry,0,0,0
TXN_4FDA1A34664C4B61,2026-06-03 11:37:11.016910+00:00,ACC_00689,21.21,fuel,0,0,0
TXN_0FAC752CDA614FD5,2026-06-03 11:40:23.016910+00:00,ACC_00420,60.29,electronics,0,0,0
TXN_A68EA24C82834CA9,2026-06-03 11:47:46.016910+00:00,ACC_00818,350.59,travel,0,0,0
TXN_F6CC51B5A1564AE5,2026-06-03 11:55:49.016910+00:00,ACC_00438,23.01,hotel,0,0,0
TXN_8CFDED9EF54944D1,2026-06-03 12:08:27.016910+00:00,ACC_00165,28.31,online_services,0,0,0
TXN_D76EB6ABB9C449D4,2026-06-03 12:36:53.016910+00:00,ACC_00359,146.63,clothing,0,0,0
TXN_5F7929BE2C844891,2026-06-03 12:46:39.016910+00:00,ACC_00359,24.74,grocery,0,1,0
TXN_3337A227943A46F4,2026-06-03 12:56:21.016910+00:00,ACC_00359,86.58,clothing,0,2,0
TXN_81221CE7E7AD48C5,2026-06-03 13:02:48.016910+00:00,ACC_00359,28.86,pharmacy,0,3,0
TXN_7CF8AE6570E14D50,2026-06-03 14:25:39.016910+00:00,ACC_00949,3.65,online_services,1,0,1
TXN_862453FC9F1E4B47,2026-06-03 14:38:01.016910+00:00,ACC_00473,115.63,travel,0,0,0
TXN_4FB620CCC2414E3C,2026-06-03 15:53:32.016910+00:00,ACC_00344,110.58,hotel,0,0,0
TXN_BAE46EFF62B249BF,2026-06-03 16:06:12.016910+00:00,ACC_00344,43.04,other,0,1,0
TXN_6A4B7086AB574579,2026-06-03 16:24:33.016910+00:00,ACC_00344,69.63,jewelry,0,2,0
TXN_6BA3364B66CA4F6D,2026-06-03 17:13:25.016910+00:00,ACC_00344,30.44,grocery,0,1,0
TXN_8486631059B64240,2026-06-03 17:15:51.016910+00:00,ACC_00344,7.64,clothing,0,2,0
TXN_55349FAA7D7449FE,2026-06-03 17:26:58.016910+00:00,ACC_00344,31.51,clothing,0,2,0
TXN_3A74189AE51B4BD2,2026-06-03 17:30:27.016910+00:00,ACC_00344,260.54,travel,0,3,0
TXN_7FA39B3D3732476B,2026-06-03 17:48:10.016910+00:00,ACC_00344,166.5,fuel,0,4,0
TXN_94B7C3AE0D64489C,2026-06-03 18:11:02.016910+00:00,ACC_00477,175.97,clothing,0,0,0
TXN_74CEE547D4B64126,2026-06-03 18:49:35.016910+00:00,ACC_00594,13.79,grocery,0,0,0
TXN_0E9AD80B8BEE4FAD,2026-06-03 18:53:00.016910+00:00,ACC_00786,13.17,other,1,0,0
TXN_E69BC3CB3DDF4D3C,2026-06-03 19:50:51.016910+00:00,ACC_00146,151.39,travel,1,0,0
TXN_C0EDD06416E74DA5,2026-06-03 20:28:33.016910+00:00,ACC_00274,46.78,clothing,0,0,0
TXN_3C963C697C204498,2026-06-03 20:30:01.016910+00:00,ACC_00642,356.89,jewelry,0,0,0
TXN_C0DD43BC236642E6,2026-06-03 20:31:28.016910+00:00,ACC_00785,56.24,electronics,0,0,0
TXN_130FC392CB1145FB,2026-06-03 21:38:54.016910+00:00,ACC_00945,48.14,clothing,0,0,0
TXN_FDF95B186CD94953,2026-06-03 23:14:34.016910+00:00,ACC_00945,30.5,pharmacy,0,0,0
TXN_94BC30A02F344A27,2026-06-03 23:14:37.016910+00:00,ACC_00945,18.05,restaurant,0,1,0
TXN_F2AACE3C18814AF5,2026-06-03 23:37:52.016910+00:00,ACC_00945,43.45,jewelry,0,2,0
TXN_3BD59FD1EEA5407B,2026-06-03 23:43:11.016910+00:00,ACC_00945,256.64,travel,0,3,0
TXN_17EDFEC5701C4773,2026-06-04 00:26:47.016910+00:00,ACC_00945,60.96,other,0,2,0
TXN_33DDB10174B940E4,2026-06-04 00:33:18.016910+00:00,ACC_00945,66.1,pharmacy,0,3,0
TXN_0DA21F7610284E62,2026-06-04 01:40:37.016910+00:00,ACC_00685,350.27,travel,0,0,0
TXN_79CE278D32B34EA8,2026-06-04 02:00:03.016910+00:00,ACC_00844,28.09,pharmacy,0,0,0
TXN_217ADFF5D5EC42B0,2026-06-04 02:05:48.016910+00:00,ACC_00543,92.99,clothing,0,0,0
TXN_4E41A866FDAE4D73,2026-06-04 02:07:07.016910+00:00,ACC_00570,195.52,gaming,0,0,0
TXN_ACECE3EAABB84D6C,2026-06-04 03:03:49.016910+00:00,ACC_00622,209.5,pharmacy,0,0,0
TXN_2000B207AE6D47CB,2026-06-04 03:05:14.016910+00:00,ACC_00083,47.85,grocery,0,0,0
TXN_093DF12FCC494778,2026-06-04 03:18:26.016910+00:00,ACC_00776,44.22,pharmacy,0,0,0
TXN_5E411ACB6BAB4A45,2026-06-04 03:46:57.016910+00:00,ACC_00083,67.24,other,0,1,0
TXN_2CD897F3BBBF463A,2026-06-04 03:59:37.016910+00:00,ACC_00445,86.1,other,0,0,0
TXN_51EEBEA95BA3432C,2026-06-04 04:11:35.016910+00:00,ACC_00038,106.96,online_services,0,0,0
TXN_914353062EB34588,2026-06-04 04:27:39.016910+00:00,ACC_00096,52.7,gaming,0,0,0
TXN_DA2DEBCF3C4349EA,2026-06-04 04:46:33.016910+00:00,ACC_00573,325.02,other,0,0,0
TXN_F7A63C57E5964E3E,2026-06-04 05:09:36.016910+00:00,ACC_00541,12975.76,travel,0,0,0
TXN_DDE2FB74FD454489,2026-06-04 05:19:17.016910+00:00,ACC_00411,33.09,pharmacy,0,0,0
TXN_64668D6333724C7E,2026-06-04 05:44:39.016910+00:00,ACC_00425,43.87,gaming,0,0,0
TXN_517864440BB64FA5,2026-06-04 06:03:15.016910+00:00,ACC_00008,26.97,gaming,0,0,0
TXN_1E770E2109B64BE7,2026-06-04 06:47:10.016910+00:00,ACC_00371,54.51,pharmacy,0,0,0
TXN_2EC12204021B463A,2026-06-04 06:48:42.016910+00:00,ACC_00526,27.34,grocery,0,0,0
TXN_95802743F9554BA2,2026-06-04 06:54:34.016910+00:00,ACC_00679,25.86,online_services,0,0,0
TXN_93626B76CA2D471D,2026-06-04 07:24:49.016910+00:00,ACC_00700,177.73,electronics,0,0,0
TXN_8FA7F6D165754C7D,2026-06-04 07:41:46.016910+00:00,ACC_00210,37.58,electronics,0,0,0
TXN_C85825561E064A10,2026-06-04 08:15:25.016910+00:00,ACC_00518,108.96,gaming,0,0,0
TXN_0BCA99D7B3A5442B,2026-06-04 08:15:43.016910+00:00,ACC_00401,74.02,gaming,0,0,0
TXN_73B8F189923A46D1,2026-06-04 08:19:13.016910+00:00,ACC_00401,1024.44,jewelry,0,1,0
TXN_A25A620DA8B94F1B,2026-06-04 08:50:34.016910+00:00,ACC_00401,69.57,other,0,2,0
TXN_7B006DCDEBA74B48,2026-06-04 08:56:23.016910+00:00,ACC_00401,75.49,fuel,0,3,0
TXN_456A6DDCEA5A4C54,2026-06-04 09:05:48.016910+00:00,ACC_00788,4.79,gaming,0,0,0
TXN_C14CE2795C1549AD,2026-06-04 09:06:18.016910+00:00,ACC_00366,73.89,pharmacy,0,0,0
TXN_AC2F2E75AAB841A6,2026-06-04 09:38:21.016910+00:00,ACC_00815,107.16,pharmacy,0,0,0
TXN_379987D62EBD4E4D,2026-06-04 10:37:58.016910+00:00,ACC_00815,43.63,fuel,0,1,0
TXN_1239D9E3AF0B464C,2026-06-04 11:00:02.016910+00:00,ACC_00815,20.09,pharmacy,0,1,0
TXN_6FCD2476F01D4647,2026-06-04 11:02:29.016910+00:00,ACC_00815,177.9,travel,0,2,0
TXN_7C65142B10ED496B,2026-06-04 11:36:17.016910+00:00,ACC_00815,340.08,travel,0,3,0
TXN_F0448E38C2AC4E44,2026-06-04 11:54:06.016910+00:00,ACC_00815,390.75,travel,0,3,0
TXN_688A6CCFE896411D,2026-06-04 12:15:54.016910+00:00,ACC_00815,9.85,clothing,0,2,0
TXN_90C47C8F3CB24881,2026-06-04 12:51:39.016910+00:00,ACC_00815,863.67,other,0,2,0
TXN_E3854BAC2F164AD9,2026-06-04 13:10:07.016910+00:00,ACC_00134,25.98,gaming,0,0,0
TXN_FB2F88A7C02F4AD3,2026-06-04 13:33:24.016910+00:00,ACC_00941,439.15,jewelry,0,0,0
TXN_505055D0160044DF,2026-06-04 13:33:28.016910+00:00,ACC_00758,101.02,restaurant,0,0,0
TXN_19DAD3547B7D4D33,2026-06-04 14:00:29.016910+00:00,ACC_00243,126.15,travel,0,0,0
TXN_FBFA66AE67424F0C,2026-06-04 14:37:00.016910+00:00,ACC_00840,326.29,hotel,0,0,0
TXN_AC250A519ECF47B6,2026-06-04 14:53:07.016910+00:00,ACC_00765,21.73,electronics,0,0,0
TXN_AF78C288095241B7,2026-06-04 15:17:03.016910+00:00,ACC_00606,5.52,fuel,0,0,0
TXN_0646C906798F497B,2026-06-04 16:16:42.016910+00:00,ACC_00170,152.86,clothing,0,0,0
TXN_429E2D0F0D0E47E3,2026-06-04 16:32:48.016910+00:00,ACC_00542,296.11,hotel,0,0,0
TXN_45959707265F4060,2026-06-04 16:37:32.016910+00:00,ACC_00703,380.12,grocery,0,0,0
TXN_0F13CE9804EB4E81,2026-06-04 16:39:34.016910+00:00,ACC_00534,72.25,clothing,0,0,0
TXN_190B61A7F7F049D7,2026-06-04 17:04:56.016910+00:00,ACC_00391,341.24,travel,0,0,0
TXN_5F8FDD7D76244D8A,2026-06-04 18:33:23.016910+00:00,ACC_00266,225.22,online_services,0,0,0
TXN_5A7EA5DC790F4DDD,2026-06-04 18:40:45.016910+00:00,ACC_00760,146.56,fuel,0,0,0
TXN_E0D6AA8A22DB499A,2026-06-04 19:57:03.016910+00:00,ACC_00046,48.0,clothing,0,0,0
TXN_654B9CAA2CBB428B,2026-06-04 20:31:02.016910+00:00,ACC_00321,281.98,jewelry,0,0,0
TXN_D121943E878F4671,2026-06-04 21:06:26.016910+00:00,ACC_00719,27.11,pharmacy,0,0,0
TXN_023A440337AC4A55,2026-06-04 21:08:29.016910+00:00,ACC_00719,80.01,hotel,0,1,0
TXN_440BD21F0AD44967,2026-06-04 21:35:06.016910+00:00,ACC_00719,244.77,electronics,0,2,0
TXN_4A3B4DD11F3D48CD,2026-06-04 22:05:27.016910+00:00,ACC_00719,962.53,fuel,0,3,0
TXN_E44F4C3D24F34EF1,2026-06-04 22:07:02.016910+00:00,ACC_00719,85.46,grocery,1,3,0
TXN_40D88EEAC5DC4061,2026-06-04 22:27:56.016910+00:00,ACC_00719,40.32,online_services,0,3,0
TXN_38A6D4306A2A44A0,2026-06-04 22:46:14.016910+00:00,ACC_00719,40.45,grocery,0,3,0
TXN_97E1067962284A27,2026-06-04 22:51:51.016910+00:00,ACC_00719,20.16,online_services,0,4,0
TXN_F6D3E09BA5E14FCD,2026-06-04 23:05:34.016910+00:00,ACC_00573,95.01,gaming,0,0,0
TXN_690E88A16E714303,2026-06-04 23:23:38.016910+00:00,ACC_00573,9.31,clothing,0,1,0
TXN_A0F93C7748BE439E,2026-06-05 00:00:51.016910+00:00,ACC_00573,123.93,grocery,0,2,0
TXN_E5D7E965D1E84B44,2026-06-05 00:07:25.016910+00:00,ACC_00573,303.6,pharmacy,0,2,0
TXN_186CFF5F087D4450,2026-06-05 00:30:21.016910+00:00,ACC_00951,238.96,jewelry,0,0,0
TXN_4C7216000EF24300,2026-06-05 01:47:15.016910+00:00,ACC_00505,228.87,jewelry,0,0,0
TXN_8C86FF19E207484E,2026-06-05 02:03:24.016910+00:00,ACC_00505,10.69,gaming,0,1,0
TXN_A26AAD3ABBA34DB4,2026-06-05 02:20:53.016910+00:00,ACC_00505,137.42,jewelry,0,2,0
TXN_48E8A901C333441A,2026-06-05 03:44:59.016910+00:00,ACC_00505,276.18,hotel,0,0,0
TXN_DDAD277E26D74999,2026-06-05 03:48:02.016910+00:00,ACC_00615,320.73,electronics,0,0,0
TXN_B45166BCE5AA4488,2026-06-05 04:06:26.016910+00:00,ACC_00077,168.48,travel,0,0,0
TXN_6DDEB7EC26964326,2026-06-05 05:18:40.016910+00:00,ACC_00577,323.84,travel,0,0,0
TXN_9E144D5808EF435E,2026-06-05 05:44:20.016910+00:00,ACC_00219,15.39,pharmacy,0,0,0
TXN_60ED37B57DA748B8,2026-06-05 05:48:59.016910+00:00,ACC_00535,58.76,fuel,0,0,0
TXN_A46AFEDFFA1948C6,2026-06-05 06:51:53.016910+00:00,ACC_00398,116.43,restaurant,0,0,0
TXN_AE6E5560CE8D4C1C,2026-06-05 07:06:13.016910+00:00,ACC_00927,101.48,other,1,0,1
TXN_948FD8C2F6ED4C7D,2026-06-05 07:30:07.016910+00:00,ACC_00398,552.74,hotel,0,1,0
TXN_3732D957FEB94429,2026-06-05 07:46:54.016910+00:00,ACC_00096,143.29,restaurant,0,0,0
TXN_EDA186B8D67945ED,2026-06-05 08:13:36.016910+00:00,ACC_00556,53.71,pharmacy,0,0,0
TXN_F99AC4201396434E,2026-06-05 08:19:33.016910+00:00,ACC_00556,2.65,clothing,0,1,0
TXN_C51E337F91EA446C,2026-06-05 08:30:11.016910+00:00,ACC_00556,141.04,clothing,0,2,0
TXN_031583BD763242AC,2026-06-05 09:49:25.016910+00:00,ACC_00556,17.26,other,0,0,0
TXN_FD24118A3BC74C47,2026-06-05 10:18:51.016910+00:00,ACC_00139,4.45,clothing,0,0,0
TXN_EF2BCFC0460E4A01,2026-06-05 10:54:24.016910+00:00,ACC_00139,7.35,gaming,0,1,0
TXN_5B3B12A6DBA74927,2026-06-05 11:23:54.016910+00:00,ACC_00139,135.34,gaming,0,1,0
TXN_F67CCF9509C9458E,2026-06-05 11:42:48.016910+00:00,ACC_00139,72.2,gaming,0,2,0
TXN_F829DB0D51F2498D,2026-06-05 11:45:12.016910+00:00,ACC_00139,48.45,fuel,0,3,0
TXN_396A815D807C4A7B,2026-06-05 11:45:12.016910+00:00,ACC_00032,49.68,restaurant,0,0,0
TXN_0499296D8A9945B2,2026-06-05 12:31:38.016910+00:00,ACC_00812,38.68,jewelry,0,0,0
TXN_6311B19008834F1A,2026-06-05 12:39:00.016910+00:00,ACC_00965,180.0,jewelry,0,0,0
TXN_32127BB07CCA428A,2026-06-05 12:56:18.016910+00:00,ACC_00827,20.77,grocery,0,0,0
TXN_1FE0AE9DA1E34179,2026-06-05 13:36:47.016910+00:00,ACC_00512,160.16,travel,0,0,0
TXN_A44B81131A48433B,2026-06-05 13:52:32.016910+00:00,ACC_00280,132.67,hotel,0,0,0
TXN_C944974290EB4B4C,2026-06-05 13:53:13.016910+00:00,ACC_00840,76.05,gaming,0,0,0
TXN_596400F7A85A4665,2026-06-05 14:09:41.016910+00:00,ACC_00931,77.47,grocery,0,0,0
TXN_AFBB07CE458A479B,2026-06-05 14:14:50.016910+00:00,ACC_00269,7.05,fuel,0,0,0
TXN_AE9600A4F6D34607,2026-06-05 14:55:46.016910+00:00,ACC_00560,91.17,hotel,0,0,0
TXN_A2D9C05211554537,2026-06-05 15:46:18.016910+00:00,ACC_00623,28.03,restaurant,0,0,0
TXN_68C73F2639FF40F0,2026-06-05 16:08:11.016910+00:00,ACC_00298,13.48,online_services,0,0,0
TXN_305CD5BF73724B03,2026-06-05 16:59:46.016910+00:00,ACC_00442,13.85,clothing,0,0,0
TXN_AC1DDCF35B3741C2,2026-06-05 17:13:57.016910+00:00,ACC_00416,7.39,gaming,0,0,0
TXN_D6C2745DD1B648B2,2026-06-05 17:20:48.016910+00:00,ACC_00046,10.9,online_services,0,0,0
TXN_B6A67C27BE564988,2026-06-05 17:47:57.016910+00:00,ACC_00046,102.96,online_services,0,1,0
TXN_4630E6FE7A504885,2026-06-05 17:58:05.016910+00:00,ACC_00046,46.07,jewelry,0,2,0
TXN_82582E19802A4FBA,2026-06-05 19:10:25.016910+00:00,ACC_00046,7.93,pharmacy,0,0,0
TXN_A6605962C7244C72,2026-06-05 19:22:12.016910+00:00,ACC_00046,43.05,fuel,0,1,0
TXN_F841094EFBC143A5,2026-06-05 19:22:38.016910+00:00,ACC_00046,83.59,other,0,2,0
TXN_8F96D9BEA9A54853,2026-06-05 20:01:09.016910+00:00,ACC_00316,108.76,electronics,0,0,0
TXN_0886B976D5E641CB,2026-06-05 20:46:11.016910+00:00,ACC_00609,11.91,pharmacy,0,0,0
TXN_B3026681E3234D94,2026-06-05 21:24:44.016910+00:00,ACC_00379,12.54,online_services,0,0,0
TXN_DACFAF16792E47FC,2026-06-05 21:43:53.016910+00:00,ACC_00162,47.88,online_services,0,0,0
TXN_B62F441CBA394EA3,2026-06-05 22:12:30.016910+00:00,ACC_00162,2022.26,electronics,0,1,0
TXN_BEE5F209968A44BF,2026-06-05 22:17:28.016910+00:00,ACC_00162,97.67,hotel,0,2,0
TXN_247AF6BC3C7F42AE,2026-06-05 22:26:47.016910+00:00,ACC_00162,516.3,grocery,0,3,0
TXN_E9DCE48CD42F4BFC,2026-06-05 23:21:24.016910+00:00,ACC_00162,306.82,travel,0,1,0
TXN_EE28432A3DB04429,2026-06-05 23:44:01.016910+00:00,ACC_00162,22.93,restaurant,0,1,0
TXN_7D3EDDE4BEF6461B,2026-06-06 00:23:31.016910+00:00,ACC_00154,14.53,other,0,0,0
TXN_063CC61418ED4635,2026-06-06 01:26:33.016910+00:00,ACC_00154,34.44,clothing,0,0,0
TXN_E38CDE0E11584BC5,2026-06-06 01:59:18.016910+00:00,ACC_00154,65.47,fuel,0,1,0
TXN_4D07DC240B754F59,2026-06-06 02:16:17.016910+00:00,ACC_00154,38.95,clothing,0,2,0
TXN_E739AF5CBECF416D,2026-06-06 02:38:34.016910+00:00,ACC_00154,91.84,other,0,2,0
TXN_5AE888954EE443A9,2026-06-06 03:45:05.016910+00:00,ACC_00154,223.69,electronics,0,0,0
TXN_F6325D31A32D4645,2026-06-06 04:13:34.016910+00:00,ACC_00911,46.01,other,0,0,0
TXN_10D3BCE111B3490C,2026-06-06 04:44:28.016910+00:00,ACC_00657,135.34,travel,0,0,0
TXN_C7EAE34930BD4BE0,2026-06-06 07:36:25.016910+00:00,ACC_00809,36.68,clothing,0,0,0
TXN_A04FD2285F734749,2026-06-06 07:47:09.016910+00:00,ACC_00698,75.15,online_services,0,0,0
TXN_1B9FB88F7EFE4B0B,2026-06-06 08:47:46.016910+00:00,ACC_00155,98.95,travel,0,0,0
TXN_BA4C7B7601C04032,2026-06-06 09:20:59.016910+00:00,ACC_00438,169.7,electronics,0,0,0
TXN_65F9CF9B71F448B5,2026-06-06 11:04:06.016910+00:00,ACC_00580,67.42,other,0,0,0
TXN_D07C40359AB94B23,2026-06-06 11:33:33.016910+00:00,ACC_00984,6.4,fuel,0,0,0
TXN_1CB2EEBA18A64B1D,2026-06-06 11:48:10.016910+00:00,ACC_00984,179.34,hotel,0,1,0
TXN_338DF7B5A49B4627,2026-06-06 12:14:36.016910+00:00,ACC_00984,43.04,fuel,0,2,0
TXN_1F7E96117A484739,2026-06-06 12:33:15.016910+00:00,ACC_00984,148.03,online_services,0,3,0
TXN_DE82AA1188D34FF2,2026-06-06 12:41:01.016910+00:00,ACC_00984,35.07,hotel,0,3,0
TXN_6A4B83E1182B40B7,2026-06-06 13:05:35.016910+00:00,ACC_00984,171.28,travel,0,3,0
TXN_E86BFBA12FE44AB7,2026-06-06 13:15:13.016910+00:00,ACC_00984,34.6,other,0,3,0
TXN_B5706D8CE62E4719,2026-06-06 13:31:01.016910+00:00,ACC_00984,20.03,hotel,0,4,0
TXN_E5F5C63D600641EA,2026-06-06 14:27:22.016910+00:00,ACC_00330,3.87,restaurant,0,0,0
TXN_8FAB3876F3774073,2026-06-06 15:18:45.016910+00:00,ACC_00571,921.77,jewelry,0,0,0
TXN_11D334F689E64B37,2026-06-06 15:25:56.016910+00:00,ACC_00345,274.92,jewelry,0,0,0
TXN_A12754EE82E14B8C,2026-06-06 15:59:04.016910+00:00,ACC_00163,35.65,online_services,0,0,0
TXN_6B103A2E8EA04E38,2026-06-06 17:27:37.016910+00:00,ACC_00163,12.46,other,0,0,0
TXN_B62B7D56C76443F2,2026-06-06 17:30:54.016910+00:00,ACC_00163,171.97,online_services,0,1,0
TXN_0951DD9AC9194D34,2026-06-06 17:35:40.016910+00:00,ACC_00163,21.6,online_services,0,2,0
TXN_FB261B0DF5F6474D,2026-06-06 19:19:53.016910+00:00,ACC_00163,57.58,online_services,0,0,0
TXN_1C09FE8BEA614CAF,2026-06-06 19:22:29.016910+00:00,ACC_00163,53.25,clothing,0,1,0
TXN_7FCD1B99129A4BA1,2026-06-06 19:33:57.016910+00:00,ACC_00195,248.15,fuel,0,0,0
TXN_EC4AD84A8C764F40,2026-06-06 19:52:20.016910+00:00,ACC_00195,132.21,travel,0,1,0
TXN_F12E3B1669804C3A,2026-06-06 20:15:32.016910+00:00,ACC_00195,81.61,travel,0,2,0
TXN_053E30CB317B4E61,2026-06-06 20:28:12.016910+00:00,ACC_00195,48.83,fuel,0,3,0
TXN_4DDD86675A6B4D6A,2026-06-06 20:38:15.016910+00:00,ACC_00195,62.0,gaming,0,3,0
TXN_2CC5EBEDCA624496,2026-06-06 20:41:24.016910+00:00,ACC_00361,1905.84,travel,0,0,0
TXN_81AB46B7F32E4454,2026-06-06 21:13:56.016910+00:00,ACC_00815,41.63,online_services,0,0,0
TXN_8CD07A96E78342CE,2026-06-06 21:26:45.016910+00:00,ACC_00233,15.33,clothing,0,0,0
TXN_63B2C93119574467,2026-06-06 21:33:34.016910+00:00,ACC_00169,30.45,gaming,0,0,0
TXN_5C5E507EE06B4081,2026-06-06 22:22:41.016910+00:00,ACC_00765,41.76,pharmacy,0,0,0
TXN_E3F37F51A8C540F9,2026-06-06 22:30:53.016910+00:00,ACC_00509,82.97,other,0,0,0
TXN_E735DC46C9144F47,2026-06-06 23:06:02.016910+00:00,ACC_00424,11.51,other,0,0,0
TXN_F0298C31B39C49C8,2026-06-06 23:25:05.016910+00:00,ACC_00488,23.81,grocery,0,0,0
TXN_1395CD44A9564B78,2026-06-07 00:18:46.016910+00:00,ACC_00134,263.61,gaming,0,0,0
TXN_6BD4849A8F44432F,2026-06-07 00:36:26.016910+00:00,ACC_00134,15.76,fuel,0,1,0
TXN_448F489EC2C94D05,2026-06-07 00:40:50.016910+00:00,ACC_00134,314.51,travel,0,2,0
TXN_5B0B073C057D4F57,2026-06-07 01:03:16.016910+00:00,ACC_00134,35.35,clothing,0,3,0
TXN_7CF6C13D0AB54B2A,2026-06-07 02:29:00.016910+00:00,ACC_00134,44.02,gaming,0,0,0
TXN_064B7F9D81034E4C,2026-06-07 02:38:09.016910+00:00,ACC_00134,10.21,online_services,0,1,0
TXN_53CB4F47602B4A24,2026-06-07 03:10:31.016910+00:00,ACC_00134,107.36,travel,0,2,0
TXN_4C356ADBCF4848A3,2026-06-07 04:02:02.016910+00:00,ACC_00134,275.06,jewelry,0,1,0
TXN_E669BF6F8627423A,2026-06-07 04:15:22.016910+00:00,ACC_00471,42.13,online_services,0,0,0
TXN_8B9B9FA5960E429F,2026-06-07 04:16:18.016910+00:00,ACC_00395,91.06,hotel,0,0,0
TXN_AE66AB97ADCE4032,2026-06-07 04:40:25.016910+00:00,ACC_00735,377.71,jewelry,0,0,0
TXN_5A47EAB2C3B94167,2026-06-07 05:59:56.016910+00:00,ACC_00807,62.53,jewelry,0,0,0
TXN_1B84A222031C49C6,2026-06-07 06:45:05.016910+00:00,ACC_00880,50.39,fuel,0,0,0
TXN_E5A897D046DC4A1B,2026-06-07 07:01:45.016910+00:00,ACC_00810,5.8,online_services,0,0,0
TXN_22D9DEE8DB224744,2026-06-07 07:26:05.016910+00:00,ACC_00614,116.91,grocery,0,0,0
TXN_AB3F6337F09F4C68,2026-06-07 07:33:36.016910+00:00,ACC_00601,32.9,fuel,0,0,0
TXN_0EDF7A30728D4683,2026-06-07 07:40:40.016910+00:00,ACC_00412,81.97,fuel,0,0,0
TXN_806471C36E664C76,2026-06-07 08:40:30.016910+00:00,ACC_00238,9.87,travel,0,0,0
TXN_54CF84DF5FF741D0,2026-06-07 09:05:27.016910+00:00,ACC_00238,402.71,jewelry,0,1,0
TXN_77E580BDB3BD4335,2026-06-07 09:13:47.016910+00:00,ACC_00238,104.63,jewelry,0,2,0
TXN_4F5B9DFA74014973,2026-06-07 09:28:17.016910+00:00,ACC_00238,38.76,fuel,0,3,0
TXN_03326BCA72774C94,2026-06-07 10:16:47.016910+00:00,ACC_00238,51.17,restaurant,0,1,0
TXN_4C72E5121EBB4113,2026-06-07 10:45:32.016910+00:00,ACC_00571,40.5,online_services,1,0,0
TXN_A5CCC7FC0C744956,2026-06-07 11:01:45.016910+00:00,ACC_00961,63.26,fuel,0,0,0
TXN_A60D54192CE04C0C,2026-06-07 11:03:21.016910+00:00,ACC_00706,79.64,hotel,0,0,0
TXN_75030B16608949C1,2026-06-07 11:24:53.016910+00:00,ACC_00840,109.21,pharmacy,0,0,0
TXN_D1A6796D3E1745C3,2026-06-07 11:55:31.016910+00:00,ACC_00076,37.5,online_services,0,0,0
TXN_063FBB0D4C3145CF,2026-06-07 12:43:14.016910+00:00,ACC_00782,43.0,clothing,0,0,0
TXN_0621E637C0104963,2026-06-07 13:19:09.016910+00:00,ACC_00182,38.9,online_services,0,0,0
TXN_0471C15608794DE7,2026-06-07 13:23:46.016910+00:00,ACC_00582,215.71,jewelry,0,0,0
TXN_EE0D08FD0D3842B6,2026-06-07 13:48:16.016910+00:00,ACC_00092,13.03,gaming,0,0,0
TXN_E0435A2EDF434291,2026-06-07 14:11:09.016910+00:00,ACC_00569,13.14,pharmacy,0,0,0
TXN_1329E6E36E10413A,2026-06-07 14:13:11.016910+00:00,ACC_00569,108.96,online_services,0,1,0
TXN_70D814251BD14675,2026-06-07 14:13:22.016910+00:00,ACC_00569,81.92,grocery,0,2,0
TXN_26E7E0B5C8584C71,2026-06-07 14:19:46.016910+00:00,ACC_00569,218.83,hotel,1,3,0
TXN_771855ABC29A4134,2026-06-07 14:48:24.016910+00:00,ACC_00569,65.89,gaming,0,4,0
TXN_7E37A40D55EC4E6F,2026-06-07 15:18:51.016910+00:00,ACC_00569,83.22,travel,0,2,0
TXN_E3833535738C4D44,2026-06-07 15:28:01.016910+00:00,ACC_00569,75.78,travel,0,2,0
TXN_300D5C4D380F4034,2026-06-07 15:32:00.016910+00:00,ACC_00569,41.44,gaming,0,3,0
TXN_4399341E489B4F29,2026-06-07 15:37:55.016910+00:00,ACC_00538,80.05,restaurant,0,0,0
TXN_26072230B0004798,2026-06-07 17:08:58.016910+00:00,ACC_00844,52.02,online_services,1,0,0
TXN_3E48D6C49C344360,2026-06-07 17:23:00.016910+00:00,ACC_00675,10.48,restaurant,0,0,0
TXN_9DD780698EA84B91,2026-06-07 17:23:38.016910+00:00,ACC_00678,9.51,fuel,0,0,0
TXN_5DFAA1A6D2114BCB,2026-06-07 17:41:27.016910+00:00,ACC_00683,96.73,online_services,0,0,0
TXN_1CCBE540EACA460B,2026-06-07 18:27:51.016910+00:00,ACC_00122,199.53,clothing,0,0,0
TXN_0558A4F10C4E433C,2026-06-07 19:03:50.016910+00:00,ACC_00122,22.09,electronics,0,1,0
TXN_9092E4991A19493D,2026-06-07 19:17:12.016910+00:00,ACC_00122,100.15,gaming,0,2,0
TXN_C70B40038E4D4967,2026-06-07 19:23:35.016910+00:00,ACC_00122,160.91,hotel,0,3,0
TXN_2B82F790058F451B,2026-06-07 19:27:02.016910+00:00,ACC_00122,15.23,pharmacy,0,4,1
TXN_676355FD358D4272,2026-06-07 19:33:32.016910+00:00,ACC_00201,52.69,online_services,0,0,0
TXN_93F8DC69F4E041C9,2026-06-07 19:59:00.016910+00:00,ACC_00316,9.08,restaurant,0,0,0
TXN_DEB04F5E83134288,2026-06-07 20:06:56.016910+00:00,ACC_00641,43.61,other,0,0,0
TXN_AF69D25735704DE1,2026-06-07 20:11:00.016910+00:00,ACC_00601,109.09,hotel,0,0,0
TXN_8177366D97C54845,2026-06-07 20:22:42.016910+00:00,ACC_00657,126.06,fuel,1,0,0
TXN_C50E059392D44437,2026-06-07 20:49:00.016910+00:00,ACC_00620,83.35,hotel,0,0,0
TXN_6690D67069BC40A7,2026-06-07 20:51:04.016910+00:00,ACC_00850,22.34,gaming,0,0,0
TXN_0BF0233A86DF45FA,2026-06-07 20:58:57.016910+00:00,ACC_00200,52.21,fuel,0,0,0
TXN_D9EA8B195A654997,2026-06-07 21:30:50.016910+00:00,ACC_00392,74.26,online_services,0,0,0
TXN_D30423D431E34BE9,2026-06-07 21:33:01.016910+00:00,ACC_00822,54.06,hotel,0,0,0
TXN_5CC7E486E47D4D71,2026-06-07 21:52:26.016910+00:00,ACC_00754,16.22,online_services,0,0,0
TXN_70A8569525234B16,2026-06-07 21:56:21.016910+00:00,ACC_00839,54.49,travel,0,0,0
TXN_F0A195E3BB0D45D1,2026-06-07 22:00:55.016910+00:00,ACC_00863,180.79,other,0,0,0
TXN_526DE036A8E7487D,2026-06-07 22:02:01.016910+00:00,ACC_00885,62.16,grocery,0,0,0
TXN_2D948DC74F544E2D,2026-06-07 23:18:24.016910+00:00,ACC_00374,31.36,online_services,0,0,0
TXN_2D51D11A9BFF47DE,2026-06-07 23:22:53.016910+00:00,ACC_00280,149.58,other,0,0,0
TXN_370A3251CFF745D6,2026-06-07 23:35:58.016910+00:00,ACC_00658,53.69,hotel,0,0,0
TXN_723D0FE36A2744CE,2026-06-08 00:33:09.016910+00:00,ACC_00358,34.93,grocery,0,0,0
TXN_2B2F24C0BB354EBD,2026-06-08 01:45:57.016910+00:00,ACC_00236,15000.0,travel,1,5,0
TXN_3AE1517C56884404,2026-06-08 02:06:41.016910+00:00,ACC_00616,142.71,other,0,0,0
TXN_2ED373A5C9524527,2026-06-08 03:19:07.016910+00:00,ACC_00800,19.99,online_services,0,0,0
TXN_A6AEAB4EE9CA49D5,2026-06-08 03:32:36.016910+00:00,ACC_00800,12.74,restaurant,0,1,0
TXN_474F458651CA425E,2026-06-08 03:34:10.016910+00:00,ACC_00800,152.46,electronics,0,2,0
TXN_A05CDA34DD59445B,2026-06-08 04:43:00.016910+00:00,ACC_00800,13.47,hotel,0,0,0
TXN_E3FEBEA4C29544B8,2026-06-08 06:03:44.016910+00:00,ACC_00800,10.36,fuel,0,0,0
TXN_A3AD268FD93B4074,2026-06-08 06:45:48.016910+00:00,ACC_00647,95.26,clothing,0,0,0
TXN_3BEDC26F81B8488B,2026-06-08 06:57:41.016910+00:00,ACC_00288,53.79,travel,0,0,0
TXN_20F40524BE274D8D,2026-06-08 07:15:19.016910+00:00,ACC_00404,516.54,other,0,0,0
TXN_B80D170544834342,2026-06-08 07:36:19.016910+00:00,ACC_00140,56.34,clothing,0,0,0
TXN_0133F261D2424BC1,2026-06-08 07:50:33.016910+00:00,ACC_00115,20.84,electronics,0,0,0
TXN_D793FE971A114B96,2026-06-08 08:24:48.016910+00:00,ACC_00291,2.53,restaurant,0,0,0
TXN_944D2065271F41B1,2026-06-08 08:35:20.016910+00:00,ACC_00501,187.77,online_services,0,0,0
TXN_4C71171F5B894054,2026-06-08 09:09:09.016910+00:00,ACC_00336,250.13,jewelry,0,0,0
TXN_2A37D6CAED834028,2026-06-08 09:12:47.016910+00:00,ACC_00336,26.79,pharmacy,0,1,0
TXN_EF29506B3BF54418,2026-06-08 09:54:36.016910+00:00,ACC_00336,43.62,grocery,0,2,0
TXN_3C5F19962AE448B1,2026-06-08 10:24:18.016910+00:00,ACC_00336,20.7,hotel,0,1,0
TXN_7DC64560AB534624,2026-06-08 10:41:11.016910+00:00,ACC_00336,41.17,online_services,0,2,0
TXN_3DB7DA6BD5EE4FA6,2026-06-08 10:41:22.016910+00:00,ACC_00336,45.72,hotel,0,3,0
TXN_C016253C754A4DE2,2026-06-08 10:49:09.016910+00:00,ACC_00420,33.97,grocery,0,0,0
TXN_3851A28858EA47B4,2026-06-08 10:52:21.016910+00:00,ACC_00420,23.87,fuel,0,1,0
TXN_2DD688D9AB5F44BA,2026-06-08 10:55:05.016910+00:00,ACC_00420,59.28,other,0,2,0
TXN_FA68D1B237C04738,2026-06-08 11:08:36.016910+00:00,ACC_00420,31.34,gaming,0,3,0
TXN_10B79D7CC1DB4D5E,2026-06-08 11:16:42.016910+00:00,ACC_00420,16.09,restaurant,0,4,0
TXN_6D5146A872894C65,2026-06-08 11:52:04.016910+00:00,ACC_00420,16.6,online_services,0,4,0
TXN_CECD12E0A206411C,2026-06-08 12:01:45.016910+00:00,ACC_00420,42.95,jewelry,0,3,0
TXN_D645515A319640CD,2026-06-08 12:36:40.016910+00:00,ACC_00755,8.1,clothing,0,0,0
TXN_EA2D5BA644674F04,2026-06-08 13:03:14.016910+00:00,ACC_00343,60.94,jewelry,1,0,0
TXN_8688B079D8574AB8,2026-06-08 13:11:20.016910+00:00,ACC_00046,68.37,fuel,0,0,0
TXN_CB04A5CDFE854971,2026-06-08 13:57:49.016910+00:00,ACC_00839,13.83,grocery,0,0,0
TXN_667082A413384174,2026-06-08 14:25:22.016910+00:00,ACC_00780,16.59,pharmacy,0,0,0
TXN_E1762C42F8564C52,2026-06-08 14:31:05.016910+00:00,ACC_00993,19.52,grocery,0,0,0
TXN_41CC6FC162C145A1,2026-06-08 15:13:11.016910+00:00,ACC_00474,69.19,hotel,0,0,0
TXN_033EE6BF608240CD,2026-06-08 16:57:53.016910+00:00,ACC_00299,12567.43,travel,0,0,1
TXN_535C6E0A7FD64FC0,2026-06-08 17:09:29.016910+00:00,ACC_00568,155.28,jewelry,0,0,0
TXN_C30A802D345B47D6,2026-06-08 17:31:33.016910+00:00,ACC_00263,58.81,restaurant,0,0,0
TXN_36F85D983D204FD7,2026-06-08 17:41:55.016910+00:00,ACC_00640,38.46,travel,0,0,0
TXN_BCE5C226827E4AC8,2026-06-08 18:11:13.016910+00:00,ACC_00565,84.18,gaming,0,0,0
TXN_5BA93A458B0D46C0,2026-06-08 18:31:42.016910+00:00,ACC_00025,408.3,electronics,1,0,0
TXN_14B13E1409A040DE,2026-06-08 19:44:00.016910+00:00,ACC_00447,101.67,electronics,0,0,0
TXN_E1462A58BF2E4104,2026-06-08 21:09:52.016910+00:00,ACC_00447,18.54,other,0,0,0
TXN_F704C382AEDE41A1,2026-06-08 22:24:14.016910+00:00,ACC_00447,58.29,grocery,0,0,0
TXN_93A62F3D3DF94638,2026-06-08 22:30:08.016910+00:00,ACC_00447,41.35,gaming,0,1,0
TXN_ABAF342F25D54D3E,2026-06-08 22:34:41.016910+00:00,ACC_00447,55.7,gaming,0,2,0
TXN_143601007F534482,2026-06-08 23:07:54.016910+00:00,ACC_00447,84.87,fuel,0,3,0
TXN_FE4A0379D3FC4452,2026-06-08 23:12:34.016910+00:00,ACC_00031,21.68,pharmacy,0,0,0
TXN_E798C21B7672422F,2026-06-08 23:32:09.016910+00:00,ACC_00814,62.43,electronics,0,0,0
TXN_CC445351C0E94DEF,2026-06-09 00:25:38.016910+00:00,ACC_00121,396.93,pharmacy,0,0,0
TXN_9B9F7F1EA4F14233,2026-06-09 00:36:57.016910+00:00,ACC_00944,59.05,grocery,0,0,0
TXN_E8DCDCB4D13E465C,2026-06-09 01:03:51.016910+00:00,ACC_00545,101.47,grocery,0,0,0
TXN_D038D5A017144FB8,2026-06-09 01:16:05.016910+00:00,ACC_00530,79.81,grocery,0,0,0
TXN_DB3D1CE306D14892,2026-06-09 01:19:49.016910+00:00,ACC_00034,102.84,grocery,0,0,0
TXN_0DE2A8B2D78A466F,2026-06-09 01:38:15.016910+00:00,ACC_00726,287.89,jewelry,0,0,0
TXN_5B2851919BD14C2F,2026-06-09 01:52:40.016910+00:00,ACC_00458,102.93,gaming,0,0,0
TXN_D84D2272E5F0489A,2026-06-09 02:06:58.016910+00:00,ACC_00851,16.68,pharmacy,0,0,0
TXN_52A966D2A71E4F0A,2026-06-09 02:30:03.016910+00:00,ACC_00384,42.07,jewelry,0,0,0
TXN_42E340AFD2504C5B,2026-06-09 02:56:05.016910+00:00,ACC_00784,44.07,electronics,0,0,0
TXN_0BBFEF524C53441A,2026-06-09 03:14:23.016910+00:00,ACC_00364,22.46,restaurant,0,0,0
TXN_F259C2D4AFBB4F09,2026-06-09 03:50:44.016910+00:00,ACC_00663,27.78,fuel,0,0,0
TXN_E6E9D42DAFE04876,2026-06-09 03:54:00.016910+00:00,ACC_00082,103.94,hotel,0,0,0
TXN_57469E841C5046EB,2026-06-09 04:11:19.016910+00:00,ACC_00127,26.39,other,0,0,0
TXN_EDC7C38C04524B4B,2026-06-09 04:20:54.016910+00:00,ACC_00311,29.8,jewelry,0,0,0
TXN_792B4762C70B4E5D,2026-06-09 05:04:13.016910+00:00,ACC_00016,88.07,travel,0,0,0
TXN_B6E16CCB9CD84826,2026-06-09 05:05:53.016910+00:00,ACC_00907,27.63,hotel,0,0,0
TXN_CB5DAB0975CB49AE,2026-06-09 05:09:29.016910+00:00,ACC_00262,49.9,other,0,0,0
TXN_3BF735F63F3942F2,2026-06-09 05:32:17.016910+00:00,ACC_00455,52.79,fuel,0,0,0
TXN_619F8AF4B1B84A2C,2026-06-09 05:47:11.016910+00:00,ACC_00616,31.15,clothing,0,0,0
TXN_6740D068E89349BC,2026-06-09 06:22:00.016910+00:00,ACC_00880,10.55,pharmacy,0,0,0
TXN_9A462B566BD94314,2026-06-09 06:39:53.016910+00:00,ACC_00880,43.62,online_services,0,1,0
TXN_D864807090774E92,2026-06-09 07:36:53.016910+00:00,ACC_00880,569.73,online_services,0,1,0
TXN_5597558BAF404ACE,2026-06-09 07:45:41.016910+00:00,ACC_00880,210.8,travel,0,1,0
TXN_5110DBB52C664004,2026-06-09 08:21:03.016910+00:00,ACC_00880,72.64,online_services,0,2,0
TXN_062C109B1BCE4D0D,2026-06-09 08:30:18.016910+00:00,ACC_00831,25.17,gaming,0,0,0
TXN_3B0730629FEF415B,2026-06-09 08:57:28.016910+00:00,ACC_00728,46.99,hotel,0,0,0
TXN_2439DA6D376A4BA9,2026-06-09 10:54:54.016910+00:00,ACC_00853,147.27,other,0,0,0
TXN_21518982BB894EC2,2026-06-09 11:09:13.016910+00:00,ACC_00737,2.78,restaurant,0,0,0
TXN_0A99CC2670BE421E,2026-06-09 11:12:31.016910+00:00,ACC_00350,15.4,pharmacy,0,0,0
TXN_97DA13171704400C,2026-06-09 11:14:45.016910+00:00,ACC_00601,183.01,grocery,0,0,0
TXN_2F337D11A5974692,2026-06-09 11:15:48.016910+00:00,ACC_00270,32.97,grocery,0,0,0
TXN_ED63181908554B9A,2026-06-09 11:58:32.016910+00:00,ACC_00795,9.31,online_services,0,0,0
TXN_7EB8F8C4D7D64548,2026-06-09 12:13:15.016910+00:00,ACC_00825,155.27,hotel,0,0,0
TXN_280CEEBE6D2F4F65,2026-06-09 12:33:32.016910+00:00,ACC_00825,17.41,restaurant,0,1,0
TXN_981E17ED26B74DAF,2026-06-09 12:54:48.016910+00:00,ACC_00825,6.72,grocery,0,2,0
TXN_C8294BEA7E0C4986,2026-06-09 13:09:41.016910+00:00,ACC_00825,57.7,clothing,0,3,0
TXN_CB2E92509B51468A,2026-06-09 13:14:32.016910+00:00,ACC_00825,110.78,hotel,0,3,0
TXN_2A3B6D9EEF434AA6,2026-06-09 13:37:06.016910+00:00,ACC_00825,104.83,electronics,0,3,0
TXN_6E92E39F3BFC4D11,2026-06-09 14:15:55.016910+00:00,ACC_00994,74.81,clothing,0,0,0
TXN_43D2426569E2450A,2026-06-09 14:21:22.016910+00:00,ACC_00717,11.63,fuel,0,0,0
TXN_695CF447D4BC4709,2026-06-09 15:01:19.016910+00:00,ACC_00628,49.42,grocery,0,0,0
TXN_924F4D9E74994CA7,2026-06-09 16:08:38.016910+00:00,ACC_00031,59.31,other,0,0,0
TXN_8DCB72A6002645F7,2026-06-09 16:18:38.016910+00:00,ACC_00380,86.37,pharmacy,0,0,0
TXN_2FCE0C7396AD4AAA,2026-06-09 16:27:42.016910+00:00,ACC_00641,20.3,online_services,0,0,0
TXN_6B7B1C14981B4776,2026-06-09 16:31:04.016910+00:00,ACC_00909,103.88,pharmacy,0,0,0
TXN_7BF1127F66934F7C,2026-06-09 17:27:40.016910+00:00,ACC_00909,78.37,fuel,0,1,0
TXN_F2CEEE1DB9EF4F5A,2026-06-09 17:49:11.016910+00:00,ACC_00909,181.52,jewelry,0,1,0
TXN_8AC13B8B589B4444,2026-06-09 18:39:35.016910+00:00,ACC_00909,36.67,grocery,1,1,0
TXN_FFE26167E09C4391,2026-06-09 18:44:58.016910+00:00,ACC_00909,23.66,jewelry,0,2,0
TXN_97F43C3E86404599,2026-06-09 20:05:16.016910+00:00,ACC_00909,45.9,clothing,0,0,0
TXN_63E3B9BC09844374,2026-06-09 20:27:13.016910+00:00,ACC_00909,72.88,grocery,0,1,0
TXN_A22E4D15B78C41F5,2026-06-09 20:39:32.016910+00:00,ACC_00909,35.26,clothing,0,2,0
TXN_A9926EE5F2444ED8,2026-06-09 21:44:35.016910+00:00,ACC_00512,287.14,electronics,0,0,0
TXN_0F0B7EB5E9A34044,2026-06-09 22:17:12.016910+00:00,ACC_00557,63.18,online_services,0,0,0
TXN_004EDB601C9C4F52,2026-06-09 22:20:01.016910+00:00,ACC_00065,294.01,gaming,0,0,0
TXN_BFB08EB91C654C05,2026-06-09 22:20:42.016910+00:00,ACC_00461,18.89,fuel,0,0,0
TXN_6037153CFF43431D,2026-06-09 22:31:11.016910+00:00,ACC_00904,188.48,electronics,0,0,0
TXN_8AB2468567FD48DB,2026-06-09 22:39:53.016910+00:00,ACC_00717,28.3,electronics,0,0,0
TXN_9D4CD000942A4161,2026-06-09 23:08:47.016910+00:00,ACC_00717,106.49,travel,0,1,0
TXN_26F66B6CBC5941EC,2026-06-09 23:24:41.016910+00:00,ACC_00717,58.58,grocery,0,2,0
TXN_494332F75AFB45C7,2026-06-09 23:54:18.016910+00:00,ACC_00717,60.2,pharmacy,0,2,0
TXN_DF79385D2B284589,2026-06-09 23:55:24.016910+00:00,ACC_00717,25.52,fuel,0,3,0
TXN_03AD60D8D08C4279,2026-06-10 00:56:38.016910+00:00,ACC_00717,322.11,hotel,0,0,0
TXN_C2FB43B40E0B42B2,2026-06-10 00:59:19.016910+00:00,ACC_00455,506.46,travel,0,0,0
TXN_FB78A4AF895445AB,2026-06-10 02:10:36.016910+00:00,ACC_00540,13.63,restaurant,0,0,0
TXN_7C946EC36FC14F56,2026-06-10 02:21:27.016910+00:00,ACC_00625,35.08,gaming,0,0,0
TXN_4D3DA24BF1254C54,2026-06-10 02:25:05.016910+00:00,ACC_00335,27.82,fuel,0,0,0
TXN_1C2F35C87D7641AB,2026-06-10 02:45:49.016910+00:00,ACC_00286,18.86,pharmacy,0,0,0
TXN_9996B677A9354702,2026-06-10 03:02:57.016910+00:00,ACC_00286,754.43,jewelry,0,1,0
TXN_E2E89567FE3C483E,2026-06-10 03:59:05.016910+00:00,ACC_00286,148.95,gaming,0,1,0
TXN_C94F0A3F8C7848D7,2026-06-10 04:02:18.016910+00:00,ACC_00286,164.0,jewelry,0,2,0
TXN_266A9ECBC5B843A2,2026-06-10 04:04:11.016910+00:00,ACC_00286,375.09,jewelry,0,2,0
TXN_98714EA257A748B4,2026-06-10 04:55:27.016910+00:00,ACC_00150,85.07,pharmacy,0,0,0
TXN_0C37190BD1664DB1,2026-06-10 05:17:21.016910+00:00,ACC_00393,129.92,electronics,0,0,0
TXN_F501BDA5CCA341E5,2026-06-10 06:00:18.016910+00:00,ACC_00236,152.76,jewelry,0,0,0
TXN_C3215725CA2B4171,2026-06-10 06:11:28.016910+00:00,ACC_00730,17.9,fuel,0,0,0
TXN_E4CFAD855386401B,2026-06-10 06:23:18.016910+00:00,ACC_00730,412.7,jewelry,0,1,0
TXN_659B6605BCD84F56,2026-06-10 07:36:41.016910+00:00,ACC_00730,37.92,travel,0,0,0
TXN_8B0C5C4095234D91,2026-06-10 07:58:37.016910+00:00,ACC_00730,78.3,hotel,0,1,0
TXN_813CF470799F436E,2026-06-10 08:23:00.016910+00:00,ACC_00730,19.98,pharmacy,0,2,0
TXN_06FCA360DC644EAF,2026-06-10 08:34:32.016910+00:00,ACC_00730,11.51,online_services,0,3,0
TXN_2D8B29F044CF4FDA,2026-06-10 08:53:12.016910+00:00,ACC_00730,15000.0,travel,1,8,1
TXN_A012A022F3C04ABC,2026-06-10 09:23:30.016910+00:00,ACC_00730,107.46,travel,0,2,0
TXN_4BF798B484774E16,2026-06-10 09:49:42.016910+00:00,ACC_00992,19.06,clothing,0,0,0
TXN_4472B6EFF57E443B,2026-06-10 10:22:18.016910+00:00,ACC_00262,361.45,hotel,0,0,0
TXN_C75CE7EC8A6F4784,2026-06-10 10:27:40.016910+00:00,ACC_00044,51.96,restaurant,0,0,0
TXN_1F43CBCC85EE4C81,2026-06-10 10:58:06.016910+00:00,ACC_00044,42.55,online_services,0,1,0
TXN_F89E79F8C0604298,2026-06-10 11:30:54.016910+00:00,ACC_00044,109.07,clothing,0,1,0
TXN_B4DF4FEEC7714543,2026-06-10 11:37:58.016910+00:00,ACC_00044,616.22,jewelry,0,2,0
TXN_F299FD01584E46B1,2026-06-10 12:04:00.016910+00:00,ACC_00044,379.99,hotel,0,2,0
TXN_274E3EAB9A4241E8,2026-06-10 12:22:10.016910+00:00,ACC_00325,107.38,jewelry,0,0,0
TXN_D89400F006B2428A,2026-06-10 13:19:23.016910+00:00,ACC_00193,242.27,electronics,0,0,0
TXN_5919F7C4FEF54D2C,2026-06-10 13:36:59.016910+00:00,ACC_00921,43.15,other,0,0,0
TXN_63E3162362CF4386,2026-06-10 13:43:29.016910+00:00,ACC_00606,43.97,grocery,0,0,0
TXN_3E55CEA988C74BB5,2026-06-10 13:46:17.016910+00:00,ACC_00099,28.07,other,0,0,0
TXN_6509B17DA29843E5,2026-06-10 14:27:59.016910+00:00,ACC_00099,40.68,online_services,0,1,0
TXN_425026E9F7074448,2026-06-10 14:52:13.016910+00:00,ACC_00099,61.5,restaurant,0,1,0
TXN_1382A77A63764418,2026-06-10 15:12:16.016910+00:00,ACC_00099,149.76,pharmacy,0,2,0
TXN_10B1990FF464415C,2026-06-10 15:17:26.016910+00:00,ACC_00786,37.06,gaming,0,0,0
TXN_28F72EDBAB984899,2026-06-10 16:04:17.016910+00:00,ACC_00020,43.55,hotel,0,0,0
TXN_E6CE440F04894D31,2026-06-10 16:12:23.016910+00:00,ACC_00822,591.42,hotel,0,0,0
TXN_922A636B7DF742BF,2026-06-10 16:36:19.016910+00:00,ACC_00320,18.15,grocery,0,0,0
TXN_8B852E30794241A3,2026-06-10 16:37:05.016910+00:00,ACC_00737,9.65,clothing,0,0,0
TXN_8A9780A3B1C44E50,2026-06-10 16:46:00.016910+00:00,ACC_00157,60.25,electronics,0,0,0
TXN_B59B1D2F049F4358,2026-06-10 16:48:48.016910+00:00,ACC_00348,5.72,clothing,0,0,0
TXN_CE4C09B377BF4FE6,2026-06-10 16:51:00.016910+00:00,ACC_00245,292.02,electronics,0,0,0
TXN_D3527619C0934073,2026-06-10 17:12:15.016910+00:00,ACC_00455,4.55,restaurant,0,0,0
TXN_A82BDED298E24415,2026-06-10 17:47:27.016910+00:00,ACC_00877,21.99,clothing,0,0,0
TXN_EF6BE04FF1134396,2026-06-10 18:27:25.016910+00:00,ACC_00877,34.53,hotel,0,1,0
TXN_8847648FF4B646E2,2026-06-10 18:43:55.016910+00:00,ACC_00877,45.86,online_services,0,2,0
TXN_1F3D917E1B9B48C5,2026-06-10 19:37:51.016910+00:00,ACC_00877,499.48,electronics,0,1,0
TXN_1D1B535E8F124AA7,2026-06-10 20:35:16.016910+00:00,ACC_00877,64.36,online_services,0,1,0
TXN_2B6C29F131CD4540,2026-06-10 20:46:28.016910+00:00,ACC_00116,14.96,other,0,0,0
TXN_E50B9EF8F8BC4EB5,2026-06-10 20:55:59.016910+00:00,ACC_00116,1756.81,jewelry,0,1,0
TXN_DBA9104A8E2B4226,2026-06-10 21:35:01.016910+00:00,ACC_00116,13567.65,travel,0,2,1
TXN_64FFE0E612DE47D5,2026-06-10 21:43:04.016910+00:00,ACC_00116,104.57,online_services,0,3,0
TXN_F481CD5D3D9647BE,2026-06-10 21:43:10.016910+00:00,ACC_00116,11.17,clothing,0,4,0
TXN_B7FD46663EE6417C,2026-06-10 22:03:42.016910+00:00,ACC_00116,316.95,clothing,0,3,0
TXN_1548B947288544EC,2026-06-10 22:04:51.016910+00:00,ACC_00886,143.3,jewelry,0,0,0
TXN_348E08FFFD854D17,2026-06-10 22:49:46.016910+00:00,ACC_00084,8.1,fuel,0,0,0
TXN_40C76108E7554CC0,2026-06-10 23:02:23.016910+00:00,ACC_00596,128.3,electronics,0,0,0
TXN_06B7544DCCF74BC7,2026-06-10 23:20:23.016910+00:00,ACC_00152,91.45,fuel,0,0,0
TXN_C9CC361BEE784BF2,2026-06-10 23:29:34.016910+00:00,ACC_00343,55.97,pharmacy,0,0,0
TXN_4135F8DB24D14624,2026-06-10 23:37:31.016910+00:00,ACC_00739,54.97,pharmacy,0,0,0
TXN_8AEB247CE6E14E4E,2026-06-11 00:13:56.016910+00:00,ACC_00739,340.4,jewelry,0,1,0
TXN_24DE945D8B764F58,2026-06-11 00:24:54.016910+00:00,ACC_00739,52.84,clothing,0,2,0
TXN_AA98FECC261948D2,2026-06-11 00:56:40.016910+00:00,ACC_00739,11.14,clothing,0,2,0
TXN_877876C4D4E24AB2,2026-06-11 01:19:32.016910+00:00,ACC_00007,42.55,other,0,0,0
TXN_84AB17995A044D23,2026-06-11 01:42:33.016910+00:00,ACC_00718,26.16,grocery,0,0,0
TXN_0D5E0F7C2696400A,2026-06-11 02:27:24.016910+00:00,ACC_00416,477.15,travel,0,0,0
TXN_C09E4A6FAC2C49D9,2026-06-11 04:15:10.016910+00:00,ACC_00663,117.0,online_services,0,0,0
TXN_F09AF6E2C0624C73,2026-06-11 04:24:03.016910+00:00,ACC_00063,66.13,hotel,0,0,0
TXN_F5516ED83DDA45C3,2026-06-11 04:35:46.016910+00:00,ACC_00063,65.99,pharmacy,0,1,0
TXN_C1BFC82213F54537,2026-06-11 05:41:58.016910+00:00,ACC_00063,29.1,pharmacy,0,0,0
TXN_23D1833FAACC4F1E,2026-06-11 06:11:39.016910+00:00,ACC_00063,6.45,pharmacy,0,1,0
TXN_A5D32D490C494895,2026-06-11 06:43:10.016910+00:00,ACC_00063,2.98,restaurant,0,1,0
TXN_D70318D540984392,2026-06-11 07:20:26.016910+00:00,ACC_00364,77.58,online_services,0,0,0
TXN_CDF6C56FF704417B,2026-06-11 08:16:15.016910+00:00,ACC_00577,19.17,other,0,0,0
TXN_9417151EEDEA4B8F,2026-06-11 08:46:52.016910+00:00,ACC_00372,15.28,gaming,0,0,0
TXN_291D12A967AA485E,2026-06-11 09:08:50.016910+00:00,ACC_00194,15.94,pharmacy,0,0,0
TXN_AC0BE223C7C84CCC,2026-06-11 09:09:50.016910+00:00,ACC_00385,79.36,online_services,0,0,0
TXN_A299B84533FC40C9,2026-06-11 09:13:28.016910+00:00,ACC_00741,103.9,fuel,0,0,0
TXN_6D020B11F1FB4288,2026-06-11 10:03:16.016910+00:00,ACC_00951,290.03,hotel,0,0,0
TXN_2522243D83B14A43,2026-06-11 10:23:45.016910+00:00,ACC_00208,19.5,hotel,0,0,0
TXN_C1F077FF6017427C,2026-06-11 11:53:59.016910+00:00,ACC_00392,17.9,grocery,0,0,0
TXN_155AE6D74D5E42DE,2026-06-11 12:00:39.016910+00:00,ACC_00481,13.26,pharmacy,0,0,0
TXN_C8ED8DB7AD5043C7,2026-06-11 12:48:58.016910+00:00,ACC_00187,79.3,gaming,0,0,0
TXN_B3CE53E0A37C4200,2026-06-11 12:50:46.016910+00:00,ACC_00132,6.41,pharmacy,0,0,0
TXN_330E5DF92F474C34,2026-06-11 13:11:56.016910+00:00,ACC_00067,18.15,fuel,0,0,0
TXN_6143FBD881F24B75,2026-06-11 14:40:04.016910+00:00,ACC_00028,40.74,clothing,1,0,0
TXN_09FDAC28BC664B95,2026-06-11 14:47:58.016910+00:00,ACC_00286,76.06,grocery,0,0,0
TXN_1A887F84CD5442D7,2026-06-11 15:07:42.016910+00:00,ACC_00051,108.06,electronics,0,0,0
TXN_6EFEDA2CF48F4CC5,2026-06-11 16:13:57.016910+00:00,ACC_00025,42.66,pharmacy,0,0,0
TXN_5DBB80BF57604968,2026-06-11 17:04:44.016910+00:00,ACC_00503,30.62,grocery,0,0,0
TXN_0AB172B04AA1452C,2026-06-11 17:08:32.016910+00:00,ACC_00715,264.86,electronics,0,0,0
TXN_4670986855AB4201,2026-06-11 17:13:49.016910+00:00,ACC_00438,147.12,other,0,0,0
TXN_BB8A634A26FE4AB6,2026-06-11 17:45:31.016910+00:00,ACC_00988,76.55,clothing,0,0,0
TXN_955B1ED5F2D74C8A,2026-06-11 18:35:19.016910+00:00,ACC_00713,88.66,pharmacy,0,0,0
TXN_5C5AB244D0404D91,2026-06-11 18:41:14.016910+00:00,ACC_00038,326.16,restaurant,0,0,0
TXN_82A92DBFFAC4461C,2026-06-11 18:51:43.016910+00:00,ACC_00950,85.37,gaming,0,0,0
TXN_DA4E126122EE4740,2026-06-11 18:56:48.016910+00:00,ACC_00749,30.04,pharmacy,0,0,0
TXN_971BEA96EB7649A7,2026-06-11 19:31:54.016910+00:00,ACC_00366,72.74,other,0,0,0
TXN_75A0B443C4054762,2026-06-11 19:39:10.016910+00:00,ACC_00366,98.81,pharmacy,0,1,0
TXN_4DD294DD18CD44B9,2026-06-11 19:50:58.016910+00:00,ACC_00366,70.86,electronics,0,2,0
TXN_7A3521C2A9C34F42,2026-06-11 19:55:26.016910+00:00,ACC_00366,62.6,jewelry,0,3,0
TXN_C958188EA66146E1,2026-06-11 20:06:07.016910+00:00,ACC_00366,26.31,gaming,0,4,0
TXN_30B7577EB7394AC1,2026-06-11 21:24:29.016910+00:00,ACC_00366,57.22,gaming,0,0,0
TXN_38C609A7F0B94077,2026-06-11 22:26:06.016910+00:00,ACC_00366,122.98,travel,0,0,0
TXN_5DA8B7C334B74C1D,2026-06-11 22:54:49.016910+00:00,ACC_00593,10.96,restaurant,0,0,0
TXN_315F106B7E884AA4,2026-06-11 23:19:43.016910+00:00,ACC_00083,42.9,grocery,0,0,0
TXN_6D6E6B57C7A94D6A,2026-06-11 23:56:09.016910+00:00,ACC_00592,143.5,fuel,0,0,0
TXN_ABA7FF3162C74268,2026-06-11 23:57:08.016910+00:00,ACC_00431,65.79,gaming,0,0,0
TXN_096941D86603456A,2026-06-12 00:23:08.016910+00:00,ACC_00218,16.49,clothing,0,0,0
TXN_0E14EFE4833942DC,2026-06-12 00:23:51.016910+00:00,ACC_00329,384.43,jewelry,0,0,0
TXN_A641104FA01F44AA,2026-06-12 00:24:00.016910+00:00,ACC_00489,36.36,clothing,0,0,0
TXN_A984B0042547481A,2026-06-12 00:27:21.016910+00:00,ACC_00176,245.29,pharmacy,0,0,0
TXN_BD557475B4554F35,2026-06-12 01:03:33.016910+00:00,ACC_00176,70.86,online_services,0,1,0
TXN_98481BD8D9014C35,2026-06-12 01:05:57.016910+00:00,ACC_00176,20.95,fuel,0,2,0
TXN_2150CF5438A649B3,2026-06-12 01:13:09.016910+00:00,ACC_00176,103.68,other,0,3,0
TXN_9C467D6627E340C9,2026-06-12 01:35:05.016910+00:00,ACC_00176,131.26,electronics,0,3,0
TXN_096E102836FD42A5,2026-06-12 01:55:43.016910+00:00,ACC_00176,146.87,online_services,0,4,0
TXN_6C3FC333D90E4137,2026-06-12 02:06:15.016910+00:00,ACC_00176,22.91,grocery,0,3,0
TXN_721FCC760BEE4893,2026-06-12 02:06:50.016910+00:00,ACC_00176,88.37,other,0,4,0
TXN_3321F98FB2634C58,2026-06-12 02:50:59.016910+00:00,ACC_00660,24.77,hotel,0,0,0
TXN_489D47EB2AAF4C7D,2026-06-12 03:29:52.016910+00:00,ACC_00743,47.02,gaming,0,0,0
TXN_084ED1825C1D4A96,2026-06-12 03:56:56.016910+00:00,ACC_00129,16.11,clothing,0,0,0
TXN_3BB50017756A4025,2026-06-12 04:03:06.016910+00:00,ACC_00515,31.78,restaurant,0,0,0
TXN_05968619CECB4FF2,2026-06-12 04:33:28.016910+00:00,ACC_00878,62.56,online_services,0,0,0
TXN_1AF6D8979B8241AE,2026-06-12 05:09:53.016910+00:00,ACC_00751,59.5,fuel,0,0,0
TXN_50C4F4FCBEE040D6,2026-06-12 05:26:46.016910+00:00,ACC_00361,65.38,electronics,0,0,0
TXN_58EE390B85E045BB,2026-06-12 06:18:48.016910+00:00,ACC_00103,42.35,fuel,0,0,0
TXN_F6060C2D1199430E,2026-06-12 06:51:39.016910+00:00,ACC_00826,319.04,hotel,0,0,0
TXN_6D1FBD36AACC49B6,2026-06-12 06:54:32.016910+00:00,ACC_00234,226.46,gaming,0,0,0
TXN_31CA06B964EA4641,2026-06-12 07:10:55.016910+00:00,ACC_00062,31.26,restaurant,0,0,0
TXN_3B6CDC95207A48DC,2026-06-12 07:28:32.016910+00:00,ACC_00767,410.86,travel,0,0,0
TXN_3AE34322B03546E6,2026-06-12 07:58:39.016910+00:00,ACC_00154,11.8,restaurant,0,0,0
TXN_B8891BFEE4A24932,2026-06-12 08:11:08.016910+00:00,ACC_00154,22.5,pharmacy,0,1,0
TXN_C4EFB602D4554FE5,2026-06-12 08:29:38.016910+00:00,ACC_00154,41.63,pharmacy,0,2,0
TXN_80E9BFA421524931,2026-06-12 08:55:47.016910+00:00,ACC_00154,29.7,pharmacy,0,3,0
TXN_58E116B079C44002,2026-06-12 09:23:08.016910+00:00,ACC_00329,112.09,travel,0,0,0
TXN_830D1B5F403843C8,2026-06-12 09:23:37.016910+00:00,ACC_00092,117.08,online_services,0,0,0
TXN_EFBC76FEB34F4BDB,2026-06-12 09:55:25.016910+00:00,ACC_00406,14.32,fuel,0,0,0
TXN_893A3E2EC7694344,2026-06-12 10:41:44.016910+00:00,ACC_00406,15.59,fuel,0,1,0
TXN_D451DF88CC744EE8,2026-06-12 10:46:00.016910+00:00,ACC_00406,31.21,hotel,0,2,0
TXN_881A9E295D1348BD,2026-06-12 10:49:24.016910+00:00,ACC_00406,13168.16,travel,0,2,0
TXN_69C844ECB7A94BB8,2026-06-12 11:10:08.016910+00:00,ACC_00174,36.31,clothing,1,0,0
TXN_05999CB1A6E640DA,2026-06-12 11:50:42.016910+00:00,ACC_00253,118.5,clothing,0,0,0
TXN_5F638CBE5F0E42F3,2026-06-12 11:58:52.016910+00:00,ACC_00975,131.33,hotel,0,0,0
TXN_4808746EF6AF4A99,2026-06-12 12:07:02.016910+00:00,ACC_00739,22.41,fuel,0,0,0
TXN_A0358213EFBB4B9C,2026-06-12 12:15:52.016910+00:00,ACC_00539,13.93,restaurant,0,0,0
TXN_5F18825C25474128,2026-06-12 12:53:39.016910+00:00,ACC_00111,12.01,hotel,0,0,0
TXN_1B6CC71843B84E10,2026-06-12 13:00:15.016910+00:00,ACC_00088,32.72,grocery,0,0,0
TXN_5A411E9FC3414786,2026-06-12 13:47:57.016910+00:00,ACC_00500,9.06,restaurant,0,0,0
TXN_FF528937280C4B56,2026-06-12 13:51:49.016910+00:00,ACC_00447,75.06,restaurant,0,0,0
TXN_D823B1820D234D8F,2026-06-12 14:48:42.016910+00:00,ACC_00125,23.14,pharmacy,0,0,0
TXN_463C88A9E9B34F47,2026-06-12 14:51:57.016910+00:00,ACC_00013,26.93,hotel,0,0,0
TXN_FC38A85BF5F642F8,2026-06-12 15:35:51.016910+00:00,ACC_00337,184.87,other,0,0,0
TXN_9F8947E2FA8C4872,2026-06-12 15:40:26.016910+00:00,ACC_00663,28.43,pharmacy,0,0,0
TXN_34CF75F433D2441B,2026-06-12 15:42:23.016910+00:00,ACC_00061,191.01,electronics,0,0,0
TXN_5BA23E1EC0644E55,2026-06-12 16:20:09.016910+00:00,ACC_00088,16.21,restaurant,0,0,0
TXN_9392E64DA6364949,2026-06-12 17:31:46.016910+00:00,ACC_00585,153.66,gaming,0,0,0
TXN_FB5944EC669D46FB,2026-06-12 17:52:31.016910+00:00,ACC_00008,22.22,clothing,0,0,0
TXN_1A212E849E2A4BDF,2026-06-12 18:28:24.016910+00:00,ACC_00407,32.26,gaming,0,0,0
TXN_8B4349DE2A7444B8,2026-06-12 19:00:47.016910+00:00,ACC_00423,7.17,grocery,0,0,0
TXN_2330EBF0684740D9,2026-06-12 19:23:56.016910+00:00,ACC_00032,130.81,grocery,0,0,0
TXN_DEDA946452074A15,2026-06-12 20:41:52.016910+00:00,ACC_00032,72.34,travel,0,0,0
TXN_DC428ED7DA534577,2026-06-12 21:07:14.016910+00:00,ACC_00032,292.51,jewelry,0,1,0
TXN_4C17DC2398184836,2026-06-12 21:08:14.016910+00:00,ACC_00032,209.46,travel,0,2,0
TXN_EBA15881815A402B,2026-06-12 21:12:07.016910+00:00,ACC_00032,310.37,electronics,0,3,0
TXN_3878EBA03D8944E4,2026-06-12 21:59:41.016910+00:00,ACC_00032,47.52,fuel,0,3,0
TXN_7A03230DD34D493E,2026-06-12 22:09:09.016910+00:00,ACC_00975,125.2,travel,0,0,0
TXN_D4DB44983E1C438A,2026-06-12 22:26:04.016910+00:00,ACC_00975,277.26,hotel,0,1,0
TXN_B8B5DCB171F84475,2026-06-12 22:44:28.016910+00:00,ACC_00975,49.44,pharmacy,0,2,0
TXN_E38BB41BF1324BAC,2026-06-12 22:58:06.016910+00:00,ACC_00975,173.02,jewelry,0,3,0
TXN_296C3593DF064B79,2026-06-12 23:28:28.016910+00:00,ACC_00975,137.47,fuel,0,2,0
TXN_ECF5C49D8D1D421E,2026-06-12 23:47:40.016910+00:00,ACC_00975,80.04,clothing,0,2,0
TXN_BFCAF025AE6648AB,2026-06-12 23:50:00.016910+00:00,ACC_00975,11.79,grocery,0,3,0
TXN_3A1E697F6958486C,2026-06-13 00:10:35.016910+00:00,ACC_00753,167.39,fuel,0,0,0
TXN_975E5D2C90B944E0,2026-06-13 00:23:14.016910+00:00,ACC_00645,63.37,electronics,0,0,0
TXN_17D74C684EAD4360,2026-06-13 00:37:58.016910+00:00,ACC_00856,385.89,travel,0,0,0
TXN_3218823668304BBC,2026-06-13 01:32:36.016910+00:00,ACC_00041,10.93,online_services,0,0,0
TXN_62D1DD0236EC4070,2026-06-13 01:51:44.016910+00:00,ACC_00941,82.63,pharmacy,0,0,0
TXN_EB27C901152444B3,2026-06-13 01:59:14.016910+00:00,ACC_00770,10.64,pharmacy,0,0,0
TXN_9FB08F2177924D84,2026-06-13 02:11:14.016910+00:00,ACC_00932,46.31,grocery,0,0,0
TXN_5076C657D1024FD2,2026-06-13 03:24:37.016910+00:00,ACC_00512,172.96,electronics,0,0,0
TXN_6DBF62E7070A4404,2026-06-13 04:09:22.016910+00:00,ACC_00813,44.12,other,0,0,0
TXN_C80A36312A054211,2026-06-13 04:11:24.016910+00:00,ACC_00037,111.74,hotel,1,0,0
TXN_BC3F363E5031402C,2026-06-13 04:24:23.016910+00:00,ACC_00773,16.88,online_services,0,0,0
TXN_14AC483B90A843D0,2026-06-13 05:15:35.016910+00:00,ACC_00824,246.13,hotel,0,0,0
TXN_16C6B3FDD4A94A1B,2026-06-13 06:31:50.016910+00:00,ACC_00067,41.77,pharmacy,0,0,0
TXN_B6A13678A77845B9,2026-06-13 06:47:09.016910+00:00,ACC_00183,17.2,fuel,0,0,0
TXN_8CB96722B84741BF,2026-06-13 06:47:49.016910+00:00,ACC_00240,144.49,hotel,0,0,0
TXN_C618D55122114A34,2026-06-13 07:47:44.016910+00:00,ACC_00825,297.83,jewelry,0,0,0
TXN_EB550449DD704F1A,2026-06-13 08:11:32.016910+00:00,ACC_00994,116.9,electronics,0,0,0
TXN_95B88FE288CF447C,2026-06-13 08:12:11.016910+00:00,ACC_00529,15.16,travel,0,0,0
TXN_A400CE62F4834433,2026-06-13 08:16:24.016910+00:00,ACC_00529,30.82,online_services,0,1,0
TXN_94039BBD021B4C6B,2026-06-13 08:17:26.016910+00:00,ACC_00529,96.89,gaming,0,2,0
TXN_3252064646E74ECB,2026-06-13 08:28:23.016910+00:00,ACC_00529,91.39,other,0,3,0
TXN_0F575989A5FA4739,2026-06-13 08:57:28.016910+00:00,ACC_00083,177.33,hotel,0,0,0
TXN_DD6C7B33FDEA4FA6,2026-06-13 09:50:27.016910+00:00,ACC_00355,954.89,pharmacy,1,0,0
TXN_F2B795C5315D4BD3,2026-06-13 10:14:06.016910+00:00,ACC_00355,340.98,travel,0,1,0
TXN_F82AA8B85EE94FA1,2026-06-13 10:15:46.016910+00:00,ACC_00355,22.06,fuel,0,2,0
TXN_6A1FAAB836ED4784,2026-06-13 10:30:39.016910+00:00,ACC_00355,18.18,fuel,0,3,0
TXN_FB7CB4F210B644ED,2026-06-13 10:40:53.016910+00:00,ACC_00355,284.12,clothing,1,4,0
TXN_4CC51F958A154161,2026-06-13 10:59:10.016910+00:00,ACC_00355,57.34,hotel,0,4,0
TXN_933AAAFDF79A48EC,2026-06-13 11:31:11.016910+00:00,ACC_00355,40.87,travel,0,2,0
TXN_7DE251DF07DD4A27,2026-06-13 12:31:54.016910+00:00,ACC_00922,86.77,hotel,0,0,0
TXN_693DA6A421E1421A,2026-06-13 12:35:48.016910+00:00,ACC_00194,60.53,other,0,0,0
TXN_40D1B018C75B4429,2026-06-13 13:56:10.016910+00:00,ACC_00596,82.39,pharmacy,0,0,0
TXN_6F5B38C830244E71,2026-06-13 13:59:02.016910+00:00,ACC_00947,27.02,grocery,0,0,0
TXN_0A2E2FA40E134FB4,2026-06-13 14:00:50.016910+00:00,ACC_00689,26.82,fuel,0,0,0
TXN_B155A56577D545DD,2026-06-13 14:12:45.016910+00:00,ACC_00011,110.69,hotel,0,0,0
TXN_2F60DCD953D247A2,2026-06-13 14:30:39.016910+00:00,ACC_00509,65.89,electronics,0,0,0
TXN_5F9EEE6933D54B4E,2026-06-13 14:35:16.016910+00:00,ACC_00719,55.19,jewelry,0,0,0
TXN_AD695FC96BD5457D,2026-06-13 14:43:15.016910+00:00,ACC_00041,15.71,clothing,0,0,0
TXN_27BA1DAA0C0540C9,2026-06-13 15:21:30.016910+00:00,ACC_00649,90.21,restaurant,0,0,0
TXN_A6DD889F86FE46FD,2026-06-13 16:24:22.016910+00:00,ACC_00812,87.05,gaming,0,0,0
TXN_D184B8ED89DB4B1D,2026-06-13 16:34:42.016910+00:00,ACC_00968,32.15,pharmacy,0,0,0
TXN_231A3014F15F471C,2026-06-13 17:42:45.016910+00:00,ACC_00899,45.55,restaurant,0,0,0
TXN_D300303F6B634F53,2026-06-13 19:26:55.016910+00:00,ACC_00971,100.96,clothing,0,0,0
TXN_0DF32876554F4C5B,2026-06-13 19:27:29.016910+00:00,ACC_00073,27.02,clothing,0,0,0
TXN_85BEB2002AD34D6D,2026-06-13 19:47:44.016910+00:00,ACC_00073,83.65,jewelry,0,1,0
TXN_A34A10AD49174193,2026-06-13 19:49:01.016910+00:00,ACC_00073,112.57,fuel,0,2,0
TXN_D6FE2E37EC0B4D5D,2026-06-13 20:18:33.016910+00:00,ACC_00073,18.07,travel,1,3,0
TXN_3929042947C84090,2026-06-13 20:56:02.016910+00:00,ACC_00073,370.22,jewelry,0,1,0
TXN_27E2C5B245D24BF1,2026-06-13 21:34:46.016910+00:00,ACC_00073,45.69,fuel,0,1,0
TXN_36EA66A81C1144B5,2026-06-13 22:05:40.016910+00:00,ACC_00073,86.48,pharmacy,0,1,0
TXN_7B298DFB0A7044AE,2026-06-13 22:43:50.016910+00:00,ACC_00073,192.02,electronics,0,1,0
TXN_BAA9CE41C1BB46C1,2026-06-13 22:43:53.016910+00:00,ACC_00090,181.02,electronics,0,0,0
TXN_9854CAC2CA874BF8,2026-06-13 22:47:26.016910+00:00,ACC_00650,91.1,jewelry,0,0,0
TXN_99830246C3A545F3,2026-06-13 22:50:00.016910+00:00,ACC_00778,93.33,gaming,0,0,0
TXN_45F9791A3E7847D1,2026-06-13 23:10:10.016910+00:00,ACC_00778,73.5,clothing,0,1,0
TXN_9F50BCFD51B34109,2026-06-13 23:11:09.016910+00:00,ACC_00778,15.27,pharmacy,0,2,0
TXN_3071B4272A484EC8,2026-06-13 23:47:00.016910+00:00,ACC_00778,59.26,clothing,0,3,0
TXN_8EAC2C77C8444CE7,2026-06-14 00:09:53.016910+00:00,ACC_00778,37.82,hotel,0,3,0
TXN_45EDB7AA31E64061,2026-06-14 00:28:39.016910+00:00,ACC_00778,64.37,fuel,0,2,0
TXN_0D5BD354AA00444B,2026-06-14 01:41:21.016910+00:00,ACC_00778,42.18,clothing,0,0,0
TXN_4FBAE15172184812,2026-06-14 03:28:30.016910+00:00,ACC_00778,398.78,gaming,0,0,0
TXN_37CB65C4B77F49B2,2026-06-14 03:29:52.016910+00:00,ACC_01000,13.03,pharmacy,0,0,0
TXN_FAF1C926152A4BC5,2026-06-14 03:31:29.016910+00:00,ACC_00366,13.68,other,0,0,0
TXN_312B4881CB0140B6,2026-06-14 04:12:01.016910+00:00,ACC_00814,17.63,other,0,0,0
TXN_88E285E568ED4A3C,2026-06-14 04:26:30.016910+00:00,ACC_00573,184.99,jewelry,0,0,0
TXN_5146DB288D184C2F,2026-06-14 05:21:06.016910+00:00,ACC_00465,82.62,online_services,0,0,0
TXN_B34AA04694184FFE,2026-06-14 05:26:45.016910+00:00,ACC_00223,45.54,online_services,0,0,0
TXN_CD7194CAD76A4067,2026-06-14 05:46:05.016910+00:00,ACC_00550,13.8,clothing,0,0,0
TXN_0FBCBFB7A77744F5,2026-06-14 07:09:18.016910+00:00,ACC_00550,71.34,grocery,0,0,0
TXN_87A3BA9668184404,2026-06-14 08:31:04.016910+00:00,ACC_00550,18.6,hotel,0,0,0
TXN_B2B12D9C34164FD4,2026-06-14 09:01:10.016910+00:00,ACC_00550,67.17,jewelry,0,1,0
TXN_F8FFAD2B51B54770,2026-06-14 09:54:43.016910+00:00,ACC_00550,19.04,pharmacy,0,1,0
TXN_DE233AC35C2E4D2B,2026-06-14 11:01:15.016910+00:00,ACC_00550,386.89,travel,0,0,0
TXN_D70DA1B5AEBA4EC9,2026-06-14 12:59:37.016910+00:00,ACC_00550,47.3,online_services,0,0,0
TXN_90CBBDE9CC11471A,2026-06-14 13:09:52.016910+00:00,ACC_00550,153.45,travel,0,1,0
TXN_EBF712EBB5D643DB,2026-06-14 13:13:11.016910+00:00,ACC_00815,31.1,hotel,0,0,0
TXN_6C39488FB89F41ED,2026-06-14 13:18:58.016910+00:00,ACC_00815,17.33,restaurant,0,1,0
TXN_7F9111DCE1CF4D53,2026-06-14 13:29:48.016910+00:00,ACC_00815,79.08,pharmacy,0,2,0
TXN_7FF000824CD44B07,2026-06-14 13:47:51.016910+00:00,ACC_00815,191.5,travel,0,3,0
TXN_FE7ACA6FCDF5476E,2026-06-14 14:23:45.016910+00:00,ACC_00815,84.62,gaming,0,2,0
TXN_05D6F44B440D4BDE,2026-06-14 14:53:17.016910+00:00,ACC_00815,133.12,travel,0,1,0
TXN_216DD2AD3E55460F,2026-06-14 14:59:44.016910+00:00,ACC_00815,93.33,fuel,1,2,0
TXN_731F2E2CB41848A3,2026-06-14 15:00:02.016910+00:00,ACC_00987,30.94,hotel,0,0,0
TXN_DA1EAAD800E64F0C,2026-06-14 15:05:19.016910+00:00,ACC_00057,90.45,hotel,0,0,0
TXN_6CF4FF3E65CA41E7,2026-06-14 15:32:33.016910+00:00,ACC_00774,176.97,hotel,0,0,0
TXN_A61B08058CB3419D,2026-06-14 16:31:39.016910+00:00,ACC_00461,46.78,jewelry,0,0,0
TXN_A75B804160CB4F62,2026-06-14 17:10:12.016910+00:00,ACC_00716,19.76,jewelry,0,0,0
TXN_321E6DA200CB45A1,2026-06-14 17:19:29.016910+00:00,ACC_00169,316.03,other,0,0,0
TXN_2605D722841D4540,2026-06-14 17:50:11.016910+00:00,ACC_00948,47.92,online_services,0,0,0
TXN_BDFFBC7EBF03417E,2026-06-14 18:17:56.016910+00:00,ACC_00948,14909.71,travel,0,1,1
TXN_CA2F15BC85944696,2026-06-14 18:29:42.016910+00:00,ACC_00948,116.92,electronics,0,2,0
TXN_5932756F32D74412,2026-06-14 18:37:48.016910+00:00,ACC_00948,10.2,pharmacy,0,3,0
TXN_1A7FB59725014631,2026-06-14 19:00:38.016910+00:00,ACC_00287,22.77,other,0,0,0
TXN_ACEA580E3389494F,2026-06-14 19:11:31.016910+00:00,ACC_00287,80.26,restaurant,0,1,0
TXN_51CAE68F691A41F7,2026-06-14 19:34:29.016910+00:00,ACC_00287,22.71,fuel,0,2,0
TXN_EA2F734A867247AE,2026-06-14 21:56:17.016910+00:00,ACC_00287,25.77,online_services,0,0,0
TXN_2A6E514F31354E45,2026-06-14 22:10:44.016910+00:00,ACC_00482,8.27,restaurant,0,0,0
TXN_3954503566D34253,2026-06-14 22:37:10.016910+00:00,ACC_00482,35.19,clothing,0,1,0
TXN_2829B0D44A5F4EEF,2026-06-14 23:00:57.016910+00:00,ACC_00482,159.32,travel,0,2,0
TXN_62C1CD0A70DB4229,2026-06-14 23:08:27.016910+00:00,ACC_00482,25.93,online_services,0,3,0
TXN_EF621339B9164B78,2026-06-14 23:33:39.016910+00:00,ACC_00434,342.02,gaming,0,0,0
TXN_A57AE1B0063946C3,2026-06-14 23:39:19.016910+00:00,ACC_00263,12.12,pharmacy,0,0,0
TXN_C1F30BA4FF5F4C8E,2026-06-15 00:22:13.016910+00:00,ACC_00268,18.09,clothing,0,0,0
TXN_AAC8027D8AE74716,2026-06-15 01:37:34.016910+00:00,ACC_00640,37.66,other,0,0,0
TXN_DEA0C497BB844A60,2026-06-15 02:20:04.016910+00:00,ACC_00414,733.33,electronics,1,0,0
TXN_79ED74EDC9344B25,2026-06-15 02:22:49.016910+00:00,ACC_00952,96.83,clothing,0,0,0
TXN_8F42B3020B254319,2026-06-15 02:32:10.016910+00:00,ACC_00296,28.31,clothing,0,0,0
TXN_2E2780143D5D4209,2026-06-15 02:33:41.016910+00:00,ACC_00389,12.27,restaurant,0,0,0
TXN_4D6A043E11C04D01,2026-06-15 02:52:09.016910+00:00,ACC_00609,22.03,grocery,0,0,0
TXN_9CA2635BEADC46BF,2026-06-15 03:22:03.016910+00:00,ACC_00609,15.64,online_services,0,1,0
TXN_5CB184D2B2EB49A9,2026-06-15 03:27:31.016910+00:00,ACC_00609,25.67,fuel,0,2,0
TXN_56BC5671CB794126,2026-06-15 05:10:19.016910+00:00,ACC_00609,44.07,other,0,0,0
TXN_89191DFBC8DD4EF2,2026-06-15 05:15:49.016910+00:00,ACC_00609,61.53,pharmacy,0,1,0
TXN_46DF191AF19943F6,2026-06-15 05:23:42.016910+00:00,ACC_00609,164.4,hotel,0,2,0
TXN_2B06DAA0CE0B4602,2026-06-15 06:10:06.016910+00:00,ACC_00609,24.9,grocery,1,3,0
TXN_9D4B7D01DC6A4820,2026-06-15 06:31:22.016910+00:00,ACC_00254,135.39,pharmacy,0,0,0
TXN_67C00318BB174D2C,2026-06-15 07:03:20.016910+00:00,ACC_00893,13.88,restaurant,0,0,0
TXN_DD4EE17676FF4A25,2026-06-15 07:19:34.016910+00:00,ACC_00886,10.76,online_services,0,0,0
TXN_6804C54A22AB4B8A,2026-06-15 07:49:11.016910+00:00,ACC_00375,266.77,jewelry,0,0,0
TXN_6AEBFB88430E40F1,2026-06-15 08:24:30.016910+00:00,ACC_00123,103.54,fuel,0,0,0
TXN_ADC37E053CDD4EAC,2026-06-15 09:15:49.016910+00:00,ACC_00637,41.02,gaming,0,0,0
TXN_0B6EBBE42B0A4172,2026-06-15 09:19:05.016910+00:00,ACC_00719,31.98,hotel,0,0,0
TXN_00CFE7776DF547D2,2026-06-15 09:25:36.016910+00:00,ACC_00719,123.11,hotel,0,1,0
TXN_9DA68CC16DFB453C,2026-06-15 10:05:50.016910+00:00,ACC_00719,69.39,other,0,2,0
TXN_2D87B22CD4DB4CC2,2026-06-15 10:27:12.016910+00:00,ACC_00719,192.03,travel,0,1,0
TXN_7E51EC7274AC4B49,2026-06-15 11:48:11.016910+00:00,ACC_00719,156.92,travel,0,0,0
TXN_04891BE021FF4E4C,2026-06-15 11:51:14.016910+00:00,ACC_00719,153.21,clothing,0,1,0
TXN_B909A9AD089D4BB6,2026-06-15 12:16:00.016910+00:00,ACC_00357,19.15,other,0,0,0
TXN_13B0EC429C6B451E,2026-06-15 12:17:49.016910+00:00,ACC_00342,7.15,electronics,1,0,0
TXN_04337CC78A464F37,2026-06-15 12:19:51.016910+00:00,ACC_00508,7.45,online_services,0,0,0
TXN_297AD983BFAE44BA,2026-06-15 12:20:01.016910+00:00,ACC_00904,12.64,online_services,0,0,0
TXN_B8DF31F65D714116,2026-06-15 12:54:11.016910+00:00,ACC_00843,244.04,electronics,0,0,0
TXN_E340B5C72B324E76,2026-06-15 13:24:18.016910+00:00,ACC_00505,97.72,travel,0,0,0
TXN_75BB93B6F2C34D3C,2026-06-15 14:09:13.016910+00:00,ACC_00271,222.29,clothing,0,0,0
TXN_E75B92CF0327498D,2026-06-15 14:20:16.016910+00:00,ACC_00050,12.58,fuel,0,0,0
TXN_6B392FE2670C4A63,2026-06-15 14:47:03.016910+00:00,ACC_00400,168.84,fuel,0,0,0
TXN_23BBFA3D368F4691,2026-06-15 15:10:41.016910+00:00,ACC_00826,20.69,clothing,0,0,0
TXN_096A0D84458D4223,2026-06-15 15:47:48.016910+00:00,ACC_00836,87.98,hotel,0,0,0
TXN_AC686F9E135E43C3,2026-06-15 15:53:23.016910+00:00,ACC_00389,21.67,electronics,0,0,0
TXN_504AADFC0FBD4C9D,2026-06-15 16:15:03.016910+00:00,ACC_00389,164.67,online_services,0,1,0
TXN_511F28034E7C4193,2026-06-15 16:56:20.016910+00:00,ACC_00389,99.72,hotel,0,1,0
TXN_5E4D2EFEC1A4472B,2026-06-15 17:32:35.016910+00:00,ACC_00389,316.68,fuel,0,1,0
TXN_DA5084DE5D32465D,2026-06-15 17:33:22.016910+00:00,ACC_00834,93.29,pharmacy,0,0,0
TXN_8787ED9EC599401A,2026-06-15 18:02:58.016910+00:00,ACC_00147,85.97,electronics,0,0,0
TXN_4D86ED974F834393,2026-06-15 18:11:32.016910+00:00,ACC_00724,23.73,clothing,0,0,0
TXN_4C5D32FBE6C64F39,2026-06-15 18:17:45.016910+00:00,ACC_00135,76.72,pharmacy,0,0,0
TXN_6A5C83454A394569,2026-06-15 19:00:57.016910+00:00,ACC_00796,49.5,clothing,0,0,0
TXN_47C18E3939B3452D,2026-06-15 19:15:03.016910+00:00,ACC_00265,50.26,electronics,0,0,0
TXN_DA69C3A9F34A4EDA,2026-06-15 19:37:54.016910+00:00,ACC_00947,29.47,restaurant,0,0,0
TXN_1FCFF6DDA1774834,2026-06-15 19:43:31.016910+00:00,ACC_00584,20.41,travel,0,0,0
TXN_72A0A630B4F54380,2026-06-15 19:53:57.016910+00:00,ACC_00767,78.28,other,0,0,0
TXN_8C6E2831B8BD48A0,2026-06-15 20:54:19.016910+00:00,ACC_00897,94.33,other,0,0,0
TXN_65E780CE81754DB4,2026-06-15 21:14:06.016910+00:00,ACC_00897,43.6,travel,0,1,0
TXN_0A6405B938DD4B5F,2026-06-15 21:32:40.016910+00:00,ACC_00897,140.32,online_services,0,2,0
TXN_5A9E18B6E6FF415E,2026-06-15 22:42:24.016910+00:00,ACC_00897,275.18,electronics,0,0,0
TXN_4A66517ED57E40BD,2026-06-15 23:19:41.016910+00:00,ACC_00897,64.26,clothing,0,1,0
TXN_4F2289D245AA48AB,2026-06-15 23:20:24.016910+00:00,ACC_00897,43.1,electronics,0,2,0
TXN_600C762F449C42F8,2026-06-15 23:21:28.016910+00:00,ACC_00897,250.61,travel,0,3,0
TXN_041E7511C4E8478C,2026-06-15 23:59:32.016910+00:00,ACC_00042,26.01,fuel,0,0,0
TXN_374855E7CF864D7E,2026-06-16 01:00:11.016910+00:00,ACC_00566,257.27,jewelry,0,0,0
TXN_C55E05F33D3F4AED,2026-06-16 01:14:29.016910+00:00,ACC_00007,110.49,other,0,0,0
TXN_AD97B44507A04BE9,2026-06-16 01:19:22.016910+00:00,ACC_00166,8.19,pharmacy,0,0,0
TXN_12C497BCE4E4402E,2026-06-16 01:28:59.016910+00:00,ACC_00166,41.84,jewelry,0,1,0
TXN_4C44311CC1E741B3,2026-06-16 03:42:40.016910+00:00,ACC_00166,23.73,fuel,0,0,0
TXN_256B338FE0ED4C2A,2026-06-16 03:48:06.016910+00:00,ACC_00166,289.36,gaming,0,1,0
TXN_030308D1FFD343DA,2026-06-16 04:14:42.016910+00:00,ACC_00166,429.43,clothing,0,2,0
TXN_16FE925051F5433B,2026-06-16 04:42:40.016910+00:00,ACC_00166,76.54,other,0,2,0
TXN_1CD4D2BBF3CE4028,2026-06-16 05:39:07.016910+00:00,ACC_00222,141.79,other,0,0,0
TXN_DB49F55671EF43C9,2026-06-16 06:28:23.016910+00:00,ACC_00123,804.17,fuel,0,0,0
TXN_B8178F8CEF2A4620,2026-06-16 06:44:17.016910+00:00,ACC_00123,35.4,pharmacy,0,1,0
TXN_445485952B3D40BC,2026-06-16 07:15:28.016910+00:00,ACC_00123,30.76,fuel,0,2,0
TXN_4E0A221E8C7740B2,2026-06-16 07:26:56.016910+00:00,ACC_00123,322.7,hotel,0,3,0
TXN_D6B12AB318C3477B,2026-06-16 08:04:45.016910+00:00,ACC_00123,500.62,hotel,0,2,0
TXN_F92551674B884E4D,2026-06-16 08:23:40.016910+00:00,ACC_00186,230.65,jewelry,0,0,0
TXN_9F4393F6EA4A4541,2026-06-16 08:28:36.016910+00:00,ACC_00186,35.25,pharmacy,0,1,0
TXN_B4F097329D454485,2026-06-16 08:34:41.016910+00:00,ACC_00186,36.89,gaming,0,2,0
TXN_C4C1FE99BA874AAD,2026-06-16 08:43:32.016910+00:00,ACC_00186,232.06,clothing,0,3,0
TXN_35C24A6215ED4D5E,2026-06-16 08:44:16.016910+00:00,ACC_00186,111.2,clothing,0,4,0
TXN_55D9DAC75170475B,2026-06-16 09:36:35.016910+00:00,ACC_00186,52.77,travel,0,2,0
TXN_967B76AB1E8E4A10,2026-06-16 09:37:32.016910+00:00,ACC_00186,696.45,electronics,0,3,0
TXN_3C96A872B49548E5,2026-06-16 11:11:31.016910+00:00,ACC_00186,11.74,hotel,0,0,0
TXN_5B7639DB40E5493B,2026-06-16 11:17:20.016910+00:00,ACC_00539,915.17,jewelry,0,0,0
TXN_140B7E91CF9B44BE,2026-06-16 11:26:22.016910+00:00,ACC_00177,73.75,restaurant,0,0,0
TXN_A460CC3156A54386,2026-06-16 12:32:24.016910+00:00,ACC_00177,46.27,gaming,0,0,0
TXN_14A9EB19E766459F,2026-06-16 12:40:24.016910+00:00,ACC_00177,50.83,clothing,0,1,0
TXN_60C9DBEEEC1C4BBD,2026-06-16 12:49:14.016910+00:00,ACC_00177,33.86,fuel,0,2,0
TXN_4BAEACBCD4714657,2026-06-16 12:52:22.016910+00:00,ACC_00177,44.02,hotel,0,3,0
TXN_8DF45FCEFF4D4A2D,2026-06-16 13:03:08.016910+00:00,ACC_00177,1261.26,jewelry,0,4,0
TXN_6CF9C34E3A514F9A,2026-06-16 13:11:35.016910+00:00,ACC_00177,109.72,hotel,0,5,0
TXN_57C7A4CC83BB411B,2026-06-16 14:09:52.016910+00:00,ACC_00202,86.64,jewelry,0,0,0
TXN_CD38E49DB535403A,2026-06-16 14:12:30.016910+00:00,ACC_00202,234.13,gaming,0,1,0
TXN_E8B12157FD9348FE,2026-06-16 14:32:02.016910+00:00,ACC_00202,170.92,electronics,0,2,0
TXN_A4C876C358854E03,2026-06-16 14:50:58.016910+00:00,ACC_00202,81.71,clothing,0,3,0
TXN_8571CB733F67490F,2026-06-16 14:59:43.016910+00:00,ACC_00202,1522.1,jewelry,0,4,0
TXN_49A8618285E444A2,2026-06-16 15:02:36.016910+00:00,ACC_00202,83.4,online_services,0,5,0
TXN_508B80E96BAB41CC,2026-06-16 15:09:23.016910+00:00,ACC_00202,21.12,grocery,0,6,0
TXN_151B8089B1D94948,2026-06-16 15:40:41.016910+00:00,ACC_00202,208.18,hotel,0,4,0
TXN_75D7329CE6134F08,2026-06-16 16:14:45.016910+00:00,ACC_00181,16.67,fuel,0,0,0
TXN_69CDCEA0C0D548D9,2026-06-16 16:36:39.016910+00:00,ACC_00457,24.97,fuel,0,0,0
TXN_70FA172C472B49C8,2026-06-16 18:05:27.016910+00:00,ACC_00295,148.17,electronics,0,0,0
TXN_FC615E04B4D2413D,2026-06-16 18:58:14.016910+00:00,ACC_00667,83.68,pharmacy,0,0,0
TXN_E9C46FB311364C25,2026-06-16 19:05:56.016910+00:00,ACC_00266,63.55,electronics,0,0,0
TXN_B53F84D492414EFD,2026-06-16 19:22:28.016910+00:00,ACC_00199,37.63,gaming,0,0,0
TXN_DAA8DA0A4D4C4415,2026-06-16 20:25:29.016910+00:00,ACC_00110,46.57,other,0,0,0
TXN_8B65B0B847E84829,2026-06-16 20:46:32.016910+00:00,ACC_00035,100.46,pharmacy,0,0,0
TXN_46B270CD88304594,2026-06-16 21:41:17.016910+00:00,ACC_00524,56.41,other,0,0,0
TXN_32CCF178E5934072,2026-06-16 21:47:15.016910+00:00,ACC_00458,171.25,restaurant,0,0,0
TXN_450884770B79432E,2026-06-16 21:52:55.016910+00:00,ACC_00831,28.51,online_services,0,0,0
TXN_97AAD9E025A34E6F,2026-06-16 22:15:19.016910+00:00,ACC_00094,26.45,gaming,0,0,0
TXN_6A51C504DACA49AF,2026-06-16 22:29:01.016910+00:00,ACC_00915,179.21,online_services,0,0,0
TXN_BF261E2271394A44,2026-06-16 22:34:13.016910+00:00,ACC_00589,47.79,restaurant,0,0,0
TXN_844B7BF9426947A4,2026-06-16 22:39:16.016910+00:00,ACC_00612,1319.02,electronics,0,0,0
TXN_C5A143CE31BD49DC,2026-06-16 23:51:13.016910+00:00,ACC_00959,150.14,grocery,1,0,0
TXN_BE9A6AED40C6488E,2026-06-17 00:14:01.016910+00:00,ACC_00604,33.82,hotel,0,0,0
TXN_6C95F485E8B244B7,2026-06-17 00:18:34.016910+00:00,ACC_00404,110.26,electronics,0,0,0
TXN_59FE551A7C824B88,2026-06-17 00:23:11.016910+00:00,ACC_00143,66.59,clothing,0,0,0
TXN_3A5636557760454E,2026-06-17 00:23:35.016910+00:00,ACC_00976,137.93,hotel,0,0,0
TXN_483BB1AA0BE14DCE,2026-06-17 00:30:35.016910+00:00,ACC_00913,95.53,electronics,0,0,0
TXN_9DEF1C8D8F014689,2026-06-17 00:45:48.016910+00:00,ACC_00028,135.22,hotel,0,0,0
TXN_DF3CBC9807194CE5,2026-06-17 01:04:04.016910+00:00,ACC_00807,142.43,hotel,0,0,0
TXN_8EFFD55D8E064389,2026-06-17 01:18:09.016910+00:00,ACC_00795,550.89,grocery,0,0,0
TXN_0066FF114A6C4795,2026-06-17 01:29:29.016910+00:00,ACC_00894,12616.62,travel,0,0,0
TXN_2A444CD1531B4970,2026-06-17 01:58:18.016910+00:00,ACC_00932,267.18,clothing,0,0,0
TXN_32AAF95C10E14868,2026-06-17 02:05:13.016910+00:00,ACC_00129,227.15,hotel,0,0,0
TXN_E2803F90AB1F4B4A,2026-06-17 02:45:19.016910+00:00,ACC_00912,66.19,online_services,0,0,0
TXN_FB171C206B014F04,2026-06-17 03:34:57.016910+00:00,ACC_00029,36.28,grocery,1,0,0
TXN_DA10758D944D40B4,2026-06-17 03:38:16.016910+00:00,ACC_00102,66.05,clothing,0,0,0
TXN_ABEC65A58DD049D8,2026-06-17 03:48:35.016910+00:00,ACC_00803,64.82,gaming,0,0,0
TXN_5B3C5AD7F6614955,2026-06-17 04:13:48.016910+00:00,ACC_00317,55.2,travel,0,0,0
TXN_CB2E97319A7C4BA4,2026-06-17 04:18:52.016910+00:00,ACC_00746,106.07,fuel,0,0,0
TXN_EBAB283C12164D35,2026-06-17 04:24:32.016910+00:00,ACC_00191,75.81,hotel,0,0,0
TXN_C1ADE574EF434236,2026-06-17 04:48:31.016910+00:00,ACC_00853,595.25,travel,0,0,0
TXN_94A47BFDD34C4E8F,2026-06-17 04:48:51.016910+00:00,ACC_00853,2.0,restaurant,0,1,0
TXN_04EF00E6E10B407E,2026-06-17 05:02:14.016910+00:00,ACC_00853,52.36,online_services,0,2,0
TXN_5B9406683AFD4A41,2026-06-17 05:34:19.016910+00:00,ACC_00853,308.85,hotel,0,3,0
TXN_9C2997883E6B4646,2026-06-17 05:38:38.016910+00:00,ACC_00853,111.82,other,0,4,0
TXN_62BDE5F0AA224AC8,2026-06-17 05:49:23.016910+00:00,ACC_00853,11.97,fuel,0,3,0
TXN_916DEE5D9F574A36,2026-06-17 05:58:25.016910+00:00,ACC_00085,428.6,electronics,0,0,0
TXN_7E5BE9135A42437B,2026-06-17 06:16:32.016910+00:00,ACC_00855,55.08,electronics,0,0,0
TXN_CEA54E35FF0E4DF5,2026-06-17 06:17:07.016910+00:00,ACC_00473,17.81,restaurant,0,0,0
TXN_F846FCE2C09E4E2D,2026-06-17 06:38:50.016910+00:00,ACC_00007,96.46,travel,0,0,0
TXN_3A87CDB2AF1D46D8,2026-06-17 07:30:02.016910+00:00,ACC_00430,9.87,online_services,0,0,0
TXN_59C5CFB2B6AA4FA3,2026-06-17 08:18:03.016910+00:00,ACC_00114,54.76,online_services,0,0,0
TXN_592ED809D1264989,2026-06-17 09:37:03.016910+00:00,ACC_00324,14456.38,travel,0,0,0
TXN_CCFB9A33876A47E2,2026-06-17 10:13:26.016910+00:00,ACC_00451,185.13,online_services,0,0,0
TXN_AC64B1C64C774917,2026-06-17 10:21:42.016910+00:00,ACC_00770,95.51,hotel,0,0,0
TXN_6F1EB537C79D469A,2026-06-17 10:22:52.016910+00:00,ACC_00882,39.16,fuel,0,0,0
TXN_7D31BC1111564C29,2026-06-17 10:33:09.016910+00:00,ACC_00688,14779.72,travel,0,0,0
TXN_3B51E2FE7BFB4DE6,2026-06-17 10:58:22.016910+00:00,ACC_00373,39.22,gaming,0,0,0
TXN_B4FE7A04D9864D86,2026-06-17 10:59:26.016910+00:00,ACC_00373,728.84,jewelry,0,1,0
TXN_15F4FA68763E4146,2026-06-17 11:22:23.016910+00:00,ACC_00373,133.38,travel,0,2,0
TXN_DCD9F36E57684EAB,2026-06-17 11:30:38.016910+00:00,ACC_00373,15000.0,travel,1,8,0
TXN_ECB41FFE2A68459A,2026-06-17 12:11:30.016910+00:00,ACC_00373,63.19,clothing,0,2,0
TXN_531B88A118514C4A,2026-06-17 12:23:29.016910+00:00,ACC_00373,10.04,grocery,0,2,0
TXN_DE01D09A25C641F3,2026-06-17 12:34:37.016910+00:00,ACC_00373,48.51,fuel,0,2,0
TXN_699A05B8A64D4E19,2026-06-17 12:56:36.016910+00:00,ACC_00373,74.75,clothing,0,3,0
TXN_8C0AE8E831AC437D,2026-06-17 12:58:38.016910+00:00,ACC_00057,110.65,jewelry,0,0,0
TXN_22BC9FB6A07E42CD,2026-06-17 14:05:12.016910+00:00,ACC_00245,55.89,grocery,0,0,0
TXN_8FCB8C3C61B447BD,2026-06-17 14:12:30.016910+00:00,ACC_00890,26.21,pharmacy,0,0,0
TXN_96D9528CAB744885,2026-06-17 14:42:17.016910+00:00,ACC_00332,21.33,online_services,0,0,0
TXN_5DF9377144B5475A,2026-06-17 15:11:02.016910+00:00,ACC_00158,6.39,restaurant,0,0,0
TXN_040DFED106174262,2026-06-17 15:38:34.016910+00:00,ACC_00469,31.44,hotel,0,0,0
TXN_DB5997B7364E45F9,2026-06-17 15:42:41.016910+00:00,ACC_00075,213.98,gaming,0,0,0
TXN_0B142AF208E04C68,2026-06-17 15:49:54.016910+00:00,ACC_00730,25.23,pharmacy,0,0,0
TXN_4D3BC4FAE33B4BAD,2026-06-17 15:54:00.016910+00:00,ACC_00435,56.73,fuel,0,0,0
TXN_D6865D4EF3D34C29,2026-06-17 15:56:05.016910+00:00,ACC_00828,47.38,other,0,0,0
TXN_2F53DBE202D14200,2026-06-17 16:17:14.016910+00:00,ACC_00551,688.56,travel,0,0,0
TXN_3AEFC8B3A2E94C7B,2026-06-17 16:59:27.016910+00:00,ACC_00335,18.75,fuel,0,0,0
TXN_DCC4F41930A841D6,2026-06-17 17:16:09.016910+00:00,ACC_00768,30.33,restaurant,0,0,0
TXN_1CEF7611B6D94177,2026-06-17 17:32:02.016910+00:00,ACC_00271,28.32,gaming,0,0,0
TXN_BD1D23CD8AA84B4F,2026-06-17 18:09:47.016910+00:00,ACC_00173,106.81,fuel,0,0,0
TXN_549A6B7324E2464C,2026-06-17 18:42:57.016910+00:00,ACC_00141,160.38,hotel,0,0,0
TXN_E4091F88E4B24A4D,2026-06-17 20:16:56.016910+00:00,ACC_00196,46.83,gaming,0,0,0
TXN_FD9727B2DE5243AD,2026-06-17 20:36:46.016910+00:00,ACC_00093,12.28,grocery,0,0,0
TXN_AC27D8D3B8B44E6D,2026-06-17 21:48:08.016910+00:00,ACC_00507,359.54,gaming,0,0,0
TXN_BA071313A18E429B,2026-06-17 22:03:56.016910+00:00,ACC_00321,48.68,other,0,0,0
TXN_4E733F1C6026477F,2026-06-17 23:52:20.016910+00:00,ACC_00553,14404.95,travel,0,0,0
TXN_E10D403988634621,2026-06-17 23:56:14.016910+00:00,ACC_00586,25.65,hotel,0,0,0
TXN_7AF8FD0D89DF4146,2026-06-18 00:27:56.016910+00:00,ACC_00586,15.29,other,0,1,0
TXN_A59DD502354142D1,2026-06-18 03:02:21.016910+00:00,ACC_00586,29.0,restaurant,0,0,0
TXN_2C6A200CFACC4848,2026-06-18 03:03:25.016910+00:00,ACC_00586,139.69,clothing,0,1,0
TXN_998E818CA3404EB6,2026-06-18 03:32:31.016910+00:00,ACC_00586,300.11,jewelry,0,2,0
TXN_C8390BF018254622,2026-06-18 03:53:16.016910+00:00,ACC_00586,26.88,electronics,0,3,0
TXN_37CA477759184428,2026-06-18 05:43:35.016910+00:00,ACC_00284,34.73,pharmacy,0,0,0
TXN_2250C68356AE4CBF,2026-06-18 05:44:14.016910+00:00,ACC_00284,848.78,jewelry,0,1,0
TXN_ABAC24982B3B49C3,2026-06-18 05:48:19.016910+00:00,ACC_00284,81.44,electronics,0,2,0
TXN_291AC512975342FC,2026-06-18 05:56:02.016910+00:00,ACC_00284,67.73,clothing,0,3,0
TXN_FC9E57724BB042C6,2026-06-18 06:38:40.016910+00:00,ACC_00378,38.15,clothing,0,0,0
TXN_7F3091888A4B482A,2026-06-18 07:35:12.016910+00:00,ACC_00378,65.02,grocery,0,1,0
TXN_669717BF370A4114,2026-06-18 07:35:46.016910+00:00,ACC_00378,21.13,gaming,1,2,0
TXN_ECDC0CE6F3844177,2026-06-18 07:41:55.016910+00:00,ACC_00378,7.76,travel,0,2,0
TXN_D2D51F809B744744,2026-06-18 08:24:47.016910+00:00,ACC_00378,14.74,gaming,0,3,0
TXN_B71AAA76834744EB,2026-06-18 09:13:33.016910+00:00,ACC_00378,72.36,electronics,0,1,0
TXN_2F380B100D394BE3,2026-06-18 09:22:43.016910+00:00,ACC_00378,105.03,electronics,0,2,0
TXN_A17DFBF86DD744CD,2026-06-18 09:37:56.016910+00:00,ACC_00378,33.77,clothing,0,2,0
TXN_47742A0419F04082,2026-06-18 10:08:57.016910+00:00,ACC_00408,29.47,online_services,0,0,0
TXN_50CF5F7F788241EF,2026-06-18 10:30:42.016910+00:00,ACC_00408,391.63,travel,0,1,0
TXN_722DF29DF60744E6,2026-06-18 10:42:02.016910+00:00,ACC_00408,10.53,restaurant,0,2,0
TXN_1475B6E4764647FB,2026-06-18 10:46:34.016910+00:00,ACC_00408,116.52,hotel,0,3,0
TXN_651B620EED1A4836,2026-06-18 10:49:11.016910+00:00,ACC_00408,11.33,gaming,0,4,0
TXN_5104CD8D7F3D4D6A,2026-06-18 11:02:46.016910+00:00,ACC_00474,227.31,electronics,0,0,0
TXN_42A0B612014C42F8,2026-06-18 11:16:11.016910+00:00,ACC_00101,182.82,travel,0,0,0
TXN_3939317635F641B2,2026-06-18 12:44:25.016910+00:00,ACC_00052,350.71,online_services,0,0,0
TXN_4564E6BE5B3949EA,2026-06-18 13:16:08.016910+00:00,ACC_00660,81.47,jewelry,0,0,0
TXN_00D693D482A34BCA,2026-06-18 13:18:17.016910+00:00,ACC_00194,233.24,gaming,0,0,0
TXN_88F6BA5BBC04415C,2026-06-18 13:24:29.016910+00:00,ACC_00886,11.43,restaurant,0,0,0
TXN_037C900722A94F48,2026-06-18 13:40:43.016910+00:00,ACC_00886,80.86,hotel,0,1,0
TXN_50F2BB1848744F21,2026-06-18 13:45:07.016910+00:00,ACC_00886,32.38,hotel,0,2,0
TXN_BD1D4B01004B4F96,2026-06-18 14:18:13.016910+00:00,ACC_00886,862.31,electronics,0,3,0
TXN_9B3B7814F30342E3,2026-06-18 14:28:43.016910+00:00,ACC_00886,50.82,pharmacy,0,3,0
TXN_8E9273DEAFF94A8E,2026-06-18 15:06:55.016910+00:00,ACC_00886,85.61,other,0,2,0
TXN_8C9D624B040F40A1,2026-06-18 15:43:27.016910+00:00,ACC_00886,19.79,gaming,1,1,0
TXN_C76E4CC3C7274600,2026-06-18 16:11:32.016910+00:00,ACC_00195,5.72,clothing,0,0,0
TXN_D21873F4E615417E,2026-06-18 17:19:36.016910+00:00,ACC_00165,31.13,gaming,0,0,0
TXN_EEAA9AE408824465,2026-06-18 17:27:45.016910+00:00,ACC_00151,433.25,other,0,0,0
TXN_17756950D80B4C10,2026-06-18 17:30:43.016910+00:00,ACC_00911,6.82,fuel,0,0,0
TXN_2C2C68E6C0584836,2026-06-18 18:13:03.016910+00:00,ACC_00521,33.08,online_services,0,0,0
TXN_BB4B728C3DFE4D31,2026-06-18 18:45:43.016910+00:00,ACC_00521,40.86,grocery,0,1,0
TXN_D5339B7257F642AF,2026-06-18 19:03:26.016910+00:00,ACC_00521,181.29,hotel,1,2,0
TXN_F66046C1658C4808,2026-06-18 19:04:49.016910+00:00,ACC_00521,4.96,grocery,0,3,0
TXN_BFB1FCE0044343AD,2026-06-18 19:21:20.016910+00:00,ACC_00521,34.09,hotel,0,3,0
TXN_CF5A4312AE9749C8,2026-06-18 20:11:57.016910+00:00,ACC_00521,20.42,online_services,0,1,0
TXN_6D2ECACB03E04829,2026-06-18 20:29:09.016910+00:00,ACC_00521,328.7,hotel,0,1,0
TXN_1452DB0D8BF6497F,2026-06-18 21:07:27.016910+00:00,ACC_00521,96.55,pharmacy,0,2,0
TXN_883651B318624847,2026-06-18 21:14:47.016910+00:00,ACC_00297,56.09,fuel,0,0,0
TXN_7A19193ACE464D57,2026-06-18 21:45:31.016910+00:00,ACC_00840,24.41,pharmacy,0,0,0
TXN_D157FC38120D40ED,2026-06-18 22:15:10.016910+00:00,ACC_00885,87.94,restaurant,0,0,0
TXN_82F10791EA704933,2026-06-18 23:01:27.016910+00:00,ACC_00341,141.47,hotel,0,0,0
TXN_3D0D21DB0A7543C6,2026-06-18 23:23:29.016910+00:00,ACC_00070,660.78,jewelry,0,0,0
TXN_2C3CA33DF0AA4ED0,2026-06-19 00:36:43.016910+00:00,ACC_00512,50.34,pharmacy,0,0,0
TXN_2534BCEAAFA54C30,2026-06-19 00:39:36.016910+00:00,ACC_00936,21.78,hotel,1,0,0
TXN_3CE74781AA5E4C12,2026-06-19 00:41:31.016910+00:00,ACC_00941,6.28,other,0,0,0
TXN_B554A0B64699465D,2026-06-19 01:25:43.016910+00:00,ACC_00584,36.98,other,0,0,0
TXN_3183CB9E225E4F43,2026-06-19 01:27:43.016910+00:00,ACC_00009,257.87,electronics,0,0,0
TXN_4847B54BBA4D4FD0,2026-06-19 01:38:45.016910+00:00,ACC_00272,25.76,online_services,0,0,0
TXN_518DEA5311234CEC,2026-06-19 02:04:46.016910+00:00,ACC_00203,433.54,electronics,0,0,0
TXN_908598093DAC4AC6,2026-06-19 02:05:11.016910+00:00,ACC_00072,81.84,fuel,0,0,0
TXN_1CB3CA4CADB542DC,2026-06-19 02:37:43.016910+00:00,ACC_00484,176.02,clothing,0,0,0
TXN_F0B94534D379455F,2026-06-19 02:38:22.016910+00:00,ACC_00484,75.87,electronics,0,1,0
TXN_08A608CB2EC04552,2026-06-19 02:48:47.016910+00:00,ACC_00484,13.02,pharmacy,0,2,0
TXN_B8B0E419038C412E,2026-06-19 03:00:41.016910+00:00,ACC_00484,17.12,clothing,0,3,0
TXN_5195F10750A7451B,2026-06-19 03:08:40.016910+00:00,ACC_00034,73.75,gaming,0,0,0
TXN_F70681DA75314704,2026-06-19 04:21:56.016910+00:00,ACC_00034,9.36,online_services,0,0,0
TXN_A9B1DFCB75244AB6,2026-06-19 04:48:17.016910+00:00,ACC_00034,24.7,hotel,0,1,0
TXN_24F4CFC5DB2E454F,2026-06-19 05:03:05.016910+00:00,ACC_00034,121.98,jewelry,0,2,0
TXN_FA80230417424F95,2026-06-19 05:04:14.016910+00:00,ACC_00034,54.52,online_services,0,3,0
TXN_DB0A4B086F744051,2026-06-19 06:00:40.016910+00:00,ACC_00034,20.72,online_services,0,2,0
TXN_6A7204417E44401E,2026-06-19 06:03:08.016910+00:00,ACC_00402,403.28,travel,0,0,0
TXN_667CE85EB3004CFF,2026-06-19 06:30:38.016910+00:00,ACC_00840,119.26,pharmacy,0,0,0
TXN_266398A969D24DC6,2026-06-19 06:58:51.016910+00:00,ACC_00840,2.68,pharmacy,0,1,0
TXN_6CC2D96F025248AD,2026-06-19 07:36:59.016910+00:00,ACC_00840,171.08,hotel,0,1,0
TXN_282EB648248D436E,2026-06-19 07:54:28.016910+00:00,ACC_00840,22.64,fuel,0,2,0
TXN_2E35555D701343B1,2026-06-19 08:12:49.016910+00:00,ACC_00840,94.71,fuel,0,2,0
TXN_FAE153726D3041B6,2026-06-19 08:27:45.016910+00:00,ACC_00840,177.08,electronics,0,3,0
TXN_9D1CFCED1C07497E,2026-06-19 09:10:12.016910+00:00,ACC_00840,58.52,clothing,0,2,0
TXN_21F0FCFFC4AC4C9D,2026-06-19 09:13:43.016910+00:00,ACC_00840,34.03,fuel,0,2,0
TXN_1159F77C7A124112,2026-06-19 10:09:00.016910+00:00,ACC_00170,8.68,grocery,0,0,0
TXN_667C22060CBF4E74,2026-06-19 10:42:18.016910+00:00,ACC_00800,472.64,clothing,0,0,0
TXN_911E58646FBB4CFB,2026-06-19 10:42:53.016910+00:00,ACC_00441,8.44,restaurant,0,0,0
TXN_5B332C217C614E00,2026-06-19 10:47:27.016910+00:00,ACC_00614,206.77,fuel,0,0,0
TXN_219C3C00AA7844AE,2026-06-19 11:11:33.016910+00:00,ACC_00526,428.66,jewelry,0,0,0
TXN_B5FF5A905A8D495C,2026-06-19 11:38:23.016910+00:00,ACC_00533,27.09,online_services,0,0,0
TXN_554FC3AC1B8E45E3,2026-06-19 11:52:46.016910+00:00,ACC_00996,73.57,travel,0,0,0
TXN_3C5A07984197467E,2026-06-19 12:03:41.016910+00:00,ACC_00816,7.17,pharmacy,0,0,0
TXN_4F810E74850548D7,2026-06-19 12:39:50.016910+00:00,ACC_00438,114.19,hotel,0,0,0
TXN_BAC2E4917DFC4B55,2026-06-19 12:54:07.016910+00:00,ACC_00280,46.19,jewelry,0,0,0
TXN_4BB28E9FF2E64B44,2026-06-19 13:09:21.016910+00:00,ACC_00280,687.01,jewelry,1,1,0
TXN_B7B2290D467D4437,2026-06-19 14:03:35.016910+00:00,ACC_00280,64.49,clothing,0,1,0
TXN_8D6BFDB4EB4A49BC,2026-06-19 14:13:53.016910+00:00,ACC_00280,107.01,electronics,0,1,0
TXN_0B77AD0AE74E4E35,2026-06-19 15:01:46.016910+00:00,ACC_00280,48.38,online_services,0,2,0
TXN_52A65511357D47E7,2026-06-19 15:02:43.016910+00:00,ACC_00280,59.67,gaming,1,3,0
TXN_8C73383B845D46E4,2026-06-19 15:29:23.016910+00:00,ACC_00280,79.48,electronics,1,2,0
TXN_2E86E35720584507,2026-06-19 15:37:56.016910+00:00,ACC_00280,179.96,jewelry,0,3,0
TXN_DC86BD7B8D7E47AA,2026-06-19 16:33:22.016910+00:00,ACC_00157,15000.0,travel,1,8,1
TXN_D15189D633A1405E,2026-06-19 16:38:07.016910+00:00,ACC_00703,76.75,restaurant,1,0,0
TXN_66EFF44DF8084595,2026-06-19 16:55:20.016910+00:00,ACC_00172,204.9,electronics,0,0,0
TXN_E4A63AB6C0B34AEF,2026-06-19 17:14:28.016910+00:00,ACC_00496,16.93,restaurant,0,0,0
TXN_EE2CCFE7EEF54904,2026-06-19 17:39:47.016910+00:00,ACC_00869,4.23,restaurant,0,0,0
TXN_A325230D206848BA,2026-06-19 17:46:55.016910+00:00,ACC_00409,90.67,other,1,0,0
TXN_4151352834C94CD3,2026-06-19 18:16:41.016910+00:00,ACC_00672,60.31,other,0,0,0
TXN_1A222462263E4A40,2026-06-19 18:45:15.016910+00:00,ACC_00864,39.64,clothing,0,0,0
TXN_92208E067EB440F6,2026-06-19 18:50:28.016910+00:00,ACC_00317,127.68,travel,0,0,0
TXN_3BF254ACB4C94E8D,2026-06-19 19:29:10.016910+00:00,ACC_00797,35.5,hotel,0,0,0
TXN_2D46137BA4574AA8,2026-06-19 19:54:35.016910+00:00,ACC_00312,11.32,restaurant,0,0,0
TXN_3851666FC0234223,2026-06-19 20:07:40.016910+00:00,ACC_00733,123.08,online_services,0,0,0
TXN_EFF70BFE0AA64D3B,2026-06-19 20:35:18.016910+00:00,ACC_00191,16.97,travel,0,0,0
TXN_B1296D43D419424D,2026-06-19 21:07:26.016910+00:00,ACC_00751,91.8,grocery,0,0,0
TXN_89C24C373FC840BC,2026-06-19 21:17:01.016910+00:00,ACC_00290,182.55,gaming,0,0,0
TXN_057F3E4830D941B1,2026-06-19 21:23:58.016910+00:00,ACC_00116,53.24,pharmacy,0,0,0
TXN_9011898D58094DBD,2026-06-19 21:36:59.016910+00:00,ACC_00728,210.88,travel,0,0,0
TXN_E6B5BF04439D470C,2026-06-19 21:45:33.016910+00:00,ACC_00754,44.93,electronics,0,0,0
TXN_E463FB0B75124CDB,2026-06-19 23:39:19.016910+00:00,ACC_00672,51.22,electronics,0,0,0
TXN_9926BB8E1DFC4914,2026-06-19 23:40:35.016910+00:00,ACC_00578,91.36,travel,0,0,0
TXN_4EB7DA908E8D40BF,2026-06-19 23:46:34.016910+00:00,ACC_00172,11.79,online_services,0,0,0
TXN_AA5732836A574C13,2026-06-20 00:25:38.016910+00:00,ACC_00411,11.97,restaurant,0,0,0
TXN_A44E97E7275040CE,2026-06-20 00:36:51.016910+00:00,ACC_00814,240.37,jewelry,0,0,0
TXN_F916A558F812436A,2026-06-20 01:18:56.016910+00:00,ACC_00184,69.03,hotel,0,0,0
TXN_1655690A6EBB4125,2026-06-20 02:11:29.016910+00:00,ACC_00174,58.88,clothing,0,0,0
TXN_929C140AEBD147E7,2026-06-20 03:18:48.016910+00:00,ACC_00588,122.57,online_services,0,0,0
TXN_0A72F46F4DC34647,2026-06-20 03:43:37.016910+00:00,ACC_00657,162.32,travel,1,0,0
TXN_CB1D401CDCA242AD,2026-06-20 03:44:04.016910+00:00,ACC_00535,42.66,restaurant,0,0,0
TXN_452F6A04B07E4C08,2026-06-20 03:47:37.016910+00:00,ACC_00815,45.53,jewelry,0,0,0
TXN_F2A92711910F4B6F,2026-06-20 04:13:22.016910+00:00,ACC_00423,120.18,online_services,0,0,0
TXN_F20C855A269F4921,2026-06-20 05:20:53.016910+00:00,ACC_00447,8.91,online_services,1,0,0
TXN_12A8FD9904E942C6,2026-06-20 05:30:28.016910+00:00,ACC_00025,22.63,fuel,0,0,0
TXN_151E53DE26674233,2026-06-20 05:32:59.016910+00:00,ACC_00957,37.07,hotel,0,0,0
TXN_8C2B1C151DF44DAB,2026-06-20 05:45:46.016910+00:00,ACC_00925,17.0,electronics,0,0,0
TXN_22ADC4E124034FE1,2026-06-20 05:56:06.016910+00:00,ACC_00953,246.6,jewelry,1,0,0
TXN_EF3377B557104D8C,2026-06-20 05:59:10.016910+00:00,ACC_00242,186.17,hotel,0,0,0
TXN_552BCE60A5AD43C1,2026-06-20 06:25:58.016910+00:00,ACC_00198,164.6,fuel,0,0,0
TXN_3F9DA92067804CB5,2026-06-20 06:43:37.016910+00:00,ACC_00075,56.61,gaming,1,0,0
TXN_C3CB6CA25BE54B4E,2026-06-20 06:48:37.016910+00:00,ACC_00323,14.29,pharmacy,0,0,0
TXN_98849264B097485E,2026-06-20 07:38:21.016910+00:00,ACC_00323,16.88,restaurant,0,1,0
TXN_0FFF64CCD1A44C2C,2026-06-20 07:39:16.016910+00:00,ACC_00323,23.95,travel,0,2,0
TXN_B9CF8C18831342B1,2026-06-20 08:03:31.016910+00:00,ACC_00323,29.75,gaming,0,2,0
TXN_7146B351631E4940,2026-06-20 08:09:38.016910+00:00,ACC_00323,47.47,clothing,0,3,0
TXN_F387F9FA65B54D6D,2026-06-20 09:31:11.016910+00:00,ACC_00323,222.71,travel,0,0,0
TXN_775A2004C3BE4C9A,2026-06-20 09:37:38.016910+00:00,ACC_00323,81.36,grocery,0,1,0
TXN_5FDFF87ACF284775,2026-06-20 09:40:32.016910+00:00,ACC_00963,51.67,pharmacy,0,0,0
TXN_46CBC1ABFE03417B,2026-06-20 09:44:38.016910+00:00,ACC_00103,54.07,travel,0,0,0
TXN_8A7AA08BE336449A,2026-06-20 09:46:37.016910+00:00,ACC_00815,13.34,online_services,0,0,0
TXN_5D2CE77A440F41DB,2026-06-20 10:00:02.016910+00:00,ACC_00347,86.08,gaming,1,0,0
TXN_ABE7AC7155EB4678,2026-06-20 10:38:00.016910+00:00,ACC_00157,6.61,online_services,0,0,0
TXN_AC6F3BE5C39F48CC,2026-06-20 12:28:36.016910+00:00,ACC_00495,316.81,online_services,0,0,0
TXN_A8EEA5BBC6AC406C,2026-06-20 12:31:01.016910+00:00,ACC_00682,18.1,grocery,0,0,0
TXN_842B6A2B1E7C4854,2026-06-20 13:21:50.016910+00:00,ACC_00313,348.81,electronics,0,0,0
TXN_2E3A5E77A9BD4306,2026-06-20 13:44:31.016910+00:00,ACC_00195,21.24,grocery,0,0,0
TXN_9CA01CBA0E9143B1,2026-06-20 13:48:26.016910+00:00,ACC_00707,238.45,travel,0,0,0
TXN_F4627559E116436F,2026-06-20 13:55:25.016910+00:00,ACC_00370,13.76,online_services,0,0,0
TXN_63AA609F990B43B3,2026-06-20 14:15:20.016910+00:00,ACC_00623,50.3,clothing,0,0,0
TXN_46F313DBB0DC4A62,2026-06-20 14:32:20.016910+00:00,ACC_00914,7.08,grocery,0,0,0
TXN_FB2E6A6AF2D24D00,2026-06-20 16:34:38.016910+00:00,ACC_00836,59.7,gaming,0,0,0
TXN_A6EF9A2FA1E04B9B,2026-06-20 16:57:21.016910+00:00,ACC_00621,42.36,travel,0,0,0
TXN_18F34636BB9E4807,2026-06-20 17:00:47.016910+00:00,ACC_00139,17.42,clothing,0,0,0
TXN_EE3592E3EFF64C1A,2026-06-20 17:10:26.016910+00:00,ACC_00403,70.88,hotel,0,0,0
TXN_987B3CE3B8324AC0,2026-06-20 17:27:52.016910+00:00,ACC_00751,25.61,pharmacy,0,0,0
TXN_7DB52CF03A9B4FCF,2026-06-20 18:24:10.016910+00:00,ACC_00485,80.3,clothing,0,0,0
TXN_CBCB7054173F4ED8,2026-06-20 18:25:01.016910+00:00,ACC_00962,160.87,electronics,0,0,0
TXN_173D8F33F52C477B,2026-06-20 18:39:56.016910+00:00,ACC_00252,43.26,grocery,0,0,0
TXN_98A3F56B321A4DD0,2026-06-20 18:50:21.016910+00:00,ACC_00384,117.63,clothing,0,0,0
TXN_9A2E72CA08F64D83,2026-06-20 19:47:46.016910+00:00,ACC_00996,70.36,clothing,0,0,0
TXN_F73BFD96A7DA438F,2026-06-20 21:10:43.016910+00:00,ACC_00430,75.63,clothing,0,0,0
TXN_B060E9DF515E4D47,2026-06-20 21:10:43.016910+00:00,ACC_00273,19.2,other,0,0,0
TXN_1577F8A4EA5E4D75,2026-06-20 21:24:33.016910+00:00,ACC_00314,354.75,travel,0,0,0
TXN_026969BC51924B4F,2026-06-20 21:31:49.016910+00:00,ACC_00348,99.05,gaming,0,0,0
TXN_143B0ACDFC3D4C75,2026-06-20 21:55:30.016910+00:00,ACC_00657,32.4,restaurant,0,0,0
TXN_A059DDCE817C4850,2026-06-20 21:55:48.016910+00:00,ACC_00877,297.67,travel,0,0,0
TXN_1F680A5F04FB40B7,2026-06-20 22:26:09.016910+00:00,ACC_00077,25.9,restaurant,0,0,0
TXN_04E88CDD89944819,2026-06-20 23:13:22.016910+00:00,ACC_00503,498.86,electronics,0,0,0
TXN_3FC95632A47444CA,2026-06-20 23:22:16.016910+00:00,ACC_00601,236.4,jewelry,0,0,0
TXN_81CEE0D5430847DF,2026-06-20 23:55:39.016910+00:00,ACC_00210,30.07,pharmacy,0,0,0
TXN_D1715B87DB764CB0,2026-06-21 00:02:33.016910+00:00,ACC_00384,63.01,gaming,0,0,0
TXN_FAB1F66451B04F88,2026-06-21 00:05:45.016910+00:00,ACC_00063,158.27,restaurant,0,0,0
TXN_3E9DAD07DF484902,2026-06-21 00:21:19.016910+00:00,ACC_00817,78.09,travel,0,0,0
TXN_C77829B0449F476C,2026-06-21 00:26:32.016910+00:00,ACC_00920,147.37,hotel,0,0,0
TXN_A7B3F6B673CA4443,2026-06-21 02:04:40.016910+00:00,ACC_00267,30.08,clothing,1,0,0
TXN_35AF58E6CB5A4F44,2026-06-21 02:16:59.016910+00:00,ACC_00258,125.15,travel,0,0,0
TXN_4E1985580B844CBA,2026-06-21 03:19:38.016910+00:00,ACC_00656,16.61,fuel,0,0,0
TXN_D5872399C0A64FCC,2026-06-21 03:46:17.016910+00:00,ACC_00838,204.52,travel,1,0,0
TXN_154B8228C6CA4C83,2026-06-21 04:06:32.016910+00:00,ACC_00605,54.48,other,0,0,0
TXN_77E9869EC3DF4AF5,2026-06-21 04:09:05.016910+00:00,ACC_00424,93.13,online_services,0,0,0
TXN_C83EF783BFD2452E,2026-06-21 06:54:35.016910+00:00,ACC_00151,77.09,restaurant,0,0,0
TXN_94545CA85C5D4583,2026-06-21 08:34:01.016910+00:00,ACC_00644,127.11,grocery,0,0,0
TXN_B79980126AC54A37,2026-06-21 09:02:51.016910+00:00,ACC_00644,17.32,restaurant,1,1,0
TXN_831E5DF2D7EE4E52,2026-06-21 09:16:29.016910+00:00,ACC_00644,4533.69,hotel,0,2,0
TXN_0FB722240F524B5A,2026-06-21 09:17:17.016910+00:00,ACC_00644,136.61,grocery,0,3,0
TXN_C3DD66F826734F2F,2026-06-21 09:43:57.016910+00:00,ACC_00644,18.85,online_services,0,3,0
TXN_BA30CE97E54B4EA0,2026-06-21 10:28:47.016910+00:00,ACC_00644,42.23,fuel,0,1,0
TXN_0EAD186715944B5D,2026-06-21 11:04:50.016910+00:00,ACC_00233,12.5,restaurant,0,0,0
TXN_BE217E276E0344E7,2026-06-21 11:07:42.016910+00:00,ACC_00082,311.4,other,0,0,0
TXN_1DD5A57FE901450E,2026-06-21 11:41:42.016910+00:00,ACC_00871,134.83,fuel,0,0,0
TXN_19364C5806D14E45,2026-06-21 11:47:29.016910+00:00,ACC_00771,373.42,jewelry,0,0,0
TXN_80781BF5829E4C5B,2026-06-21 12:17:23.016910+00:00,ACC_00663,229.64,travel,0,0,0
TXN_45BE6A22FB01447C,2026-06-21 12:39:46.016910+00:00,ACC_00663,16.31,pharmacy,0,1,0
TXN_10142574DCD14B92,2026-06-21 12:40:36.016910+00:00,ACC_00663,219.87,other,0,2,0
TXN_7169639F9FE54325,2026-06-21 12:54:50.016910+00:00,ACC_00663,81.69,hotel,0,3,0
TXN_F4CDA759E13D4BD0,2026-06-21 12:59:37.016910+00:00,ACC_00864,23.74,gaming,0,0,0
TXN_B38B08072A9F4442,2026-06-21 13:33:45.016910+00:00,ACC_00332,163.64,other,0,0,0
TXN_735EB43A9B374179,2026-06-21 13:37:22.016910+00:00,ACC_00720,149.34,jewelry,0,0,0
TXN_C91EFC0A0E29497D,2026-06-21 13:53:00.016910+00:00,ACC_00511,24.64,online_services,0,0,0
TXN_E2DB54FA9B264CDA,2026-06-21 13:54:22.016910+00:00,ACC_00852,98.96,online_services,0,0,0
TXN_3FC327FFF5EE4AE1,2026-06-21 15:53:33.016910+00:00,ACC_00103,16.14,clothing,0,0,0
TXN_A9A6F0A6CA42433F,2026-06-21 16:59:34.016910+00:00,ACC_00103,3489.7,hotel,0,0,0
TXN_551F60E8191C4E82,2026-06-21 17:07:27.016910+00:00,ACC_00103,54.91,clothing,0,1,0
TXN_FF5BC76818A64609,2026-06-21 17:16:08.016910+00:00,ACC_00103,226.18,electronics,0,2,0
TXN_B8DC677EB0B34016,2026-06-21 18:07:32.016910+00:00,ACC_00103,67.47,gaming,0,1,0
TXN_D7D3A1E8CF5644D0,2026-06-21 18:17:54.016910+00:00,ACC_00103,497.87,gaming,0,1,0
TXN_EDF080A843A94F2C,2026-06-21 18:31:54.016910+00:00,ACC_00103,46.72,fuel,0,2,0
TXN_1E1B9FC0FC684AF2,2026-06-21 18:42:09.016910+00:00,ACC_00103,74.46,electronics,0,3,0
TXN_6D945B2AC6C94B85,2026-06-21 18:53:43.016910+00:00,ACC_00399,109.55,electronics,0,0,0
TXN_3EB421C083DF49A1,2026-06-21 19:25:59.016910+00:00,ACC_00107,166.86,electronics,0,0,0
TXN_0ADDEC60EB5A4EA8,2026-06-21 20:05:59.016910+00:00,ACC_00514,232.59,gaming,0,0,0
TXN_3019CEF94BF74098,2026-06-21 20:59:02.016910+00:00,ACC_00345,252.34,travel,0,0,0
TXN_BE51F762160842D9,2026-06-21 21:02:51.016910+00:00,ACC_00748,51.81,hotel,0,0,0
TXN_8F1F35CBFFA644FC,2026-06-21 21:19:34.016910+00:00,ACC_00944,5676.89,hotel,0,0,0
TXN_7385872C324347FB,2026-06-21 21:59:54.016910+00:00,ACC_00498,368.23,travel,0,0,0
TXN_B3479AF0B6414ED0,2026-06-21 22:21:31.016910+00:00,ACC_00745,49.17,electronics,0,0,0
TXN_1B509E5875D047FA,2026-06-21 22:31:18.016910+00:00,ACC_00961,77.28,jewelry,0,0,0
TXN_2AED9E36728145B6,2026-06-21 22:52:42.016910+00:00,ACC_00866,8.2,restaurant,0,0,0
TXN_8B188353EEBF486D,2026-06-21 22:57:46.016910+00:00,ACC_00873,41.66,online_services,0,0,0
TXN_ABE279188AA54A40,2026-06-22 00:03:57.016910+00:00,ACC_00281,37.94,fuel,0,0,0
TXN_B1A5267BC6924948,2026-06-22 00:05:07.016910+00:00,ACC_00407,17.45,pharmacy,0,0,0
TXN_49603E0015444D63,2026-06-22 00:18:13.016910+00:00,ACC_00055,13.03,clothing,0,0,0
TXN_4D92933D8D2F4B76,2026-06-22 00:27:44.016910+00:00,ACC_00001,9.84,restaurant,0,0,0
TXN_B4CD885B76B84834,2026-06-22 01:27:29.016910+00:00,ACC_00001,257.64,travel,0,1,0
TXN_9988D5CE856B4969,2026-06-22 02:05:25.016910+00:00,ACC_00001,82.99,hotel,0,1,0
TXN_56E140A5A6A74ABE,2026-06-22 02:42:06.016910+00:00,ACC_00001,21.66,other,0,1,0
TXN_FA0F3E7315904220,2026-06-22 03:42:01.016910+00:00,ACC_00001,48.64,online_services,0,1,0
TXN_87E0245DDF264A6E,2026-06-22 03:45:34.016910+00:00,ACC_00001,182.06,travel,0,1,0
TXN_FD839B6C84D241AF,2026-06-22 04:05:08.016910+00:00,ACC_00766,202.56,travel,0,0,0
TXN_4EE97D31DA39455D,2026-06-22 04:05:41.016910+00:00,ACC_00810,146.5,travel,0,0,0
TXN_040124FD0B0A4B88,2026-06-22 04:22:54.016910+00:00,ACC_00511,45.37,clothing,0,0,0
TXN_89EE1B4279504B67,2026-06-22 04:59:31.016910+00:00,ACC_00924,143.33,gaming,0,0,0
TXN_E843E94FEEBE4704,2026-06-22 05:29:49.016910+00:00,ACC_00520,20.4,other,0,0,0
TXN_4AD354FEE8634D4C,2026-06-22 05:37:41.016910+00:00,ACC_00520,31.09,fuel,0,1,0
TXN_838657C868B94091,2026-06-22 05:38:40.016910+00:00,ACC_00520,9.34,other,0,2,0
TXN_2CC421581B3C4032,2026-06-22 06:02:13.016910+00:00,ACC_00520,78.41,hotel,0,3,0
TXN_E85F4346BC2A4C00,2026-06-22 06:07:12.016910+00:00,ACC_00256,45.55,fuel,0,0,0
TXN_CF4A679554B34AF3,2026-06-22 06:13:17.016910+00:00,ACC_00620,61.2,restaurant,0,0,0
TXN_3E283BED2A3645A7,2026-06-22 06:24:16.016910+00:00,ACC_00749,4.79,restaurant,0,0,0
TXN_EE3B409CF756460E,2026-06-22 06:46:13.016910+00:00,ACC_00743,44.24,fuel,0,0,0
TXN_E78792BCA9634E12,2026-06-22 07:16:11.016910+00:00,ACC_00246,692.13,hotel,0,0,0
TXN_9E49A717555C48C1,2026-06-22 07:18:03.016910+00:00,ACC_00357,2.87,gaming,0,0,0
TXN_A9125FDB114749C6,2026-06-22 07:51:12.016910+00:00,ACC_00517,87.28,other,0,0,0
TXN_27BBF5397FB04F6E,2026-06-22 07:58:03.016910+00:00,ACC_00517,8.67,restaurant,0,1,0
TXN_A0960E4772C44B63,2026-06-22 08:20:36.016910+00:00,ACC_00517,35.34,clothing,0,2,0
TXN_8D548A1EF539469F,2026-06-22 08:39:08.016910+00:00,ACC_00517,63.13,grocery,0,3,0
TXN_C0E1F7E611474457,2026-06-22 08:52:02.016910+00:00,ACC_00517,30.31,other,0,3,0
TXN_702AD4610A2A429A,2026-06-22 08:56:55.016910+00:00,ACC_00517,63.56,clothing,0,4,0
TXN_817BD902CF4F4954,2026-06-22 09:34:45.016910+00:00,ACC_00998,133.27,hotel,0,0,0
TXN_2294C9DFDFBB422B,2026-06-22 10:07:54.016910+00:00,ACC_00147,35.95,grocery,0,0,0
TXN_44EB798CC67D41FC,2026-06-22 10:50:38.016910+00:00,ACC_00395,15.82,other,0,0,0
TXN_1B75FF6A02AA4AE8,2026-06-22 11:43:56.016910+00:00,ACC_00845,109.92,jewelry,0,0,0
TXN_E0FA8540376747F8,2026-06-22 11:52:24.016910+00:00,ACC_00927,978.05,travel,0,0,0
TXN_3C8E43C82EB542A0,2026-06-22 11:52:50.016910+00:00,ACC_00677,36.94,other,0,0,0
TXN_45CC0D89573D496A,2026-06-22 12:29:54.016910+00:00,ACC_00056,103.08,travel,0,0,0
TXN_E1735D1017EA429D,2026-06-22 13:05:11.016910+00:00,ACC_00941,82.06,electronics,0,0,0
TXN_1EC8301043304FAA,2026-06-22 13:19:03.016910+00:00,ACC_00794,477.0,jewelry,0,0,0
TXN_D27016AA3B3D4E63,2026-06-22 13:19:59.016910+00:00,ACC_00165,418.89,electronics,0,0,0
TXN_73B2F203EC174F62,2026-06-22 13:26:57.016910+00:00,ACC_00618,34.53,gaming,0,0,0
TXN_DC36C51148364C5F,2026-06-22 14:33:38.016910+00:00,ACC_00984,41.98,gaming,0,0,0
TXN_E29FF2B6616F4161,2026-06-22 15:12:42.016910+00:00,ACC_00342,31.62,restaurant,0,0,0
TXN_D07B9AA076A34B64,2026-06-22 15:13:52.016910+00:00,ACC_00857,80.34,pharmacy,0,0,0
TXN_AA8BAF72E6064BC7,2026-06-22 15:20:53.016910+00:00,ACC_00786,47.43,clothing,0,0,0
TXN_78C8C0BC9B464DA8,2026-06-22 15:28:03.016910+00:00,ACC_00380,116.71,electronics,0,0,0
TXN_4F413299D5774E90,2026-06-22 15:33:33.016910+00:00,ACC_00385,63.3,hotel,0,0,0
TXN_C85CBEC19F4644C1,2026-06-22 18:14:51.016910+00:00,ACC_00071,15000.0,travel,1,7,1
TXN_7E28D66B3BE641B1,2026-06-22 18:30:00.016910+00:00,ACC_00962,56.82,pharmacy,0,0,0
TXN_3A1A18B4CCE44FA0,2026-06-22 19:00:31.016910+00:00,ACC_00962,60.91,pharmacy,0,1,0
TXN_354A1928DA614922,2026-06-22 19:48:53.016910+00:00,ACC_00962,1284.21,jewelry,0,1,0
TXN_36417E64D8524E00,2026-06-22 20:03:53.016910+00:00,ACC_00962,15.48,pharmacy,0,1,0
TXN_3915D46F8F63447F,2026-06-22 20:40:40.016910+00:00,ACC_00962,32.88,pharmacy,0,2,0
TXN_DC69AF33EC5F4D17,2026-06-22 20:41:37.016910+00:00,ACC_00962,30.4,grocery,0,3,0
TXN_96D8D287185040A4,2026-06-22 21:05:27.016910+00:00,ACC_00962,153.89,pharmacy,0,2,0
TXN_DBC0281C73894658,2026-06-22 21:29:14.016910+00:00,ACC_00962,211.15,electronics,0,3,0
TXN_AFDE74808F574AFE,2026-06-22 21:32:21.016910+00:00,ACC_00275,24.54,hotel,0,0,0
TXN_37F8DD5B82D24BA8,2026-06-22 22:04:54.016910+00:00,ACC_00184,29.31,other,0,0,0
TXN_E290CA92E3644B6B,2026-06-22 22:20:57.016910+00:00,ACC_00779,27.17,fuel,0,0,0
TXN_ECEE53189E2A40BC,2026-06-22 22:26:38.016910+00:00,ACC_00093,8.26,pharmacy,0,0,0
TXN_1B06D556C7F34FE3,2026-06-22 22:43:46.016910+00:00,ACC_00958,117.7,hotel,0,0,0
TXN_A5B3B8D47A6543EA,2026-06-22 23:17:32.016910+00:00,ACC_00374,19.75,pharmacy,0,0,0
TXN_1C5BB4B5F89A46F1,2026-06-22 23:40:45.016910+00:00,ACC_00597,236.92,grocery,0,0,0
TXN_E35772E081B146F6,2026-06-22 23:54:26.016910+00:00,ACC_00398,43.0,pharmacy,0,0,0
TXN_370BD8ECEFBE427F,2026-06-23 00:23:57.016910+00:00,ACC_00123,18.72,restaurant,0,0,0
TXN_93916B2AE2ED4C4D,2026-06-23 00:49:23.016910+00:00,ACC_00343,19.4,clothing,0,0,0
TXN_EAB429E15D7C49AB,2026-06-23 01:00:27.016910+00:00,ACC_00077,9.59,hotel,0,0,0
TXN_9B40AFDC8FAC4CED,2026-06-23 01:16:03.016910+00:00,ACC_00084,30.29,pharmacy,0,0,0
TXN_F236E7354B874618,2026-06-23 01:19:25.016910+00:00,ACC_00757,926.29,jewelry,0,0,0
TXN_DF6F246FF4B34C25,2026-06-23 01:46:25.016910+00:00,ACC_00498,175.57,jewelry,0,0,0
TXN_4B9A2CAEA2784642,2026-06-23 02:30:54.016910+00:00,ACC_00622,50.9,other,0,0,0
TXN_E3E008B66F9A4953,2026-06-23 02:43:27.016910+00:00,ACC_00060,461.07,online_services,0,0,0
TXN_7B2475B1EA1F4BF6,2026-06-23 02:49:09.016910+00:00,ACC_00585,309.23,electronics,0,0,0
TXN_6C225CDEF178453A,2026-06-23 02:52:10.016910+00:00,ACC_00081,139.34,electronics,0,0,0
TXN_837FF812CFAB47FF,2026-06-23 03:44:52.016910+00:00,ACC_00289,116.76,other,0,0,0
TXN_9442192665014DC0,2026-06-23 04:32:47.016910+00:00,ACC_00997,38.36,restaurant,0,0,0
TXN_C4298016A7C44CAA,2026-06-23 04:33:08.016910+00:00,ACC_00997,58.07,online_services,0,1,0
TXN_B7EB87ECB6064A2B,2026-06-23 04:40:37.016910+00:00,ACC_00997,23.49,hotel,0,2,0
TXN_0581EB02FD74477F,2026-06-23 05:17:05.016910+00:00,ACC_00997,13.36,fuel,0,3,0
TXN_147BCCEB048049F1,2026-06-23 05:22:06.016910+00:00,ACC_00997,56.46,clothing,0,4,0
TXN_89AEE42BB7904280,2026-06-23 05:47:07.016910+00:00,ACC_00997,46.6,hotel,0,2,0
TXN_6F862CAFAFC449A5,2026-06-23 06:32:39.016910+00:00,ACC_00997,126.32,travel,0,1,0
TXN_722F3A8CEC5C406B,2026-06-23 06:55:27.016910+00:00,ACC_00997,166.38,restaurant,1,1,0
TXN_14C4D667D16B4170,2026-06-23 08:45:08.016910+00:00,ACC_00876,124.79,online_services,0,0,0
TXN_8FCDBFCCAAC24189,2026-06-23 08:55:26.016910+00:00,ACC_00786,25.79,other,0,0,0
TXN_D5C9D7EDE53B4FA0,2026-06-23 09:24:16.016910+00:00,ACC_00212,43.0,hotel,0,0,0
TXN_CDDEE353CE944DBD,2026-06-23 10:19:06.016910+00:00,ACC_00860,7.28,restaurant,0,0,0
TXN_C7AFD6C952A4403B,2026-06-23 10:51:26.016910+00:00,ACC_00989,12602.07,jewelry,0,0,1
TXN_4CDBC367928B41E9,2026-06-23 11:07:32.016910+00:00,ACC_00738,201.86,jewelry,0,0,0
TXN_CEBEC075DB424347,2026-06-23 11:19:02.016910+00:00,ACC_00069,134.87,clothing,0,0,0
TXN_5A317D1405074BDE,2026-06-23 11:20:52.016910+00:00,ACC_00728,127.38,jewelry,0,0,0
TXN_BA9963526C444C89,2026-06-23 12:24:35.016910+00:00,ACC_00728,13.07,grocery,0,0,0
TXN_37A31D90712C4202,2026-06-23 12:43:34.016910+00:00,ACC_00728,33.86,fuel,0,1,0
TXN_BA61C21E37FB4400,2026-06-23 12:58:00.016910+00:00,ACC_00728,147.69,gaming,0,2,0
TXN_7FF69E5E9BEF4910,2026-06-23 13:04:03.016910+00:00,ACC_00728,10.36,clothing,0,3,0
TXN_0F721FA6390F41BE,2026-06-23 14:12:38.016910+00:00,ACC_00528,47.7,grocery,0,0,0
TXN_3EACD33469EB4784,2026-06-23 14:53:27.016910+00:00,ACC_00051,45.05,pharmacy,0,0,0
TXN_CFBF68559A67445F,2026-06-23 14:53:45.016910+00:00,ACC_00853,441.42,hotel,0,0,0
TXN_A000AF3F5C404F22,2026-06-23 15:37:00.016910+00:00,ACC_00761,48.35,electronics,0,0,0
TXN_F4A97B32AD87477B,2026-06-23 15:51:58.016910+00:00,ACC_00761,10.91,other,0,1,0
TXN_5791CCCBF03B47D9,2026-06-23 16:34:15.016910+00:00,ACC_00761,17.38,restaurant,0,2,0
TXN_747FC88961984713,2026-06-23 16:50:14.016910+00:00,ACC_00761,115.03,other,0,2,0
TXN_DE3DBC37C40D4259,2026-06-23 16:54:09.016910+00:00,ACC_00761,214.36,jewelry,0,2,0
TXN_A9E9D27663024DBE,2026-06-23 17:32:49.016910+00:00,ACC_00879,166.29,hotel,0,0,0
TXN_C9907950FDBD405A,2026-06-23 17:35:27.016910+00:00,ACC_00815,9.84,restaurant,0,0,0
TXN_6E019F403F9D4F73,2026-06-23 18:09:25.016910+00:00,ACC_00980,166.0,jewelry,0,0,0
TXN_798D02B9F1C940C3,2026-06-23 18:46:09.016910+00:00,ACC_00731,15000.0,travel,1,6,0
TXN_A53F13E4037D410F,2026-06-23 18:54:36.016910+00:00,ACC_00731,6.46,restaurant,0,1,0
TXN_6BDFBE1731D04ED0,2026-06-23 19:02:00.016910+00:00,ACC_00731,110.36,hotel,0,2,0
TXN_4DAC14F43E8442DC,2026-06-23 19:19:59.016910+00:00,ACC_00731,76.11,electronics,0,3,0
TXN_14D373B36B97477D,2026-06-23 19:20:40.016910+00:00,ACC_00860,1616.86,hotel,0,0,0
TXN_89A9898DE17849A9,2026-06-23 19:36:02.016910+00:00,ACC_00835,41.26,gaming,0,0,0
TXN_2ACC78C297504A35,2026-06-23 20:05:48.016910+00:00,ACC_00835,587.27,travel,0,1,0
TXN_5DDD4B0C7D074660,2026-06-23 20:32:41.016910+00:00,ACC_00835,82.52,other,0,2,0
TXN_753E0109E1A24189,2026-06-23 20:34:25.016910+00:00,ACC_00835,32.16,fuel,0,3,0
TXN_19D7C99C846B45D2,2026-06-23 20:54:51.016910+00:00,ACC_00835,788.08,jewelry,0,3,0
TXN_52E5B45DE3A14FF1,2026-06-23 21:12:36.016910+00:00,ACC_00017,12.14,grocery,0,0,0
TXN_B69FCF99DF364B40,2026-06-23 21:52:48.016910+00:00,ACC_00377,34.07,other,0,0,0
TXN_B7605ACEE06A49C4,2026-06-23 21:59:39.016910+00:00,ACC_00969,122.32,other,0,0,0
TXN_62664A9EB1094A5B,2026-06-23 22:18:45.016910+00:00,ACC_00983,5.46,gaming,0,0,0
TXN_88E0FD872B0540B0,2026-06-23 22:37:28.016910+00:00,ACC_00120,124.97,travel,0,0,0
TXN_039527E8BC0C498F,2026-06-23 22:39:21.016910+00:00,ACC_00393,29.75,pharmacy,1,0,0
TXN_E22B412E943C4B11,2026-06-23 22:54:15.016910+00:00,ACC_00393,46.21,grocery,0,1,0
TXN_39C6E33A5C6141BF,2026-06-23 23:14:16.016910+00:00,ACC_00393,13651.74,travel,0,2,0
TXN_E2C07D5313EC48C5,2026-06-23 23:42:59.016910+00:00,ACC_00393,58.59,restaurant,0,2,0
TXN_D6F1CF4C9EC54EF4,2026-06-23 23:44:54.016910+00:00,ACC_00393,17.67,fuel,0,3,0
TXN_EFDADEBBCEEF460C,2026-06-24 00:02:17.016910+00:00,ACC_00393,108.17,online_services,1,3,0
TXN_E0FF7B2C85D94625,2026-06-24 00:07:54.016910+00:00,ACC_00303,76.73,jewelry,0,0,0
TXN_12377B025AD54D64,2026-06-24 00:54:39.016910+00:00,ACC_00495,56.96,gaming,1,0,0
TXN_BFB284BEC81E4D83,2026-06-24 00:58:52.016910+00:00,ACC_00495,343.73,hotel,0,1,0
TXN_C8A7D4FF8F064650,2026-06-24 02:06:05.016910+00:00,ACC_00495,21.04,clothing,0,0,0
TXN_13AA26488D0E4BF0,2026-06-24 02:31:02.016910+00:00,ACC_00495,71.66,travel,0,1,0
TXN_76C287DCF2CD4224,2026-06-24 03:26:45.016910+00:00,ACC_00078,140.33,other,0,0,0
TXN_6FB65516E3C345F1,2026-06-24 03:33:26.016910+00:00,ACC_00350,43.19,fuel,0,0,0
TXN_1923029B52214FF6,2026-06-24 04:24:08.016910+00:00,ACC_00991,6.61,pharmacy,0,0,0
TXN_4AE767A02B1D4E0E,2026-06-24 04:57:51.016910+00:00,ACC_00440,44.82,grocery,0,0,0
TXN_1A90A1CB94A84D00,2026-06-24 05:53:33.016910+00:00,ACC_00140,195.59,electronics,0,0,0
TXN_645F63E26EE446AD,2026-06-24 06:11:51.016910+00:00,ACC_00279,586.63,jewelry,0,0,0
TXN_C7E8C592435046DE,2026-06-24 06:32:01.016910+00:00,ACC_00529,34.78,restaurant,0,0,0
TXN_89AF25A99980499F,2026-06-24 06:50:41.016910+00:00,ACC_00529,68.23,gaming,0,1,0
TXN_75E4EDD6585F4E40,2026-06-24 07:27:55.016910+00:00,ACC_00529,184.17,grocery,0,2,0
TXN_03FFC477DA334EC9,2026-06-24 07:47:41.016910+00:00,ACC_00529,88.31,grocery,0,2,0
TXN_7E1AC14C13B948B1,2026-06-24 08:23:38.016910+00:00,ACC_00264,12.74,other,0,0,0
TXN_F3BD3E9DC0FE47D9,2026-06-24 08:45:42.016910+00:00,ACC_00250,32.42,gaming,0,0,0
TXN_FD38A15D6EA24237,2026-06-24 09:04:32.016910+00:00,ACC_00568,22.78,restaurant,0,0,0
TXN_9E27D5F6850E4EB5,2026-06-24 09:42:10.016910+00:00,ACC_00590,82.12,restaurant,0,0,0
TXN_99383D41309641AD,2026-06-24 10:10:57.016910+00:00,ACC_00014,371.45,electronics,0,0,0
TXN_62D89C56EA5F475D,2026-06-24 10:28:53.016910+00:00,ACC_00812,136.36,hotel,0,0,0
TXN_1A7A812FCCD54A37,2026-06-24 11:03:07.016910+00:00,ACC_00597,53.03,clothing,0,0,0
TXN_8CC2B348FE0F4CC3,2026-06-24 11:38:03.016910+00:00,ACC_00015,78.74,electronics,0,0,0
TXN_6E7B0A58FBAC4232,2026-06-24 11:39:16.016910+00:00,ACC_00322,125.98,gaming,0,0,0
TXN_580A8172C2C84BC4,2026-06-24 11:57:23.016910+00:00,ACC_00700,49.15,electronics,0,0,0
TXN_B2E042514A75467A,2026-06-24 12:03:24.016910+00:00,ACC_00429,23.9,fuel,0,0,0
TXN_652C1ABF4A9645D0,2026-06-24 12:06:23.016910+00:00,ACC_00852,156.94,other,0,0,0
TXN_EE090C6A69264592,2026-06-24 12:43:42.016910+00:00,ACC_00858,387.15,travel,0,0,0
TXN_E1E0A68B9AF442E6,2026-06-24 13:02:45.016910+00:00,ACC_00858,401.04,online_services,0,1,0
TXN_E16FA886871D4693,2026-06-24 13:28:34.016910+00:00,ACC_00858,30.1,pharmacy,0,2,0
TXN_CE3B85E818DB4B33,2026-06-24 13:39:57.016910+00:00,ACC_00858,159.71,jewelry,0,3,0
TXN_78C40A7D5F7B45E4,2026-06-24 14:13:38.016910+00:00,ACC_00858,35.01,gaming,0,2,0
TXN_975BC47245AF45BD,2026-06-24 14:24:28.016910+00:00,ACC_00839,8.48,grocery,0,0,0
TXN_D483204203A8417F,2026-06-24 14:46:20.016910+00:00,ACC_00171,6.17,online_services,0,0,0
TXN_CA742AD8F0F34DB5,2026-06-24 14:53:16.016910+00:00,ACC_00565,62.39,clothing,0,0,0
TXN_88951107AA284986,2026-06-24 15:07:55.016910+00:00,ACC_00482,26.05,grocery,0,0,0
TXN_94764EF34F1F46EC,2026-06-24 15:22:50.016910+00:00,ACC_00464,20.89,gaming,0,0,0
TXN_E7072304B3B04D1B,2026-06-24 15:51:09.016910+00:00,ACC_00681,46.5,gaming,0,0,0
TXN_5DD9F01F0AB548DA,2026-06-24 16:01:38.016910+00:00,ACC_00160,56.74,online_services,0,0,0
TXN_DCDE9C33830C4725,2026-06-24 16:32:17.016910+00:00,ACC_00516,93.93,electronics,0,0,0
TXN_18E1AAE3C87B479D,2026-06-24 16:46:06.016910+00:00,ACC_00014,38.49,online_services,0,0,0
TXN_B4F29A0DBBA14B7C,2026-06-24 17:53:21.016910+00:00,ACC_00174,29.46,gaming,0,0,0
TXN_0EEB9E6D9D564AE9,2026-06-24 18:44:59.016910+00:00,ACC_00350,84.42,online_services,0,0,0
TXN_228CADAFD5AD454A,2026-06-24 18:55:00.016910+00:00,ACC_00862,80.16,travel,0,0,0
TXN_B784A89434B04A4A,2026-06-24 19:01:41.016910+00:00,ACC_00324,43.15,hotel,0,0,0
TXN_5803BA5A29CD4D0A,2026-06-24 19:16:08.016910+00:00,ACC_00996,21.26,pharmacy,0,0,0
TXN_42955860F43A4F67,2026-06-24 19:35:58.016910+00:00,ACC_00877,66.32,other,0,0,0
TXN_B7ED0737D6D14E6A,2026-06-24 20:37:06.016910+00:00,ACC_00991,449.01,jewelry,0,0,0
TXN_2E2753EB5E0B4471,2026-06-24 21:03:37.016910+00:00,ACC_00991,164.47,restaurant,0,1,0
TXN_96EE7160B27F426A,2026-06-24 21:04:07.016910+00:00,ACC_00991,52.56,clothing,0,2,0
TXN_F359C2D60EC241F7,2026-06-24 21:07:21.016910+00:00,ACC_00991,166.88,fuel,0,3,0
TXN_00C934EEE2F047EC,2026-06-24 21:32:01.016910+00:00,ACC_00665,17.83,pharmacy,0,0,0
TXN_3A75C4414EE841CE,2026-06-24 21:40:11.016910+00:00,ACC_00010,101.31,jewelry,0,0,0
TXN_913304BE14314FCB,2026-06-24 22:00:07.016910+00:00,ACC_00881,203.73,travel,0,0,0
TXN_4D47A08F0E684666,2026-06-24 22:12:21.016910+00:00,ACC_00497,65.9,fuel,0,0,0
TXN_2EF04DC378194798,2026-06-24 22:29:19.016910+00:00,ACC_00764,44.95,fuel,0,0,0
TXN_B3FBD6BC77F64D73,2026-06-24 22:42:28.016910+00:00,ACC_00554,750.79,clothing,0,0,0
TXN_76AC598AFB36496B,2026-06-24 22:49:49.016910+00:00,ACC_00286,24.97,online_services,0,0,0
TXN_186CCCC398814298,2026-06-24 23:41:20.016910+00:00,ACC_00895,152.07,online_services,0,0,0
TXN_4DBA74F307BF4804,2026-06-25 00:03:06.016910+00:00,ACC_00413,2771.42,jewelry,0,0,0
TXN_053BD1F422364253,2026-06-25 01:11:40.016910+00:00,ACC_00694,203.92,electronics,0,0,0
TXN_BC6F2ADEF4D840FC,2026-06-25 01:35:46.016910+00:00,ACC_00766,112.08,electronics,0,0,0
TXN_8B61A562BFE14997,2026-06-25 02:01:34.016910+00:00,ACC_00387,54.85,online_services,0,0,0
TXN_71151C3B62D946E1,2026-06-25 02:50:14.016910+00:00,ACC_00825,74.11,clothing,1,0,0
TXN_3E343CFFEB3C46F7,2026-06-25 03:09:25.016910+00:00,ACC_00668,46.42,online_services,0,0,0
TXN_7796A1774C934029,2026-06-25 03:17:44.016910+00:00,ACC_00190,23.98,restaurant,0,0,0
TXN_BE462CA5CF684BFF,2026-06-25 03:34:23.016910+00:00,ACC_00816,20.15,electronics,0,0,0
TXN_67E62391078046A5,2026-06-25 03:37:12.016910+00:00,ACC_00814,263.18,electronics,0,0,0
TXN_23994A7330044D7D,2026-06-25 04:38:31.016910+00:00,ACC_00772,11.57,fuel,0,0,0
TXN_0E35A3337F6C436F,2026-06-25 05:25:01.016910+00:00,ACC_00889,150.51,jewelry,0,0,0
TXN_3AB7B6007A6A4FA1,2026-06-25 05:51:14.016910+00:00,ACC_00864,147.04,electronics,0,0,0
TXN_E90F6B6E1BE142FA,2026-06-25 06:07:38.016910+00:00,ACC_00939,48.03,travel,0,0,0
TXN_86E05315A4B648BF,2026-06-25 06:08:08.016910+00:00,ACC_00412,43.11,clothing,0,0,0
TXN_B12C6C32137947C2,2026-06-25 06:14:27.016910+00:00,ACC_00487,69.87,pharmacy,0,0,0
TXN_3C520A77282F4388,2026-06-25 06:35:39.016910+00:00,ACC_00458,147.36,jewelry,0,0,0
TXN_BB9C63F29CD8450E,2026-06-25 06:35:50.016910+00:00,ACC_00849,38.93,gaming,0,0,0
TXN_55EF8162B14E4AD7,2026-06-25 07:20:59.016910+00:00,ACC_00152,45.32,hotel,0,0,0
TXN_4EB507BC27424C2E,2026-06-25 07:33:18.016910+00:00,ACC_00418,81.96,hotel,0,0,0
TXN_E521673EE0794A7D,2026-06-25 08:32:38.016910+00:00,ACC_00449,10.15,pharmacy,0,0,0
TXN_E47CA8E442DC4E79,2026-06-25 08:45:57.016910+00:00,ACC_00180,52.32,gaming,0,0,0
TXN_25B504B082804303,2026-06-25 08:53:08.016910+00:00,ACC_00534,8.3,pharmacy,0,0,0
TXN_EDF899EA6F6E42B1,2026-06-25 09:43:11.016910+00:00,ACC_00681,27.16,clothing,0,0,0
TXN_E582D4D3C5254B56,2026-06-25 09:53:17.016910+00:00,ACC_00568,39.56,grocery,0,0,0
TXN_773A246666564006,2026-06-25 10:13:09.016910+00:00,ACC_00914,31.49,grocery,0,0,0
TXN_BA3244EC2FEA433F,2026-06-25 10:59:28.016910+00:00,ACC_00320,310.38,jewelry,0,0,0
TXN_6723A0D96DCE4BDF,2026-06-25 11:27:59.016910+00:00,ACC_00512,24.4,restaurant,0,0,0
TXN_062641D66B9840D9,2026-06-25 11:29:37.016910+00:00,ACC_00261,10.05,other,0,0,0
TXN_46EC75A5B35E4757,2026-06-25 11:52:40.016910+00:00,ACC_00966,13.26,fuel,0,0,0
TXN_AC367337ACED49FE,2026-06-25 12:14:24.016910+00:00,ACC_00966,107.99,electronics,0,1,0
TXN_DF9E415B193B4086,2026-06-25 12:21:11.016910+00:00,ACC_00966,75.77,restaurant,1,2,0
TXN_E68077A3E64746C6,2026-06-25 13:05:04.016910+00:00,ACC_00966,99.64,gaming,0,2,0
TXN_D86E7A60E7214F13,2026-06-25 13:52:04.016910+00:00,ACC_00167,1607.51,hotel,0,0,0
TXN_6DBDCD81E4DF4676,2026-06-25 14:01:13.016910+00:00,ACC_00524,23.32,fuel,0,0,0
TXN_F58D0506AA07497B,2026-06-25 14:01:25.016910+00:00,ACC_00425,112.44,other,0,0,0
TXN_AEFBC81D47204A08,2026-06-25 14:03:23.016910+00:00,ACC_00913,83.57,gaming,0,0,0
TXN_5571A944B7D34919,2026-06-25 14:14:51.016910+00:00,ACC_00913,149.36,pharmacy,0,1,0
TXN_A952377B4ABF422B,2026-06-25 15:08:00.016910+00:00,ACC_00913,89.82,restaurant,0,1,0
TXN_00E0702AC9944877,2026-06-25 15:38:59.016910+00:00,ACC_00913,140.36,electronics,0,1,0
TXN_F71244C08E7B4E84,2026-06-25 15:55:09.016910+00:00,ACC_00913,66.3,fuel,0,2,0
TXN_3EFF927E73374B4F,2026-06-25 16:31:28.016910+00:00,ACC_00913,155.75,hotel,0,2,0
TXN_321D482769DE4E53,2026-06-25 16:33:43.016910+00:00,ACC_00913,104.2,electronics,0,3,0
TXN_5221BD59AE05458A,2026-06-25 16:42:31.016910+00:00,ACC_00182,220.12,travel,0,0,0
TXN_DACBC37EE9CE4FC2,2026-06-25 16:46:22.016910+00:00,ACC_00200,63.45,other,0,0,0
TXN_D46D8E5E9D48416D,2026-06-25 17:09:14.016910+00:00,ACC_00820,36.55,pharmacy,0,0,0
TXN_FEA5435A8C464F81,2026-06-25 17:21:58.016910+00:00,ACC_00820,183.89,grocery,0,1,0
TXN_F82BDD976A7E4D4B,2026-06-25 17:46:27.016910+00:00,ACC_00820,143.02,hotel,0,2,0
TXN_805715106DFD4EA6,2026-06-25 18:14:28.016910+00:00,ACC_00820,40.89,fuel,0,2,0
TXN_351D4B32A5754F10,2026-06-25 19:19:00.016910+00:00,ACC_00953,41.63,clothing,0,0,0
TXN_1B1C7D591D134676,2026-06-25 20:38:49.016910+00:00,ACC_00467,85.36,hotel,0,0,0
TXN_BBAE47D41EE347D9,2026-06-25 20:40:38.016910+00:00,ACC_00577,73.89,jewelry,0,0,0
TXN_D349E644EE7D4868,2026-06-25 21:31:46.016910+00:00,ACC_00183,104.3,electronics,0,0,0
TXN_64C204BFAAE94868,2026-06-25 21:50:19.016910+00:00,ACC_00366,320.09,electronics,0,0,0
TXN_0A00F5E27E8C4E3E,2026-06-25 21:56:26.016910+00:00,ACC_00363,25.96,online_services,0,0,0
TXN_A624876D3BEE4DB1,2026-06-25 22:30:25.016910+00:00,ACC_00835,337.29,gaming,0,0,0
TXN_CE74B355C73B4554,2026-06-26 00:05:06.016910+00:00,ACC_00336,5.68,online_services,0,0,0
TXN_6E2F78ECA91A4CAA,2026-06-26 01:53:01.016910+00:00,ACC_00768,42.39,restaurant,0,0,0
TXN_7C2FE0116A75434B,2026-06-26 02:59:37.016910+00:00,ACC_00253,478.21,other,0,0,0
TXN_05E0BE29988D459C,2026-06-26 03:12:40.016910+00:00,ACC_00173,52.6,gaming,0,0,0
TXN_8E886457A7A54D57,2026-06-26 03:36:40.016910+00:00,ACC_00575,643.2,travel,0,0,0
TXN_AE45807BD6D546AC,2026-06-26 03:57:41.016910+00:00,ACC_00997,26.49,clothing,0,0,0
TXN_A2B1608F42B5442F,2026-06-26 04:09:10.016910+00:00,ACC_00611,41.84,travel,0,0,0
TXN_FA462255F90B4EF7,2026-06-26 04:10:38.016910+00:00,ACC_00756,39.67,clothing,0,0,0
TXN_83240E2A6D2346B7,2026-06-26 04:30:44.016910+00:00,ACC_00841,26.63,fuel,0,0,0
TXN_E5319BFF5D9447AD,2026-06-26 04:38:21.016910+00:00,ACC_00841,8.39,grocery,0,1,0
TXN_304C9B43EA1944EE,2026-06-26 04:49:09.016910+00:00,ACC_00841,41.25,grocery,0,2,0
TXN_2D699FECF52B407E,2026-06-26 05:08:06.016910+00:00,ACC_00841,28.22,online_services,0,3,0
TXN_E4423CBAC1AC4C06,2026-06-26 05:50:20.016910+00:00,ACC_00841,412.2,hotel,0,1,0
TXN_A287B94DBEFE45FD,2026-06-26 05:57:28.016910+00:00,ACC_00841,47.88,online_services,0,2,0
TXN_7BAB15D45B1F48E9,2026-06-26 05:58:43.016910+00:00,ACC_00841,65.78,travel,0,3,0
TXN_94BC6B08400C43E8,2026-06-26 07:24:03.016910+00:00,ACC_00841,42.44,gaming,0,0,0
TXN_916D6320AD13473E,2026-06-26 07:26:22.016910+00:00,ACC_00963,64.55,other,0,0,0
TXN_D41C4B7E6C39498C,2026-06-26 07:34:54.016910+00:00,ACC_00404,372.77,jewelry,0,0,0
TXN_5068C8793CF64838,2026-06-26 08:33:00.016910+00:00,ACC_00338,44.42,online_services,0,0,0
TXN_A7CF8235B95D446A,2026-06-26 09:03:58.016910+00:00,ACC_00614,277.07,fuel,0,0,0
TXN_FB9111AA9C304415,2026-06-26 09:07:51.016910+00:00,ACC_00388,44.94,travel,0,0,0
TXN_ADC5C91379964619,2026-06-26 09:14:08.016910+00:00,ACC_00152,3063.53,jewelry,0,0,0
TXN_7D6EA6BF640F4928,2026-06-26 09:26:04.016910+00:00,ACC_00152,52.82,electronics,0,1,0
TXN_0CD45C67F42F4A3D,2026-06-26 09:34:42.016910+00:00,ACC_00152,23.79,pharmacy,0,2,0
TXN_0F35BBBA2FE44D11,2026-06-26 09:47:14.016910+00:00,ACC_00152,13187.77,travel,0,2,0
TXN_7D1A36FEA9ED42A7,2026-06-26 10:01:22.016910+00:00,ACC_00337,54.04,online_services,0,0,0
TXN_C0719B394C364C11,2026-06-26 10:22:35.016910+00:00,ACC_00575,363.82,jewelry,0,0,0
TXN_BF50425EEA574653,2026-06-26 10:29:47.016910+00:00,ACC_00438,47.6,online_services,0,0,0
TXN_EB89D08242934133,2026-06-26 10:35:07.016910+00:00,ACC_00855,31.47,restaurant,0,0,0
TXN_B6344F3364654EED,2026-06-26 11:06:45.016910+00:00,ACC_00275,242.59,jewelry,0,0,0
TXN_FF977D4271F84C4D,2026-06-26 11:52:47.016910+00:00,ACC_00980,14547.79,travel,0,0,0
TXN_94097D61D0B94E36,2026-06-26 12:00:03.016910+00:00,ACC_00670,68.04,hotel,0,0,0
TXN_E892343908E64602,2026-06-26 12:17:37.016910+00:00,ACC_00480,64.89,travel,1,0,0
TXN_AB34F841456C4359,2026-06-26 12:22:59.016910+00:00,ACC_00830,95.81,other,0,0,0
TXN_5EA45D8C209E4068,2026-06-26 12:49:29.016910+00:00,ACC_00502,4.9,pharmacy,0,0,0
TXN_275FA7FA881B406B,2026-06-26 13:09:54.016910+00:00,ACC_00603,43.16,grocery,0,0,0
TXN_FE3F3D8575B946DC,2026-06-26 13:23:17.016910+00:00,ACC_00618,80.26,fuel,0,0,0
TXN_F887A5687158432F,2026-06-26 13:26:25.016910+00:00,ACC_00462,103.94,fuel,0,0,0
TXN_E15409710446494B,2026-06-26 13:28:41.016910+00:00,ACC_00792,4.46,grocery,0,0,0
TXN_24E5110E73324D9C,2026-06-26 13:30:08.016910+00:00,ACC_00555,37.39,other,0,0,0
TXN_68C921FC86C24E30,2026-06-26 14:41:44.016910+00:00,ACC_00764,27.29,other,0,0,0
TXN_E0F6D004F63841B5,2026-06-26 14:50:35.016910+00:00,ACC_00764,27.75,gaming,0,1,0
TXN_3BFB0B0BAB514D9E,2026-06-26 15:20:25.016910+00:00,ACC_00764,184.16,other,0,2,0
TXN_ECA8630E85F4483D,2026-06-26 15:27:19.016910+00:00,ACC_00764,109.76,jewelry,0,3,0
TXN_07F034C508544FE2,2026-06-26 15:30:47.016910+00:00,ACC_00822,91.5,gaming,0,0,0
TXN_A00EF54D01D842AF,2026-06-26 15:30:51.016910+00:00,ACC_00822,124.93,electronics,0,1,0
TXN_CE8E7F40AC5D43DD,2026-06-26 15:32:03.016910+00:00,ACC_00822,16.69,restaurant,0,2,0
TXN_07FA8504CEAD4BFE,2026-06-26 15:36:48.016910+00:00,ACC_00822,122.04,jewelry,0,3,0
TXN_5EE9D47A4FC244A9,2026-06-26 16:04:33.016910+00:00,ACC_00822,34.39,restaurant,0,4,0
TXN_1BB5C8B89ADC49C9,2026-06-26 16:11:35.016910+00:00,ACC_00822,50.45,other,0,5,0
TXN_83724606681E4D9E,2026-06-26 16:16:27.016910+00:00,ACC_00822,22.67,electronics,0,6,0
TXN_FBF7A42574F64221,2026-06-26 16:22:22.016910+00:00,ACC_00870,89.16,jewelry,0,0,0
TXN_83B96D0267E84E4E,2026-06-26 17:00:30.016910+00:00,ACC_00934,176.19,travel,0,0,0
TXN_ABA30A22561A48BA,2026-06-26 18:42:30.016910+00:00,ACC_00901,10.39,pharmacy,0,0,0
TXN_F9C89BB2CB6144C1,2026-06-26 19:04:04.016910+00:00,ACC_00694,263.63,hotel,0,0,0
TXN_E1E9B94ADEC44841,2026-06-26 19:06:47.016910+00:00,ACC_00064,33.88,travel,0,0,0
TXN_67236EBA201044C2,2026-06-26 19:16:20.016910+00:00,ACC_00543,33.57,gaming,0,0,0
TXN_39AF5A8711334EE1,2026-06-26 20:06:41.016910+00:00,ACC_00127,79.02,gaming,0,0,0
TXN_303845DFCE054C02,2026-06-26 20:10:00.016910+00:00,ACC_00868,425.34,grocery,0,0,0
TXN_06B1D404772444E7,2026-06-26 20:14:11.016910+00:00,ACC_00868,32.74,hotel,0,1,0
TXN_3BC7B36F1CD04C73,2026-06-26 20:57:59.016910+00:00,ACC_00868,41.07,restaurant,0,2,0
TXN_C158DC91399A4EE3,2026-06-26 21:05:50.016910+00:00,ACC_00868,82.69,grocery,0,3,0
TXN_02713CF549FF419E,2026-06-26 21:08:29.016910+00:00,ACC_00868,35.78,gaming,0,4,0
TXN_32891D03CFEB435E,2026-06-26 21:20:39.016910+00:00,ACC_00868,145.97,jewelry,0,3,0
TXN_EC71023D015B4244,2026-06-26 21:53:33.016910+00:00,ACC_00313,11.82,clothing,0,0,0
TXN_E6E883BA9EA840C9,2026-06-26 21:58:19.016910+00:00,ACC_00498,57.32,other,0,0,0
TXN_BDB9C4F51DA943FB,2026-06-26 22:07:39.016910+00:00,ACC_00817,8.0,gaming,0,0,0
TXN_9CDEC49C7E354D74,2026-06-26 22:13:04.016910+00:00,ACC_00647,373.98,hotel,0,0,0
TXN_C48EFBFC3C3347FF,2026-06-26 22:23:00.016910+00:00,ACC_00521,37.39,online_services,0,0,0
TXN_DD5473E78CE0400A,2026-06-26 23:55:35.016910+00:00,ACC_00991,13.61,pharmacy,0,0,0
TXN_13D9D1AA7EBB4150,2026-06-26 23:57:12.016910+00:00,ACC_00718,24.2,gaming,0,0,0
TXN_E2C8D48D577A474D,2026-06-27 00:29:23.016910+00:00,ACC_00605,61.53,other,0,0,0
TXN_3DB3FC8B54044EA7,2026-06-27 00:40:01.016910+00:00,ACC_00605,31.39,clothing,1,1,0
TXN_58AE2E5B188042EA,2026-06-27 01:15:45.016910+00:00,ACC_00605,131.35,travel,0,2,0
TXN_B9B0F2E739D5463D,2026-06-27 01:40:18.016910+00:00,ACC_00605,40.12,electronics,0,1,0
TXN_2420A6B831034FC0,2026-06-27 01:42:10.016910+00:00,ACC_00605,379.07,travel,0,2,0
TXN_C69DCAE2ACCE4A87,2026-06-27 01:43:54.016910+00:00,ACC_00605,21.57,fuel,0,3,0
TXN_FE47B8A8BC7748EB,2026-06-27 01:59:26.016910+00:00,ACC_00605,5.49,grocery,0,4,0
TXN_0004EBC95E00407D,2026-06-27 02:23:15.016910+00:00,ACC_00590,37.6,other,0,0,0
TXN_585480A1A7A44297,2026-06-27 02:49:53.016910+00:00,ACC_00760,18.84,grocery,0,0,0
TXN_780ABDE95BB841CE,2026-06-27 03:14:07.016910+00:00,ACC_00714,112.96,gaming,0,0,0
TXN_7FFE464C2BF7474A,2026-06-27 03:15:48.016910+00:00,ACC_00216,13.66,pharmacy,0,0,0
TXN_133D6FD69F4C4123,2026-06-27 03:21:14.016910+00:00,ACC_00408,68.89,electronics,0,0,0
TXN_2CD59A3B42F94E6F,2026-06-27 03:23:43.016910+00:00,ACC_00357,31.58,restaurant,0,0,0
TXN_C08E5D5D94D54EFA,2026-06-27 05:23:30.016910+00:00,ACC_00069,228.85,travel,0,0,0
TXN_52FB21E9BB2E40F6,2026-06-27 05:42:15.016910+00:00,ACC_00344,502.36,travel,0,0,0
TXN_D514F58283C04C2B,2026-06-27 06:15:51.016910+00:00,ACC_00162,17.07,grocery,0,0,0
TXN_3E246BEB510246FD,2026-06-27 06:19:36.016910+00:00,ACC_00711,354.54,hotel,0,0,0
TXN_CA476FD26AAA44D7,2026-06-27 06:20:05.016910+00:00,ACC_00833,67.78,restaurant,1,0,0
TXN_FE828A26C5344A8B,2026-06-27 06:40:22.016910+00:00,ACC_00483,53.15,electronics,0,0,0
TXN_6530D76E535B4F04,2026-06-27 06:54:42.016910+00:00,ACC_00834,16.78,fuel,0,0,0
TXN_4DC29B91F5114059,2026-06-27 07:20:27.016910+00:00,ACC_00672,76.81,other,0,0,0
TXN_E877DE6A0EB047A5,2026-06-27 07:23:23.016910+00:00,ACC_00672,30.83,pharmacy,0,1,0
TXN_11525BD42B474F37,2026-06-27 07:54:36.016910+00:00,ACC_00672,191.55,travel,0,2,0
TXN_432E018685DD46D4,2026-06-27 08:07:35.016910+00:00,ACC_00672,154.7,jewelry,0,3,0
TXN_989FF33E7E114EBE,2026-06-27 08:08:56.016910+00:00,ACC_00672,33.78,pharmacy,0,4,0
TXN_5CBFE017DEE14A5A,2026-06-27 08:28:07.016910+00:00,ACC_01000,32.91,grocery,0,0,0
TXN_E2E5C555B0DB4106,2026-06-27 09:27:13.016910+00:00,ACC_00229,60.5,online_services,0,0,0
TXN_AE2D3DA840634A10,2026-06-27 09:51:04.016910+00:00,ACC_00574,46.57,hotel,0,0,0
TXN_C17D3FCF3C85435F,2026-06-27 09:51:49.016910+00:00,ACC_00323,42.3,grocery,0,0,0
TXN_33FAC27E2B234A2F,2026-06-27 09:55:36.016910+00:00,ACC_00323,157.16,online_services,0,1,0
TXN_FAB32E56B49B4ABD,2026-06-27 10:25:15.016910+00:00,ACC_00323,368.58,hotel,0,2,0
TXN_9748CB6A9FEC4446,2026-06-27 10:45:24.016910+00:00,ACC_00323,168.1,travel,0,3,0
TXN_8A83F314ADEB439D,2026-06-27 10:48:20.016910+00:00,ACC_00323,13.73,pharmacy,0,4,0
TXN_F3BF1A9648DB4ABC,2026-06-27 13:06:30.016910+00:00,ACC_00323,1283.1,jewelry,0,0,0
TXN_18684F61A1424676,2026-06-27 13:20:24.016910+00:00,ACC_00323,151.29,hotel,0,1,0
TXN_46AB108E9B89427D,2026-06-27 13:28:12.016910+00:00,ACC_00253,199.27,grocery,0,0,0
TXN_E2C065C38F964F11,2026-06-27 13:41:59.016910+00:00,ACC_00355,62.96,online_services,0,0,0
TXN_A405420438E44071,2026-06-27 14:05:46.016910+00:00,ACC_00355,4.69,online_services,0,1,0
TXN_111332B260554AFF,2026-06-27 14:26:37.016910+00:00,ACC_00355,286.47,clothing,0,2,0
TXN_01D04F55DB8F4EDF,2026-06-27 14:31:18.016910+00:00,ACC_00355,104.92,clothing,0,3,0
TXN_D097DA0727BC4BA6,2026-06-27 14:41:20.016910+00:00,ACC_00203,135.85,travel,0,0,0
TXN_5CFBBCE999874C8C,2026-06-27 15:01:00.016910+00:00,ACC_00686,7.54,fuel,0,0,0
TXN_FC2AB137BA2F49DD,2026-06-27 15:46:03.016910+00:00,ACC_00686,91.13,fuel,0,1,0
TXN_208FFCBE93CE41BE,2026-06-27 15:49:40.016910+00:00,ACC_00686,38.98,restaurant,0,2,0
TXN_C222AEA972CC4539,2026-06-27 15:50:17.016910+00:00,ACC_00686,308.91,fuel,0,3,0
TXN_6A307716FD084EAC,2026-06-27 15:51:39.016910+00:00,ACC_00686,505.54,electronics,0,4,1
TXN_99709136FFB84434,2026-06-27 16:05:15.016910+00:00,ACC_00686,220.01,online_services,0,4,0
TXN_49EBE81F6F4A481E,2026-06-27 16:24:21.016910+00:00,ACC_00686,45.88,grocery,0,5,1
TXN_5D5056D14DD14A01,2026-06-27 16:34:46.016910+00:00,ACC_00597,31.4,restaurant,0,0,0
TXN_6D77B52EEB8F413A,2026-06-27 16:42:48.016910+00:00,ACC_00861,47.29,pharmacy,0,0,0
TXN_233956961DD94D23,2026-06-27 16:46:13.016910+00:00,ACC_00310,17.46,pharmacy,0,0,0
TXN_F1D163F84B544FF2,2026-06-27 16:48:17.016910+00:00,ACC_00140,223.39,jewelry,0,0,0
TXN_A2DF145048CA456F,2026-06-27 17:02:53.016910+00:00,ACC_00009,184.39,jewelry,0,0,0
TXN_6063B5CAD3F246F4,2026-06-27 17:35:53.016910+00:00,ACC_00607,120.23,grocery,0,0,0
TXN_DDCB52296EBA42F6,2026-06-27 18:21:28.016910+00:00,ACC_00043,532.93,travel,0,0,0
TXN_FC7A1A1155174CEC,2026-06-27 18:43:51.016910+00:00,ACC_00026,71.28,grocery,0,0,0
TXN_71022E55C7ED4B14,2026-06-27 19:05:24.016910+00:00,ACC_00915,25.14,other,0,0,0
TXN_DDCF9A806E194209,2026-06-27 19:25:52.016910+00:00,ACC_00915,206.11,pharmacy,0,1,0
TXN_9E32DB19253F438F,2026-06-27 20:20:43.016910+00:00,ACC_00915,77.69,pharmacy,0,1,0
TXN_5091520914794F1C,2026-06-27 20:39:02.016910+00:00,ACC_00915,36.81,restaurant,0,1,0
TXN_9F8B722346E04657,2026-06-27 21:28:25.016910+00:00,ACC_00915,64.75,fuel,0,1,0
TXN_C36D5F4175BC4325,2026-06-27 22:25:08.016910+00:00,ACC_00915,30.45,electronics,0,1,0
TXN_8E89F0826B5D4EE4,2026-06-27 22:59:03.016910+00:00,ACC_00915,36.94,online_services,0,1,0
TXN_AACC29B71E1D4FC5,2026-06-27 22:59:21.016910+00:00,ACC_00118,113.03,pharmacy,0,0,0
TXN_D917AE7E98B34F3D,2026-06-27 23:44:11.016910+00:00,ACC_00195,29.24,electronics,0,0,0
TXN_17AA515D20E54AB9,2026-06-28 00:18:33.016910+00:00,ACC_00522,35.67,travel,0,0,0
TXN_C8A7BF005BCA4959,2026-06-28 00:21:28.016910+00:00,ACC_00077,2309.39,fuel,1,0,0
TXN_4EB0586D505A47E4,2026-06-28 01:41:07.016910+00:00,ACC_00864,60.32,fuel,0,0,0
TXN_14B25EC1456D465A,2026-06-28 02:01:28.016910+00:00,ACC_00733,7.38,restaurant,0,0,0
TXN_142248FD376F42A6,2026-06-28 02:43:14.016910+00:00,ACC_00882,25.48,pharmacy,1,0,0
TXN_D1F8E6B1159E4626,2026-06-28 02:55:38.016910+00:00,ACC_00870,294.51,jewelry,0,0,0
TXN_6C83F636BB68450E,2026-06-28 03:00:11.016910+00:00,ACC_00870,32.78,restaurant,0,1,0
TXN_2AA8426B83614B30,2026-06-28 03:25:27.016910+00:00,ACC_00870,158.85,electronics,0,2,0
TXN_B5CDD3419DCC4F54,2026-06-28 03:53:00.016910+00:00,ACC_00870,79.34,hotel,0,3,0
TXN_B85D80B45A654F5C,2026-06-28 04:14:38.016910+00:00,ACC_00870,61.94,clothing,0,2,0
TXN_D8A45FDC716A4A1A,2026-06-28 04:28:51.016910+00:00,ACC_00915,406.6,jewelry,0,0,0
TXN_9F9B9A5E28CD458B,2026-06-28 05:02:48.016910+00:00,ACC_00191,84.59,clothing,0,0,0
TXN_B35DE2703F374CA2,2026-06-28 05:03:34.016910+00:00,ACC_00955,32.6,online_services,0,0,0
TXN_11DD380FFBA04BEE,2026-06-28 06:10:00.016910+00:00,ACC_00764,446.3,jewelry,0,0,0
TXN_37560E4448EF4C04,2026-06-28 06:16:17.016910+00:00,ACC_00764,15.93,grocery,0,1,0
TXN_99FB0AD114BF41B0,2026-06-28 06:26:05.016910+00:00,ACC_00764,75.62,travel,0,2,0
TXN_E3E6FDA07E1748C0,2026-06-28 06:29:14.016910+00:00,ACC_00764,520.62,jewelry,0,3,0
TXN_8FB3FE1005324FDB,2026-06-28 09:10:43.016910+00:00,ACC_00764,87.37,gaming,0,0,0
TXN_6BC7E7D51ADB425C,2026-06-28 10:16:42.016910+00:00,ACC_00764,30.9,fuel,0,0,0
TXN_D5AFAF96BB1541EF,2026-06-28 10:20:17.016910+00:00,ACC_00613,59.43,electronics,0,0,0
TXN_16F54210FCAA423A,2026-06-28 10:24:34.016910+00:00,ACC_00246,29.98,clothing,0,0,0
TXN_30423D93579D4DF3,2026-06-28 10:34:53.016910+00:00,ACC_00928,388.98,jewelry,0,0,0
TXN_E57155701A564137,2026-06-28 10:43:21.016910+00:00,ACC_00353,48.18,pharmacy,0,0,0
TXN_E18328DACCAC4797,2026-06-28 11:30:52.016910+00:00,ACC_00798,56.27,electronics,0,0,0
TXN_E1EB21A4E5B84490,2026-06-28 11:55:33.016910+00:00,ACC_00865,433.77,jewelry,0,0,0
TXN_BEE7E9F8D614472C,2026-06-28 12:17:52.016910+00:00,ACC_00695,29.69,fuel,0,0,0
TXN_EEE771B93F144207,2026-06-28 12:56:09.016910+00:00,ACC_00019,16.39,fuel,0,0,0
TXN_2FC954F9D2CE44D9,2026-06-28 13:48:00.016910+00:00,ACC_00229,21.84,pharmacy,0,0,0
TXN_9388401EA6B34DBD,2026-06-28 13:56:39.016910+00:00,ACC_00658,53.92,clothing,1,0,0
TXN_6F932C4190194D91,2026-06-28 14:10:36.016910+00:00,ACC_00245,52.31,restaurant,0,0,0
TXN_88CAD62510DC4F6D,2026-06-28 14:14:06.016910+00:00,ACC_00438,78.4,gaming,0,0,0
TXN_4BE711DAAE574D21,2026-06-28 14:32:46.016910+00:00,ACC_00499,125.3,travel,0,0,0
TXN_4C6AC10881784FB4,2026-06-28 15:08:03.016910+00:00,ACC_00053,33.4,restaurant,0,0,0
TXN_76A36C3A279A461C,2026-06-28 15:28:19.016910+00:00,ACC_00565,115.63,travel,0,0,0
TXN_7B5F50B8DE3647D8,2026-06-28 15:33:34.016910+00:00,ACC_00404,16.91,pharmacy,0,0,0
TXN_E3BB38B447944E0F,2026-06-28 16:08:14.016910+00:00,ACC_00404,41.49,gaming,0,1,0
TXN_762FF67E5C5947D4,2026-06-28 17:03:10.016910+00:00,ACC_00404,10.7,other,0,1,0
TXN_DECEC26E703448E3,2026-06-28 17:27:35.016910+00:00,ACC_00404,174.23,gaming,0,1,0
TXN_31EFF8E4649F4FAA,2026-06-28 17:53:16.016910+00:00,ACC_00132,52.14,online_services,0,0,0
TXN_9807F751C2FD4449,2026-06-28 18:07:37.016910+00:00,ACC_00259,50.04,pharmacy,0,0,0
TXN_34CAEF8E4BCA4CC8,2026-06-28 18:31:31.016910+00:00,ACC_00824,58.49,hotel,0,0,0
TXN_7F6439C3497C482F,2026-06-28 18:43:16.016910+00:00,ACC_00539,45.25,grocery,0,0,0
TXN_B601ACA262A5495F,2026-06-28 19:57:20.016910+00:00,ACC_00597,75.38,other,0,0,0
TXN_A16C2137EC2D4C8A,2026-06-28 20:02:40.016910+00:00,ACC_00895,31.0,grocery,0,0,0
TXN_DE74FFC494454E82,2026-06-28 20:03:28.016910+00:00,ACC_00340,27.88,pharmacy,0,0,0
TXN_A23D8212037E4894,2026-06-28 20:15:29.016910+00:00,ACC_00378,13.72,gaming,0,0,0
TXN_DDB7567C6F824EB7,2026-06-28 20:54:05.016910+00:00,ACC_00393,306.91,other,0,0,0
TXN_BAF441A2E335472A,2026-06-28 20:56:00.016910+00:00,ACC_00349,17.33,pharmacy,0,0,0
TXN_8AE470CB09F149F8,2026-06-28 21:37:47.016910+00:00,ACC_00325,16.09,restaurant,0,0,0
TXN_FE30CD07C8C5404C,2026-06-28 22:22:47.016910+00:00,ACC_00486,584.39,travel,0,0,0
TXN_01D0BD6A5E5644A3,2026-06-28 23:21:25.016910+00:00,ACC_00538,43.61,restaurant,0,0,0
TXN_597DA31C719D4006,2026-06-28 23:24:33.016910+00:00,ACC_00445,73.84,fuel,0,0,0
TXN_8B8B53532C8B4A6C,2026-06-29 01:11:59.016910+00:00,ACC_00588,16.28,other,0,0,0
TXN_1D76393EBA5B439E,2026-06-29 01:19:56.016910+00:00,ACC_00600,31.95,restaurant,0,0,0
TXN_9601EEAC29D349AC,2026-06-29 01:44:25.016910+00:00,ACC_00178,9.86,pharmacy,0,0,0
TXN_63905B3D23154D34,2026-06-29 02:28:09.016910+00:00,ACC_00288,20.35,online_services,0,0,0
TXN_59680B39921D49CD,2026-06-29 02:29:42.016910+00:00,ACC_00202,289.93,gaming,0,0,0
TXN_A12B7E3C8FEC4C86,2026-06-29 02:51:22.016910+00:00,ACC_00983,17.39,gaming,0,0,0
TXN_E41F42FBEC1D43A9,2026-06-29 03:25:46.016910+00:00,ACC_00725,60.36,pharmacy,0,0,0
TXN_47C84AB03A054714,2026-06-29 03:36:12.016910+00:00,ACC_00021,16.43,grocery,0,0,0
TXN_DAE91142FA044034,2026-06-29 04:50:53.016910+00:00,ACC_00021,103.72,jewelry,0,0,0
TXN_001B78DD76474CBF,2026-06-29 05:30:28.016910+00:00,ACC_00021,493.15,fuel,0,1,0
TXN_B5C46CC920A441E3,2026-06-29 05:48:13.016910+00:00,ACC_00021,40.28,gaming,0,2,0
TXN_EDE3640F4C344ED6,2026-06-29 05:59:00.016910+00:00,ACC_00773,12.28,gaming,0,0,0
TXN_DEC587090A294B70,2026-06-29 07:12:55.016910+00:00,ACC_00804,73.41,grocery,1,0,0
TXN_8CF78E8B13CE4965,2026-06-29 07:28:02.016910+00:00,ACC_00963,174.16,other,0,0,0
TXN_B9AFE52B3D1D423A,2026-06-29 07:35:51.016910+00:00,ACC_00179,68.89,pharmacy,0,0,0
TXN_BDDFB5BBEFAE436F,2026-06-29 08:16:08.016910+00:00,ACC_00709,32.54,fuel,0,0,0
TXN_39C21F41A63B4180,2026-06-29 09:16:55.016910+00:00,ACC_00305,43.11,clothing,0,0,0
TXN_921A8DD215DF437F,2026-06-29 09:18:02.016910+00:00,ACC_00468,27.15,online_services,0,0,0
TXN_9228B27F9557481A,2026-06-29 09:31:56.016910+00:00,ACC_00223,49.16,travel,0,0,0
TXN_49B67DEBE6874751,2026-06-29 09:42:59.016910+00:00,ACC_00968,148.08,hotel,0,0,0
TXN_D2E729BB999041A6,2026-06-29 10:06:44.016910+00:00,ACC_00218,44.46,other,0,0,0
TXN_D78410409716440B,2026-06-29 10:15:31.016910+00:00,ACC_00788,13.3,online_services,0,0,0
TXN_9D9D18F6AEEE46BA,2026-06-29 10:55:46.016910+00:00,ACC_00307,41.19,gaming,0,0,0
TXN_54DD49DB31B44D43,2026-06-29 11:47:04.016910+00:00,ACC_00935,12256.02,travel,0,0,0
TXN_8529657EA5224C90,2026-06-29 12:46:30.016910+00:00,ACC_00591,56.34,online_services,0,0,0
TXN_53957C006C4847AB,2026-06-29 12:48:38.016910+00:00,ACC_00725,51.28,gaming,0,0,0
TXN_F5CFDBE542754E9C,2026-06-29 12:54:03.016910+00:00,ACC_00156,39.15,other,0,0,0
TXN_EFECF37B0839496A,2026-06-29 13:15:14.016910+00:00,ACC_00297,107.48,hotel,0,0,0
TXN_2571FAA1EA464C7D,2026-06-29 13:45:12.016910+00:00,ACC_00802,40.66,grocery,0,0,0
TXN_C54E31077ADF4F4B,2026-06-29 14:23:46.016910+00:00,ACC_00953,104.09,gaming,0,0,0
TXN_EB7C1D6965294CA0,2026-06-29 14:26:37.016910+00:00,ACC_00545,51.98,other,0,0,0
TXN_C2E54EF3C8864DD7,2026-06-29 14:42:02.016910+00:00,ACC_00011,138.61,jewelry,0,0,0
TXN_C5A97C09E1144F2D,2026-06-29 16:32:47.016910+00:00,ACC_00181,38.41,clothing,0,0,0
TXN_71AEE4BF495D4239,2026-06-29 17:30:00.016910+00:00,ACC_00396,280.61,other,0,0,0
TXN_B1F7F1D7185641C8,2026-06-29 17:52:35.016910+00:00,ACC_00188,12.09,restaurant,0,0,0
TXN_37467AF054374321,2026-06-29 18:07:34.016910+00:00,ACC_00210,27.12,pharmacy,0,0,0
TXN_89EDBCFDB67D4BF1,2026-06-29 18:31:51.016910+00:00,ACC_00181,35.68,online_services,0,0,0
TXN_2CE1F498324242D6,2026-06-29 18:43:32.016910+00:00,ACC_00595,32.41,grocery,0,0,0
TXN_85797668A09A46F0,2026-06-29 18:46:10.016910+00:00,ACC_00345,8.44,fuel,1,0,0
TXN_160C0FA24C5A4872,2026-06-29 18:48:40.016910+00:00,ACC_00400,9.56,restaurant,0,0,0
TXN_971FBA0B6FDA41E2,2026-06-29 19:10:43.016910+00:00,ACC_00399,33.97,online_services,0,0,0
TXN_95AC6E52A2C1402D,2026-06-29 19:38:06.016910+00:00,ACC_00830,19.9,pharmacy,0,0,0
TXN_1A168CF469694836,2026-06-29 20:53:04.016910+00:00,ACC_00111,63.1,clothing,0,0,0
TXN_455844B7405B4BA5,2026-06-29 21:11:05.016910+00:00,ACC_00111,90.19,pharmacy,0,1,0
TXN_1BCBD9F8B65C444B,2026-06-29 22:05:08.016910+00:00,ACC_00111,150.76,hotel,0,1,0
TXN_8B4DE11ACEBE4C8B,2026-06-29 22:12:39.016910+00:00,ACC_00111,120.16,electronics,0,1,0
TXN_DE36B8B4DC4E427C,2026-06-29 22:38:24.016910+00:00,ACC_00111,330.6,jewelry,0,2,0
TXN_0292C07F2E684519,2026-06-29 22:47:47.016910+00:00,ACC_00111,130.67,hotel,0,3,0
TXN_98FD01A7D54248F4,2026-06-30 00:14:26.016910+00:00,ACC_00789,106.69,electronics,0,0,0
TXN_D362625ABA77441B,2026-06-30 00:50:06.016910+00:00,ACC_00789,100.11,gaming,0,1,0
TXN_C1467C328F474467,2026-06-30 00:51:22.016910+00:00,ACC_00789,6.71,electronics,0,2,0
TXN_C1CACD0AB25544CD,2026-06-30 01:28:25.016910+00:00,ACC_00789,12314.61,travel,0,2,0
TXN_546FB0C1855D4598,2026-06-30 01:32:30.016910+00:00,ACC_00401,17.01,clothing,0,0,0
TXN_A9752FDD8442475D,2026-06-30 02:13:52.016910+00:00,ACC_00066,128.9,jewelry,0,0,0
TXN_53817B91577D4EA0,2026-06-30 02:34:09.016910+00:00,ACC_00494,28.77,other,0,0,0
TXN_06D4189B81BA4E7D,2026-06-30 02:40:06.016910+00:00,ACC_00494,378.49,other,0,1,0
TXN_8D2C34259BB845D6,2026-06-30 02:50:56.016910+00:00,ACC_00494,319.56,hotel,0,2,0
TXN_E6A5BB537E04409E,2026-06-30 03:14:07.016910+00:00,ACC_00494,36.45,pharmacy,0,3,0
TXN_E96734364B3B48FC,2026-06-30 03:34:05.016910+00:00,ACC_00494,58.79,electronics,0,4,0
TXN_219945F57CB245F2,2026-06-30 03:45:26.016910+00:00,ACC_00133,247.72,hotel,0,0,0
TXN_37F40C1868CD4F13,2026-06-30 03:56:38.016910+00:00,ACC_00920,41.05,grocery,0,0,0
TXN_D47BCC4509154E6C,2026-06-30 04:35:34.016910+00:00,ACC_00797,83.07,electronics,0,0,0
TXN_E8FA187E68114ED9,2026-06-30 04:55:47.016910+00:00,ACC_00974,47.26,online_services,0,0,0
TXN_92BB9E472C1D49A5,2026-06-30 04:56:31.016910+00:00,ACC_00916,34.02,gaming,0,0,0
TXN_81C0AAB38C4949A1,2026-06-30 06:41:17.016910+00:00,ACC_00421,204.32,travel,0,0,0
TXN_197123822CD04ADC,2026-06-30 07:21:11.016910+00:00,ACC_00693,12.3,grocery,0,0,0
TXN_975F984F4A234E3A,2026-06-30 07:26:20.016910+00:00,ACC_00106,40.59,restaurant,0,0,0
TXN_92AC4735CECA40B4,2026-06-30 07:50:27.016910+00:00,ACC_00051,29.74,grocery,0,0,0
TXN_E3317CE6F0CB4391,2026-06-30 07:57:06.016910+00:00,ACC_00318,253.34,hotel,0,0,0
TXN_A636BB3EAB9B4441,2026-06-30 08:19:15.016910+00:00,ACC_00114,327.49,hotel,0,0,0
TXN_AEC3537569A648FC,2026-06-30 08:19:40.016910+00:00,ACC_00658,122.47,pharmacy,0,0,0
TXN_9A004AB855AF4E17,2026-06-30 08:29:58.016910+00:00,ACC_00990,414.19,online_services,0,0,0
TXN_F50513BDC4974BA1,2026-06-30 08:45:41.016910+00:00,ACC_00831,1654.91,jewelry,0,0,0
TXN_B132915951094117,2026-06-30 08:54:23.016910+00:00,ACC_00805,137.56,fuel,0,0,0
TXN_39A7E657B6454637,2026-06-30 10:09:08.016910+00:00,ACC_00308,98.14,online_services,0,0,0
TXN_7A470DF7EE504212,2026-06-30 10:20:20.016910+00:00,ACC_00204,15.66,gaming,0,0,0
TXN_78AAA9BD35494DC7,2026-06-30 10:27:00.016910+00:00,ACC_00954,14.39,electronics,0,0,0
TXN_7A2FDE5140984F48,2026-06-30 11:00:44.016910+00:00,ACC_00001,112.35,online_services,0,0,0
TXN_2E22F480AEE74E7E,2026-06-30 11:48:47.016910+00:00,ACC_00251,50.67,hotel,0,0,0
TXN_7E532F2971854B2C,2026-06-30 11:52:11.016910+00:00,ACC_00297,2210.75,travel,0,0,0
TXN_97747EA4D9A04ED4,2026-06-30 12:41:07.016910+00:00,ACC_00297,11.21,online_services,0,1,0
TXN_1D90889A24E6411F,2026-06-30 12:54:59.016910+00:00,ACC_00297,93.99,gaming,0,1,0
TXN_7B745E6C857A41D8,2026-06-30 13:47:53.016910+00:00,ACC_00297,52.12,online_services,0,1,0
TXN_AC0CCBFA10894820,2026-06-30 14:26:59.016910+00:00,ACC_00586,15.3,other,0,0,0
TXN_D073C87EB9D140A2,2026-06-30 14:40:41.016910+00:00,ACC_00096,161.95,travel,0,0,0
TXN_2B8C82D01C0E4D3A,2026-06-30 14:52:24.016910+00:00,ACC_00374,22.44,online_services,0,0,0
TXN_3824ACA57B4F4F22,2026-06-30 15:43:02.016910+00:00,ACC_00826,50.5,other,0,0,0
TXN_7638FF68CAFD48C5,2026-06-30 17:04:53.016910+00:00,ACC_00894,25.57,restaurant,0,0,0
TXN_0A2D110D6C6443C2,2026-06-30 17:09:23.016910+00:00,ACC_00260,70.99,travel,0,0,0
TXN_6AA6C605750641E7,2026-06-30 17:13:09.016910+00:00,ACC_00067,35.35,clothing,0,0,0
TXN_EAABA81B2FC44800,2026-06-30 17:25:46.016910+00:00,ACC_00257,20.94,online_services,0,0,0
TXN_272289973F75490E,2026-06-30 17:27:25.016910+00:00,ACC_00146,27.59,travel,0,0,0
TXN_72E029B65E8C4781,2026-06-30 17:39:10.016910+00:00,ACC_00835,29.95,restaurant,0,0,0
TXN_966DECCF48E9496D,2026-06-30 17:48:28.016910+00:00,ACC_00835,156.33,online_services,0,1,0
TXN_30180AA0212D4109,2026-06-30 17:48:38.016910+00:00,ACC_00835,109.96,jewelry,0,2,0
TXN_DBCD1EF004424300,2026-06-30 17:52:25.016910+00:00,ACC_00835,259.38,gaming,0,3,0
TXN_966692713A574166,2026-06-30 18:08:25.016910+00:00,ACC_00835,823.03,hotel,0,4,0
TXN_9D31AA0399CD4321,2026-06-30 18:21:32.016910+00:00,ACC_00835,18.22,restaurant,0,5,0
TXN_4EB1E072C2A24538,2026-06-30 18:23:08.016910+00:00,ACC_00835,111.22,travel,0,6,0
TXN_6F5652BFDE4843DC,2026-06-30 18:27:09.016910+00:00,ACC_00835,33.36,clothing,0,7,0
TXN_97C9E501245C4E80,2026-06-30 18:51:18.016910+00:00,ACC_00129,19.82,other,0,0,0
TXN_26149EDCFFF84897,2026-06-30 18:54:57.016910+00:00,ACC_00625,31.28,grocery,0,0,0
TXN_20C11A50F48244A1,2026-06-30 19:05:05.016910+00:00,ACC_00208,36.34,clothing,0,0,0
TXN_ABD42DBEF3E549E3,2026-06-30 19:21:31.016910+00:00,ACC_00322,47.17,gaming,0,0,0
TXN_3D28C544A1FB4876,2026-06-30 20:03:11.016910+00:00,ACC_00161,61.97,other,0,0,0
TXN_0AB976487E98492E,2026-06-30 20:32:38.016910+00:00,ACC_00538,14.91,online_services,0,0,0
TXN_475A6C1244834366,2026-06-30 23:11:26.016910+00:00,ACC_00668,190.73,electronics,0,0,0
TXN_3F3D2C67DCCC4197,2026-06-30 23:13:43.016910+00:00,ACC_00477,30.94,fuel,0,0,0
TXN_C96BA77BABBC4C61,2026-06-30 23:16:04.016910+00:00,ACC_00225,86.72,jewelry,0,0,0
TXN_6121774DCAED4DD9,2026-06-30 23:33:55.016910+00:00,ACC_00422,25.99,pharmacy,0,0,0
TXN_54E46A66A5824093,2026-06-30 23:35:43.016910+00:00,ACC_00422,128.45,hotel,0,1,0
TXN_AE83D91F6C564FF3,2026-06-30 23:59:21.016910+00:00,ACC_00422,143.08,pharmacy,0,2,0
TXN_EBB8644430C04D77,2026-07-01 00:16:02.016910+00:00,ACC_00422,138.6,grocery,0,3,0
TXN_B77164FFBEAA43C3,2026-07-01 00:27:02.016910+00:00,ACC_00422,27.07,gaming,0,4,0
TXN_BE654C8A0B694F86,2026-07-01 01:54:31.016910+00:00,ACC_00422,46.96,other,0,0,0
TXN_D85F1D9C028F446F,2026-07-01 02:12:35.016910+00:00,ACC_00422,20.43,gaming,0,1,0
TXN_1D763B7A4CC2493F,2026-07-01 02:55:41.016910+00:00,ACC_00415,59.55,online_services,0,0,0
TXN_A7B1FC4E286841BF,2026-07-01 03:10:07.016910+00:00,ACC_00017,88.66,travel,0,0,0
TXN_E7596CDEAFA7411C,2026-07-01 03:56:52.016910+00:00,ACC_00124,91.08,hotel,0,0,0
TXN_FAC5B1621AB24D12,2026-07-01 04:23:07.016910+00:00,ACC_00124,145.71,other,0,1,0
TXN_50317D916F0E4BAF,2026-07-01 04:35:56.016910+00:00,ACC_00124,11.14,pharmacy,0,2,0
TXN_C968901D76CE408B,2026-07-01 05:01:22.016910+00:00,ACC_00124,794.03,jewelry,1,2,0
TXN_61F185FD35CC4DAC,2026-07-01 05:04:35.016910+00:00,ACC_00124,3996.61,travel,0,3,0
TXN_DB85B05F135A404C,2026-07-01 05:18:03.016910+00:00,ACC_00124,753.76,jewelry,0,4,0
TXN_DB1A49B7F8544C94,2026-07-01 05:42:52.016910+00:00,ACC_00124,221.33,hotel,0,3,0
TXN_5EB80005FAE641A1,2026-07-01 05:45:26.016910+00:00,ACC_00223,264.84,hotel,0,0,0
TXN_1EE3AC38A70D4901,2026-07-01 05:55:22.016910+00:00,ACC_00025,50.66,clothing,0,0,0
TXN_E52B983EFBE543C9,2026-07-01 06:01:04.016910+00:00,ACC_00187,84.89,jewelry,0,0,0
TXN_8D383707B0D94A42,2026-07-01 06:31:09.016910+00:00,ACC_00187,25.35,online_services,0,1,0
TXN_F9288DF488704879,2026-07-01 07:05:07.016910+00:00,ACC_00187,107.19,jewelry,0,1,0
TXN_5D82E12B14FB4EFD,2026-07-01 07:28:39.016910+00:00,ACC_00187,36.68,jewelry,0,2,0
TXN_F9039BA1C3CA42E0,2026-07-01 08:01:50.016910+00:00,ACC_00187,145.44,other,0,2,0
TXN_91CCC89532DA453E,2026-07-01 08:08:10.016910+00:00,ACC_00106,35.45,grocery,0,0,0
TXN_E906EA5CB4A04C6F,2026-07-01 08:16:21.016910+00:00,ACC_00037,100.16,jewelry,0,0,0
TXN_BD50B926883648D8,2026-07-01 08:20:32.016910+00:00,ACC_00268,1568.7,jewelry,0,0,0
TXN_C8DF7A72DB0F4ED9,2026-07-01 08:33:28.016910+00:00,ACC_00782,322.25,restaurant,0,0,0
TXN_84876F9967374056,2026-07-01 08:42:40.016910+00:00,ACC_00436,11.73,fuel,0,0,0
TXN_15A91C18B1754FFD,2026-07-01 09:11:23.016910+00:00,ACC_00957,89.3,hotel,0,0,0
TXN_4FD435C70E2648F9,2026-07-01 09:14:10.016910+00:00,ACC_00810,21.05,restaurant,0,0,0
TXN_3F932C7A56E34A61,2026-07-01 09:22:26.016910+00:00,ACC_00655,18.74,online_services,0,0,0
TXN_1EF09F4ECBFE4523,2026-07-01 09:50:32.016910+00:00,ACC_00013,283.7,electronics,0,0,0
TXN_B75ED426CC3E481D,2026-07-01 10:31:12.016910+00:00,ACC_00667,37.03,jewelry,1,0,0
TXN_DEB088233A764837,2026-07-01 10:53:46.016910+00:00,ACC_00826,225.74,online_services,0,0,0
TXN_5EB6A8EF64C84B5F,2026-07-01 11:06:41.016910+00:00,ACC_00775,46.82,online_services,0,0,0
TXN_184E413DFBED448F,2026-07-01 11:24:59.016910+00:00,ACC_00296,247.42,grocery,0,0,0
TXN_0EC3F3AD71924252,2026-07-01 11:39:36.016910+00:00,ACC_00479,135.22,travel,0,0,0
TXN_27D04C02C2D342C3,2026-07-01 11:43:00.016910+00:00,ACC_00536,29.38,fuel,0,0,0
TXN_4C4726871E6C4D70,2026-07-01 12:21:06.016910+00:00,ACC_00651,9.34,fuel,0,0,0
TXN_4D99D597BF044676,2026-07-01 12:49:20.016910+00:00,ACC_00018,123.26,online_services,0,0,0
TXN_FE5262755B1446E2,2026-07-01 12:58:13.016910+00:00,ACC_00893,701.31,hotel,1,0,0
TXN_41A9E2D3CE9D4FE4,2026-07-01 13:02:45.016910+00:00,ACC_00142,229.22,online_services,0,0,0
TXN_E00B2F9DB1414AD4,2026-07-01 13:03:16.016910+00:00,ACC_00699,31.05,travel,0,0,0
TXN_0B8AE2FDCC4B44AD,2026-07-01 13:33:29.016910+00:00,ACC_00699,145.83,fuel,0,1,0
TXN_3F1B6019F8BD4BBE,2026-07-01 14:33:43.016910+00:00,ACC_00699,24.08,pharmacy,0,0,0
TXN_2AC436C5A0A74751,2026-07-01 14:42:59.016910+00:00,ACC_00699,44.14,clothing,0,1,0
TXN_75356AA62A49478B,2026-07-01 16:31:22.016910+00:00,ACC_00699,27.57,fuel,0,0,0
TXN_FF0040BA6E5C41F3,2026-07-01 16:54:27.016910+00:00,ACC_00699,63.35,hotel,0,1,0
TXN_4BF97E1113EB4881,2026-07-01 17:30:29.016910+00:00,ACC_00699,36.08,online_services,0,2,0
TXN_9D66A4EE7F2C4B75,2026-07-01 19:31:44.016910+00:00,ACC_00067,56.79,travel,0,0,0
TXN_4B3CA550F0934B34,2026-07-01 19:40:50.016910+00:00,ACC_00663,167.79,gaming,0,0,0
TXN_A4E77F705EB440CB,2026-07-01 19:48:31.016910+00:00,ACC_00254,76.36,grocery,0,0,0
TXN_CE8DBC2CF23C4FC7,2026-07-01 20:24:51.016910+00:00,ACC_00217,69.4,other,0,0,0
TXN_4FBD7F625659430A,2026-07-01 21:48:25.016910+00:00,ACC_00924,157.5,jewelry,0,0,0
TXN_CA2AEAAC194F4999,2026-07-01 21:50:31.016910+00:00,ACC_00863,83.85,travel,0,0,0
TXN_2DE773DE831A44C7,2026-07-01 22:16:55.016910+00:00,ACC_00449,339.74,jewelry,0,0,0
TXN_EABFD261BB0E4E60,2026-07-01 22:26:50.016910+00:00,ACC_00449,50.15,grocery,0,1,0
TXN_90121066EF1C48CB,2026-07-01 22:42:41.016910+00:00,ACC_00449,116.22,fuel,0,2,0
TXN_8FB45859150F44D3,2026-07-01 22:49:48.016910+00:00,ACC_00449,185.96,restaurant,1,3,0
TXN_3A472EFCF01F47B7,2026-07-01 23:09:02.016910+00:00,ACC_00449,23.82,fuel,0,4,0
TXN_88FFDE2E143440DB,2026-07-01 23:40:45.016910+00:00,ACC_00449,62.57,hotel,0,3,0
TXN_76EAEC05CA8D42D4,2026-07-01 23:49:07.016910+00:00,ACC_00449,73.17,fuel,0,3,0
TXN_2C73E50A10A64BC6,2026-07-02 00:29:24.016910+00:00,ACC_00449,64.37,restaurant,0,2,0
TXN_8C0F1863BE374B1A,2026-07-02 00:35:09.016910+00:00,ACC_00131,465.65,gaming,0,0,0
TXN_9B728DFE60D946C3,2026-07-02 01:13:10.016910+00:00,ACC_00166,9.56,gaming,0,0,0
TXN_211BB83DCC434B7C,2026-07-02 02:35:00.016910+00:00,ACC_00599,178.48,online_services,0,0,0
TXN_FC2D1E75C1E14891,2026-07-02 03:19:51.016910+00:00,ACC_00578,51.18,gaming,0,0,0
TXN_DB7EAB19FBFB4BA7,2026-07-02 03:59:48.016910+00:00,ACC_00668,71.55,hotel,0,0,0
TXN_BEE54C27F1ED4B91,2026-07-02 04:20:40.016910+00:00,ACC_00916,60.23,fuel,0,0,0
TXN_3AFED7399B1B41D6,2026-07-02 04:25:03.016910+00:00,ACC_00931,66.52,online_services,0,0,0
TXN_F852A18B510A4F8B,2026-07-02 06:07:48.016910+00:00,ACC_00272,18.35,restaurant,0,0,0
TXN_D012D1CC2E9644AF,2026-07-02 06:25:26.016910+00:00,ACC_00354,50.66,jewelry,0,0,0
TXN_702C950AEF154C1F,2026-07-02 07:01:33.016910+00:00,ACC_00425,559.97,travel,0,0,0
TXN_CA7BFC14999C4E19,2026-07-02 08:05:24.016910+00:00,ACC_00690,14.49,restaurant,0,0,0
TXN_C3CED58069264F2E,2026-07-02 09:24:04.016910+00:00,ACC_00572,101.4,jewelry,0,0,0
TXN_73640F21B7174B14,2026-07-02 09:48:24.016910+00:00,ACC_00572,28.29,clothing,0,1,0
TXN_B430B8CEB00C4549,2026-07-02 09:51:17.016910+00:00,ACC_00572,97.8,gaming,0,2,0
TXN_C3D08D9154C54FA0,2026-07-02 10:06:29.016910+00:00,ACC_00572,81.57,electronics,0,3,0
TXN_D3709E15E6384628,2026-07-02 10:09:11.016910+00:00,ACC_00572,15000.0,travel,1,7,0
TXN_414DAED1B1274579,2026-07-02 10:26:22.016910+00:00,ACC_00572,15000.0,travel,1,6,0
TXN_9D8A748879F94683,2026-07-02 10:53:33.016910+00:00,ACC_00572,140.04,hotel,0,3,0
TXN_230EBB1EBFFE4224,2026-07-02 11:15:41.016910+00:00,ACC_00572,22.81,fuel,0,2,0
TXN_D3421C03369B4E4F,2026-07-02 11:38:40.016910+00:00,ACC_00262,12.48,other,0,0,0
TXN_6F9A41A9E6D74B83,2026-07-02 12:17:33.016910+00:00,ACC_00684,15000.0,travel,1,7,1
TXN_A288EF4A36A14DDD,2026-07-02 13:25:36.016910+00:00,ACC_00555,49.9,grocery,0,0,0
TXN_41C389D0A9E0493F,2026-07-02 13:27:24.016910+00:00,ACC_00945,6.72,grocery,0,0,0
TXN_9529D4E8FA1C4535,2026-07-02 13:38:25.016910+00:00,ACC_00193,183.93,grocery,0,0,0
TXN_6729E8D1DBF04D1F,2026-07-02 13:59:10.016910+00:00,ACC_00501,4.65,restaurant,0,0,0
TXN_09DC5FF68E104B57,2026-07-02 14:03:56.016910+00:00,ACC_00163,24.33,clothing,0,0,0
TXN_6D27B0C0431B4FEE,2026-07-02 14:27:33.016910+00:00,ACC_00938,22.84,online_services,0,0,0
TXN_F959770887AF4420,2026-07-02 14:52:04.016910+00:00,ACC_00519,16.5,restaurant,0,0,0
TXN_F3C2AC02943C4F8B,2026-07-02 15:37:11.016910+00:00,ACC_00551,19.25,pharmacy,0,0,0
TXN_ED63321D972143D0,2026-07-02 16:29:04.016910+00:00,ACC_00155,45.01,travel,0,0,0
TXN_053AC3735B6F4CD5,2026-07-02 18:15:48.016910+00:00,ACC_00207,129.93,hotel,0,0,0
TXN_0A20AE6614D64D13,2026-07-02 18:17:58.016910+00:00,ACC_00850,98.88,fuel,0,0,0
TXN_55772F8D172A4CF1,2026-07-02 19:11:15.016910+00:00,ACC_00988,38.48,pharmacy,0,0,0
TXN_E9DDCFE5841C44B6,2026-07-02 19:19:04.016910+00:00,ACC_00450,67.61,clothing,1,0,0
TXN_E5A209B97FAD4A20,2026-07-02 19:22:04.016910+00:00,ACC_00924,37.46,clothing,0,0,0
TXN_A1285DD91FB749A5,2026-07-02 19:59:16.016910+00:00,ACC_00350,43.27,grocery,0,0,0
TXN_F4DF701BADCD4C2D,2026-07-02 20:02:15.016910+00:00,ACC_00194,48.42,pharmacy,0,0,0
TXN_642A4F7D0963458A,2026-07-02 20:24:29.016910+00:00,ACC_00746,54.57,restaurant,0,0,0
TXN_3D5DB831D4E14D19,2026-07-02 20:30:44.016910+00:00,ACC_00746,59.82,electronics,0,1,0
TXN_21A1152A185B4907,2026-07-02 20:37:59.016910+00:00,ACC_00746,13.36,restaurant,0,2,0
TXN_A12A1BD05F9342F7,2026-07-02 20:56:31.016910+00:00,ACC_00746,7.28,other,0,3,0
TXN_AB932D1C071447B5,2026-07-02 21:50:03.016910+00:00,ACC_00978,181.33,restaurant,0,0,0
TXN_A589B4853C9542B7,2026-07-02 21:52:45.016910+00:00,ACC_00247,1342.0,jewelry,0,0,0
TXN_CE32E019F67C4911,2026-07-02 22:00:13.016910+00:00,ACC_00829,41.97,gaming,1,0,0
TXN_737CEE074AAA4086,2026-07-02 22:20:21.016910+00:00,ACC_00829,38.67,grocery,0,1,0
TXN_43988B8DF55E418C,2026-07-02 22:25:06.016910+00:00,ACC_00829,169.09,fuel,0,2,0
TXN_51CA606583064AD7,2026-07-02 22:37:26.016910+00:00,ACC_00829,36.94,electronics,0,3,0
TXN_5ECAA9F94CA34841,2026-07-02 22:45:46.016910+00:00,ACC_00829,48.94,electronics,0,4,0
TXN_6513E07225C64733,2026-07-02 23:41:44.016910+00:00,ACC_00829,207.33,gaming,0,1,0
TXN_26365342DD944211,2026-07-02 23:46:14.016910+00:00,ACC_00108,164.96,jewelry,0,0,0
TXN_B4090BE91DD849F2,2026-07-02 23:57:56.016910+00:00,ACC_00437,10.85,restaurant,0,0,0
TXN_43ED9E14BA954CA6,2026-07-03 00:21:29.016910+00:00,ACC_00979,42.69,restaurant,0,0,0
TXN_936E79CD6FA64D25,2026-07-03 00:39:39.016910+00:00,ACC_00888,24.05,gaming,0,0,0
TXN_C0117A5300654A63,2026-07-03 00:47:37.016910+00:00,ACC_00405,169.03,gaming,0,0,0
TXN_8E96D147918B40D1,2026-07-03 00:55:58.016910+00:00,ACC_00627,122.67,hotel,0,0,0
TXN_90232EB5759F4453,2026-07-03 01:11:16.016910+00:00,ACC_00429,21.78,grocery,0,0,0
TXN_A9C79CFA17BE4D26,2026-07-03 01:25:13.016910+00:00,ACC_00782,19.57,pharmacy,0,0,0
TXN_829FD2565700423B,2026-07-03 02:25:14.016910+00:00,ACC_00977,73.3,clothing,0,0,0
TXN_5CD7CF9DAE47450B,2026-07-03 03:23:10.016910+00:00,ACC_00946,41.34,clothing,0,0,0
TXN_4B07B7C6B0794C1B,2026-07-03 03:51:03.016910+00:00,ACC_00916,12531.25,travel,0,0,0
TXN_642FE8712C4944A1,2026-07-03 04:19:49.016910+00:00,ACC_00494,68.07,pharmacy,0,0,0
TXN_513A592B519146D4,2026-07-03 05:05:15.016910+00:00,ACC_00494,490.8,hotel,0,1,0
TXN_92C91DAF29AD4630,2026-07-03 05:16:26.016910+00:00,ACC_00494,392.74,jewelry,0,2,0
TXN_7BC5E17D5AEE44FB,2026-07-03 05:33:43.016910+00:00,ACC_00494,56.14,electronics,0,2,0
TXN_D6C5CB4DC7D14E60,2026-07-03 05:42:50.016910+00:00,ACC_00494,41.26,electronics,0,3,0
TXN_CF725257EFEE4924,2026-07-03 06:57:23.016910+00:00,ACC_00139,64.12,pharmacy,0,0,0
TXN_6A7754786B3E4D99,2026-07-03 07:39:05.016910+00:00,ACC_00039,58.79,pharmacy,0,0,0
TXN_863284E965264AEB,2026-07-03 08:46:38.016910+00:00,ACC_00039,95.33,travel,0,0,0
TXN_A3DDE911D8B44569,2026-07-03 09:58:01.016910+00:00,ACC_00039,28.05,pharmacy,0,0,0
TXN_9E14AB54B43143A8,2026-07-03 10:03:40.016910+00:00,ACC_00039,58.94,hotel,0,1,0
TXN_DF440BBEFAB540F0,2026-07-03 11:37:52.016910+00:00,ACC_00039,16.83,online_services,0,0,0
TXN_0AAAD43A98A7432C,2026-07-03 11:52:57.016910+00:00,ACC_00039,31.62,other,0,1,0
TXN_ACCDA40C9E854766,2026-07-03 12:39:44.016910+00:00,ACC_00039,4.2,fuel,0,1,0
TXN_00CE9B510049451D,2026-07-03 13:20:37.016910+00:00,ACC_00039,340.71,hotel,0,1,0
TXN_BC2334E3A63449EC,2026-07-03 13:33:36.016910+00:00,ACC_00018,32.07,hotel,0,0,0
TXN_8D6C9125DC6147FF,2026-07-03 13:53:02.016910+00:00,ACC_00014,42.8,online_services,0,0,0
TXN_55D9B1D5207C4362,2026-07-03 15:00:40.016910+00:00,ACC_00056,4.1,restaurant,0,0,0
TXN_CEDB68A1064A4692,2026-07-03 15:50:12.016910+00:00,ACC_00080,189.51,hotel,0,0,0
TXN_B71AA93B7D39410C,2026-07-03 15:53:37.016910+00:00,ACC_00198,15000.0,travel,1,5,0
TXN_1499339D955C4BA9,2026-07-03 16:03:32.016910+00:00,ACC_00320,29.06,restaurant,0,0,0
TXN_946DDC83D2184858,2026-07-03 16:26:29.016910+00:00,ACC_00941,3394.68,electronics,0,0,0
TXN_763C043851894DAC,2026-07-03 16:35:18.016910+00:00,ACC_00996,17.62,pharmacy,0,0,0
TXN_829D76C2BAE34017,2026-07-03 16:35:39.016910+00:00,ACC_00283,116.09,fuel,0,0,0
TXN_9C1B5B73CE3F4C31,2026-07-03 16:37:34.016910+00:00,ACC_00389,53.71,jewelry,0,0,0
TXN_CC65D0D6111F47B3,2026-07-03 16:45:08.016910+00:00,ACC_00389,12885.31,travel,0,1,0
TXN_59EC0DFE68404B9A,2026-07-03 16:51:05.016910+00:00,ACC_00389,26.51,other,0,2,0
TXN_FC30F382D97D4849,2026-07-03 18:30:32.016910+00:00,ACC_00389,15.44,pharmacy,0,0,0
TXN_569AD074D26E4C1F,2026-07-03 18:38:18.016910+00:00,ACC_00613,3507.77,grocery,0,0,0
TXN_2C5884C89CDB4EDB,2026-07-03 20:22:17.016910+00:00,ACC_00452,43.03,clothing,0,0,0
TXN_DFB4342D40844D3C,2026-07-03 21:36:26.016910+00:00,ACC_00232,58.34,hotel,0,0,0
TXN_5A6D8470BAE446ED,2026-07-03 21:38:06.016910+00:00,ACC_00187,66.18,clothing,1,0,0
TXN_FABCBD0AD060464B,2026-07-03 22:29:54.016910+00:00,ACC_00951,47.5,fuel,0,0,0
TXN_7466779F61844388,2026-07-03 22:41:06.016910+00:00,ACC_00335,86.78,grocery,0,0,0
TXN_3BBA0D7AE75D4A20,2026-07-03 22:45:57.016910+00:00,ACC_00376,65.24,online_services,0,0,0
TXN_AC6CCCDDB6CF443A,2026-07-03 23:32:28.016910+00:00,ACC_00045,24.93,restaurant,0,0,0
TXN_203990E9D8734469,2026-07-03 23:47:07.016910+00:00,ACC_00508,42.49,gaming,0,0,0
TXN_7DCCB10CAA014CB7,2026-07-04 00:03:11.016910+00:00,ACC_00812,25.45,hotel,0,0,0
TXN_4E7E99B3E8FE4AA8,2026-07-04 01:14:52.016910+00:00,ACC_00476,312.38,jewelry,0,0,0
TXN_2EA6F21C43444FA6,2026-07-04 01:43:35.016910+00:00,ACC_00610,11.6,restaurant,0,0,0
TXN_439C8F1849914B8C,2026-07-04 02:08:22.016910+00:00,ACC_00102,33.26,restaurant,0,0,0
TXN_E284CBAF387D4987,2026-07-04 02:21:24.016910+00:00,ACC_00265,597.61,travel,0,0,0
TXN_E026E472D13D4CFA,2026-07-04 02:59:28.016910+00:00,ACC_00320,145.39,travel,0,0,0
TXN_66591CEFC11E4EC6,2026-07-04 03:22:33.016910+00:00,ACC_00689,31.23,online_services,0,0,0
TXN_0EEA189CB9B44B1E,2026-07-04 03:26:40.016910+00:00,ACC_00907,19.3,restaurant,0,0,0
TXN_208C2290ED1448D4,2026-07-04 03:36:32.016910+00:00,ACC_00412,187.58,travel,0,0,0
TXN_3CEEBEAF6CB94CC0,2026-07-04 03:42:53.016910+00:00,ACC_00361,44.18,grocery,1,0,0
TXN_32FE312DCF774D50,2026-07-04 04:09:59.016910+00:00,ACC_00815,69.49,fuel,0,0,0
TXN_A4BE080E16A04E38,2026-07-04 04:13:32.016910+00:00,ACC_00815,15.41,restaurant,0,1,0
TXN_4C4BD982FA444239,2026-07-04 04:17:29.016910+00:00,ACC_00815,27.22,pharmacy,0,2,0
TXN_967760AC1A4B4E94,2026-07-04 04:23:58.016910+00:00,ACC_00815,58.38,restaurant,0,3,0
TXN_3091018FCABA4DAB,2026-07-04 06:01:35.016910+00:00,ACC_00815,63.25,restaurant,0,0,0
TXN_5B76C40926924D73,2026-07-04 06:02:34.016910+00:00,ACC_00815,102.03,online_services,0,1,0
TXN_0A2C2AF0D6F2498F,2026-07-04 06:21:29.016910+00:00,ACC_00815,261.71,travel,0,2,0
TXN_38A1410D907A4297,2026-07-04 06:30:47.016910+00:00,ACC_00794,108.31,other,0,0,0
TXN_A44EFB53477940AC,2026-07-04 06:49:51.016910+00:00,ACC_00409,66.41,other,0,0,0
TXN_C78D91C2EEF64876,2026-07-04 06:50:57.016910+00:00,ACC_00153,7.78,restaurant,0,0,0
TXN_B024857FF0004754,2026-07-04 06:56:13.016910+00:00,ACC_00781,41.98,travel,0,0,0
TXN_A090A53582FA4635,2026-07-04 07:58:55.016910+00:00,ACC_00857,45.69,online_services,0,0,0
TXN_9DBE93B91CE14280,2026-07-04 08:02:39.016910+00:00,ACC_00447,237.95,jewelry,0,0,0
TXN_CEB7EA23FE464016,2026-07-04 08:17:09.016910+00:00,ACC_00660,63.08,travel,0,0,0
TXN_75F5C5804D434DF5,2026-07-04 08:39:23.016910+00:00,ACC_00943,18.63,fuel,0,0,0
TXN_6A0AB579379E448D,2026-07-04 08:41:18.016910+00:00,ACC_00612,24.78,restaurant,0,0,0
TXN_DD0F9BF51B2F43D2,2026-07-04 08:56:05.016910+00:00,ACC_00286,302.65,fuel,0,0,0
TXN_4294530204E545CB,2026-07-04 09:45:29.016910+00:00,ACC_00508,53.97,travel,0,0,0
TXN_6B935C1B50E54DD1,2026-07-04 10:13:30.016910+00:00,ACC_00970,93.22,travel,0,0,0
TXN_FC23DB26251046BF,2026-07-04 10:51:30.016910+00:00,ACC_00798,309.4,travel,0,0,0
TXN_4A591AD2DC2741EF,2026-07-04 11:03:22.016910+00:00,ACC_00951,92.09,clothing,0,0,0
TXN_96D9A7886D134953,2026-07-04 11:26:29.016910+00:00,ACC_00907,42.83,pharmacy,0,0,0
TXN_1BA60230850040E7,2026-07-04 11:26:31.016910+00:00,ACC_00557,6.41,pharmacy,0,0,0
TXN_65DD4BB81EE04A2C,2026-07-04 11:34:36.016910+00:00,ACC_00856,86.26,hotel,0,0,0
TXN_13FC82E1E14E4365,2026-07-04 11:39:03.016910+00:00,ACC_00820,273.16,clothing,0,0,0
TXN_A80C720DE6054EBF,2026-07-04 11:53:06.016910+00:00,ACC_00331,64.66,travel,0,0,0
TXN_99176C4C781748A5,2026-07-04 12:16:00.016910+00:00,ACC_00247,25.03,other,0,0,0
TXN_DDD0B2A090204146,2026-07-04 12:29:03.016910+00:00,ACC_00878,204.39,clothing,0,0,0
TXN_6C0570B35EEC4178,2026-07-04 13:15:20.016910+00:00,ACC_00681,98.94,hotel,0,0,0
TXN_D01B67BE861D4D84,2026-07-04 13:55:51.016910+00:00,ACC_00079,11.32,other,0,0,0
TXN_65CA0679461C4BE7,2026-07-04 14:15:50.016910+00:00,ACC_00005,17.46,clothing,0,0,0
TXN_542C63A404944D70,2026-07-04 14:21:09.016910+00:00,ACC_00531,22.06,fuel,0,0,0
TXN_940A9578BC6F48DB,2026-07-04 14:31:35.016910+00:00,ACC_00019,136.29,hotel,1,0,0
TXN_E608465396DC4F21,2026-07-04 14:33:48.016910+00:00,ACC_00961,35.71,gaming,0,0,0
TXN_59204ADBD43D4419,2026-07-04 15:06:47.016910+00:00,ACC_00070,19.28,online_services,0,0,0
TXN_85568D4297F647BF,2026-07-04 15:17:29.016910+00:00,ACC_00407,45.22,other,0,0,0
TXN_865AEAB8D95F4413,2026-07-04 15:45:33.016910+00:00,ACC_00295,12.93,restaurant,0,0,0
TXN_80FB33E61E384E9F,2026-07-04 15:45:45.016910+00:00,ACC_00295,325.2,other,0,1,0
TXN_2E0839FE597940D5,2026-07-04 16:02:16.016910+00:00,ACC_00295,12.98,fuel,0,2,0
TXN_5832C8DD604E4F99,2026-07-04 16:05:14.016910+00:00,ACC_00295,28.1,gaming,0,3,0
TXN_0E0CE61E29EB4EC6,2026-07-04 16:24:58.016910+00:00,ACC_00764,21.66,fuel,0,0,0
TXN_B3BE1CD527DE46D6,2026-07-04 16:25:04.016910+00:00,ACC_00154,15.69,restaurant,0,0,0
TXN_9C0E2C087C5D4315,2026-07-04 16:32:51.016910+00:00,ACC_00900,40.6,electronics,0,0,0
TXN_A0B6DBE5E0A746D8,2026-07-04 17:16:15.016910+00:00,ACC_00400,415.91,electronics,0,0,0
TXN_5CB9FA681FC24688,2026-07-04 17:53:15.016910+00:00,ACC_00220,951.82,hotel,0,0,0
TXN_718708271B504587,2026-07-04 17:54:55.016910+00:00,ACC_00180,76.45,other,0,0,0
TXN_F1D0044CA2A647B1,2026-07-04 18:09:19.016910+00:00,ACC_00286,56.17,online_services,0,0,0
TXN_1F0B36AAC238479A,2026-07-04 18:10:39.016910+00:00,ACC_00324,11.75,clothing,0,0,0
TXN_235B45C61F054D10,2026-07-04 18:50:03.016910+00:00,ACC_00804,202.3,other,0,0,0
TXN_242DD542EF894C7A,2026-07-04 19:24:22.016910+00:00,ACC_00804,20.67,online_services,0,1,0
TXN_E9E18BDFC901499A,2026-07-04 19:41:33.016910+00:00,ACC_00804,23.83,hotel,0,2,0
TXN_570102E9A21B4951,2026-07-04 19:46:40.016910+00:00,ACC_00804,72.57,gaming,0,3,0
TXN_7B0423CA3EF64FF2,2026-07-04 19:53:16.016910+00:00,ACC_00804,89.1,pharmacy,0,3,0
TXN_2DA20BDCBB854251,2026-07-04 20:13:19.016910+00:00,ACC_00804,400.08,hotel,0,4,0
TXN_0FB37297223248D4,2026-07-04 20:37:08.016910+00:00,ACC_00929,71.05,hotel,0,0,0
TXN_D9CB3E29F0BE43E2,2026-07-04 21:04:40.016910+00:00,ACC_00929,25.62,online_services,0,1,0
TXN_524D28EBDC8F463F,2026-07-04 21:27:55.016910+00:00,ACC_00929,58.45,clothing,0,2,0
TXN_64E2076C9CB545EE,2026-07-04 22:00:55.016910+00:00,ACC_00929,40.18,clothing,0,2,0
TXN_32ED017F65204FB6,2026-07-04 22:12:10.016910+00:00,ACC_00929,370.11,jewelry,0,2,0
TXN_9F6A9754FA1A4B0B,2026-07-04 22:20:20.016910+00:00,ACC_00929,32.8,restaurant,0,3,0
TXN_C8B3E0141ADA459A,2026-07-04 23:14:47.016910+00:00,ACC_00929,4.89,restaurant,0,1,0
TXN_4535AA38543D426E,2026-07-04 23:24:59.016910+00:00,ACC_00929,14.45,pharmacy,0,1,0
TXN_61040F3EBD9C46D8,2026-07-04 23:30:32.016910+00:00,ACC_00193,124.47,pharmacy,0,0,0
TXN_DC81EC2445184F94,2026-07-04 23:44:06.016910+00:00,ACC_00591,372.35,jewelry,0,0,0
TXN_EF37F6C234E24725,2026-07-05 00:17:52.016910+00:00,ACC_00898,289.62,electronics,0,0,0
TXN_FDBD5E6AC7354DE9,2026-07-05 01:12:33.016910+00:00,ACC_00898,48.89,electronics,0,1,0
TXN_528F964CA56F4C2B,2026-07-05 01:13:31.016910+00:00,ACC_00898,361.74,jewelry,0,2,0
TXN_B36540F935314175,2026-07-05 01:27:34.016910+00:00,ACC_00898,3.39,online_services,0,2,0
TXN_9D71759A14344C48,2026-07-05 01:35:40.016910+00:00,ACC_00898,94.15,gaming,0,3,0
TXN_554384B72DCF46CB,2026-07-05 01:44:50.016910+00:00,ACC_00255,252.8,jewelry,0,0,0
TXN_D0CF4C711E8F4BB4,2026-07-05 01:56:41.016910+00:00,ACC_00532,16.09,gaming,0,0,0
TXN_40D9ECEE106B4E7C,2026-07-05 02:16:12.016910+00:00,ACC_00435,57.79,other,0,0,0
TXN_09231847CB4D4922,2026-07-05 02:42:35.016910+00:00,ACC_00529,95.93,clothing,0,0,0
TXN_167FF71E37724879,2026-07-05 02:50:10.016910+00:00,ACC_00529,77.82,restaurant,0,1,0
TXN_6086EB18E022412A,2026-07-05 03:34:21.016910+00:00,ACC_00529,13.95,other,0,2,0
TXN_A2D8313ED09A4822,2026-07-05 03:39:38.016910+00:00,ACC_00529,55.81,clothing,0,3,0
TXN_5FC15700E8224514,2026-07-05 04:21:25.016910+00:00,ACC_00529,9.93,pharmacy,0,2,0
TXN_17EF980E48BD417B,2026-07-05 05:03:31.016910+00:00,ACC_00529,54.01,restaurant,0,1,0
TXN_AA819FD7542843AB,2026-07-05 05:21:51.016910+00:00,ACC_00529,83.76,pharmacy,0,1,0
TXN_34FFD33F4A034187,2026-07-05 05:35:23.016910+00:00,ACC_00529,45.23,hotel,1,2,0
TXN_88FFC265A3EB40E5,2026-07-05 05:37:10.016910+00:00,ACC_00016,38.62,hotel,0,0,0
TXN_82223AA30BBB4640,2026-07-05 05:37:50.016910+00:00,ACC_00016,27.64,clothing,0,1,0
TXN_55B04881E2C745FD,2026-07-05 05:39:04.016910+00:00,ACC_00016,23.08,restaurant,1,2,0
TXN_AFEC4F7A94DA408D,2026-07-05 05:47:39.016910+00:00,ACC_00016,21.89,gaming,0,3,0
TXN_B44BBFCBA7EC4C65,2026-07-05 06:10:38.016910+00:00,ACC_00016,82.7,grocery,0,4,0
TXN_14E1DEFEE1A8432B,2026-07-05 07:35:27.016910+00:00,ACC_00288,125.2,gaming,0,0,0
TXN_B84A6A7DD74C4123,2026-07-05 08:19:59.016910+00:00,ACC_00528,119.23,hotel,0,0,0
TXN_5581B41DDA004CA4,2026-07-05 09:09:12.016910+00:00,ACC_00789,56.29,hotel,0,0,0
TXN_51829D2D489B439D,2026-07-05 09:17:59.016910+00:00,ACC_00762,31.26,fuel,0,0,0
TXN_2C4ADFAC054B4BBA,2026-07-05 09:47:35.016910+00:00,ACC_00762,35.76,pharmacy,0,1,0
TXN_DBCBFE5B2C534E95,2026-07-05 09:48:24.016910+00:00,ACC_00762,38.64,clothing,0,2,0
TXN_621D79C94AF843BB,2026-07-05 10:23:48.016910+00:00,ACC_00762,49.89,other,0,2,0
TXN_7504D85AB6094AA3,2026-07-05 10:42:27.016910+00:00,ACC_00987,287.13,hotel,0,0,0
TXN_4E52B201AE524D76,2026-07-05 11:02:13.016910+00:00,ACC_00744,66.6,travel,0,0,0
TXN_1FAE2DCF22C94B82,2026-07-05 11:03:58.016910+00:00,ACC_00744,179.34,restaurant,1,1,0
TXN_863B23C272BF4A90,2026-07-05 11:08:41.016910+00:00,ACC_00744,36.77,pharmacy,1,2,0
TXN_6C4A9442350D466B,2026-07-05 11:40:29.016910+00:00,ACC_00744,32.73,gaming,0,3,0
TXN_59C8A7B986204472,2026-07-05 11:42:01.016910+00:00,ACC_00744,52.19,hotel,0,4,0
TXN_31EC302455E646B3,2026-07-05 11:52:07.016910+00:00,ACC_00099,70.08,travel,0,0,0
TXN_1C2040ECD0684D41,2026-07-05 12:11:20.016910+00:00,ACC_00442,43.62,online_services,0,0,0
TXN_3331B20AC0D04F67,2026-07-05 12:17:42.016910+00:00,ACC_00329,121.76,hotel,0,0,0
TXN_A6285DD2E5EA4AA0,2026-07-05 13:20:33.016910+00:00,ACC_00329,79.29,hotel,0,0,0
TXN_23AF54AED338489E,2026-07-05 13:25:52.016910+00:00,ACC_00329,13.15,online_services,0,1,0
TXN_161956D245B64269,2026-07-05 13:29:52.016910+00:00,ACC_00329,43.63,online_services,0,2,0
TXN_7B7DA9BA09C44AB1,2026-07-05 13:33:58.016910+00:00,ACC_00329,19.93,grocery,0,3,0
TXN_7B2ACD879E5546FC,2026-07-05 14:51:10.016910+00:00,ACC_00329,9.03,gaming,0,0,0
TXN_6C1F6489648B4CA7,2026-07-05 15:31:46.016910+00:00,ACC_00329,96.12,other,0,1,0
TXN_5C71F37CD5E54676,2026-07-05 15:50:35.016910+00:00,ACC_00583,8.84,fuel,0,0,0
TXN_DC9A0E9671CB437F,2026-07-05 16:02:38.016910+00:00,ACC_00270,26.71,fuel,0,0,0
TXN_15FC94084A9C41EF,2026-07-05 17:04:21.016910+00:00,ACC_00762,194.65,jewelry,0,0,0
TXN_C022AC0A56E0470F,2026-07-05 17:07:55.016910+00:00,ACC_00302,126.15,grocery,0,0,0
TXN_94C5DFB86619463F,2026-07-05 17:37:30.016910+00:00,ACC_00652,5.87,restaurant,0,0,0
TXN_235EF8198BB84C1D,2026-07-05 18:38:41.016910+00:00,ACC_00682,85.43,online_services,0,0,0
TXN_6C233187D52643C0,2026-07-05 18:39:01.016910+00:00,ACC_00179,74.76,pharmacy,0,0,0
TXN_D0FE5202F984476D,2026-07-05 18:45:13.016910+00:00,ACC_00179,147.93,pharmacy,0,1,0
TXN_B2956EBCD0DA4EBD,2026-07-05 18:47:28.016910+00:00,ACC_00179,135.63,clothing,0,2,0
TXN_EF4D41F4A29D4ED9,2026-07-05 18:51:37.016910+00:00,ACC_00179,35.1,grocery,0,3,0
TXN_31B2BAD87DF24F33,2026-07-05 20:46:38.016910+00:00,ACC_00179,7.89,pharmacy,0,0,0
TXN_AAF67B5F87284F96,2026-07-05 20:48:04.016910+00:00,ACC_00179,279.15,travel,0,1,0
TXN_E5BF5D2A09884CE9,2026-07-05 21:09:16.016910+00:00,ACC_00179,132.96,grocery,1,2,0
TXN_E0F93CF3195B49D5,2026-07-05 22:00:11.016910+00:00,ACC_00300,23.98,travel,0,0,0
TXN_E858A9DCD149498F,2026-07-05 22:29:57.016910+00:00,ACC_00542,40.81,travel,0,0,0
TXN_A0DE948CBD2643E7,2026-07-05 22:55:57.016910+00:00,ACC_00175,46.83,grocery,0,0,0
TXN_17F99301288A4319,2026-07-05 22:59:32.016910+00:00,ACC_00146,86.2,fuel,0,0,0
TXN_B8AE01CB682A4ADA,2026-07-05 23:57:31.016910+00:00,ACC_00086,370.93,jewelry,0,0,0
TXN_7151884EB3554B9D,2026-07-06 00:18:53.016910+00:00,ACC_00082,36.37,restaurant,0,0,0
TXN_2D50844D0D1C49AC,2026-07-06 00:33:12.016910+00:00,ACC_00082,169.81,fuel,0,1,0
TXN_C206AE7D94F04372,2026-07-06 01:09:20.016910+00:00,ACC_00082,158.3,jewelry,0,2,0
TXN_B8F2DB4AD4EC49A0,2026-07-06 03:54:54.016910+00:00,ACC_00082,19.24,grocery,0,0,0
TXN_5154862D46D74A03,2026-07-06 04:18:10.016910+00:00,ACC_00082,26.63,online_services,0,1,0
TXN_A344607DB53E47DA,2026-07-06 05:02:50.016910+00:00,ACC_00082,54.58,online_services,0,1,0
TXN_15A695DF44174872,2026-07-06 07:48:49.016910+00:00,ACC_00082,38.76,online_services,0,0,0
TXN_1E583885B9284D0C,2026-07-06 08:32:46.016910+00:00,ACC_00082,130.42,other,0,1,0
TXN_1F63691526E8403A,2026-07-06 08:42:54.016910+00:00,ACC_00854,17.29,pharmacy,0,0,0
TXN_FA47BD70A32846EC,2026-07-06 08:55:12.016910+00:00,ACC_00843,69.25,clothing,0,0,0
TXN_5AFAA1876CB44D5B,2026-07-06 08:58:47.016910+00:00,ACC_00167,78.44,fuel,0,0,0
TXN_CE17DEBB450C4410,2026-07-06 09:36:22.016910+00:00,ACC_00285,132.86,fuel,0,0,0
TXN_3B1CC63EB3EF4E3F,2026-07-06 10:03:30.016910+00:00,ACC_00622,37.53,electronics,0,0,0
TXN_59C201D1F4E84C95,2026-07-06 10:07:57.016910+00:00,ACC_00556,130.91,jewelry,0,0,0
TXN_80053B2330184B79,2026-07-06 10:29:26.016910+00:00,ACC_00819,36.25,online_services,0,0,0
TXN_38F9C3909B334234,2026-07-06 10:42:41.016910+00:00,ACC_00698,11.7,online_services,0,0,0
TXN_38C2061EEB8346C6,2026-07-06 10:50:57.016910+00:00,ACC_00800,72.19,other,0,0,0
TXN_FB21EDD695844C34,2026-07-06 10:56:48.016910+00:00,ACC_00880,177.83,travel,0,0,0
TXN_900AEE327CE94D4B,2026-07-06 10:59:18.016910+00:00,ACC_00314,52.4,gaming,0,0,0
TXN_E226BFD1B11949CA,2026-07-06 11:00:01.016910+00:00,ACC_00314,171.53,jewelry,0,1,0
TXN_154D64564F37499C,2026-07-06 11:01:14.016910+00:00,ACC_00314,134.29,gaming,0,2,0
TXN_00D95021E2754D51,2026-07-06 12:41:14.016910+00:00,ACC_00314,133.81,jewelry,1,0,0
TXN_AD845286FD604DAC,2026-07-06 14:23:07.016910+00:00,ACC_00490,91.08,pharmacy,0,0,0
TXN_2228ED28ED024CCE,2026-07-06 15:18:14.016910+00:00,ACC_00875,29.53,clothing,0,0,0
TXN_7BE38EFAA3834C3E,2026-07-06 16:00:01.016910+00:00,ACC_00878,9.18,restaurant,0,0,0
TXN_1972E098B6F04A0F,2026-07-06 16:00:09.016910+00:00,ACC_00434,202.1,jewelry,0,0,0
TXN_3F5FBE957D674D49,2026-07-06 16:45:22.016910+00:00,ACC_00469,59.71,other,0,0,0
TXN_23FA5D503CAE446E,2026-07-06 16:57:16.016910+00:00,ACC_00084,62.51,gaming,0,0,0
TXN_2CF7387CE9DD49E0,2026-07-06 17:11:24.016910+00:00,ACC_00260,6.04,gaming,0,0,0
TXN_9ECAEE69863B498B,2026-07-06 17:58:25.016910+00:00,ACC_00446,31.13,online_services,0,0,0
TXN_1912EB5D22A349A2,2026-07-06 19:00:53.016910+00:00,ACC_00364,262.62,online_services,0,0,0
TXN_0AE9BE698EE64E3A,2026-07-06 19:17:15.016910+00:00,ACC_00867,30.76,other,0,0,0
TXN_706452B3217B422A,2026-07-06 19:20:25.016910+00:00,ACC_00668,87.45,fuel,0,0,0
TXN_C15D220217CA4B34,2026-07-06 19:36:25.016910+00:00,ACC_00804,731.14,online_services,0,0,0
TXN_25DE2F6FC14B447D,2026-07-06 19:48:00.016910+00:00,ACC_00364,325.12,online_services,0,1,0
TXN_2829A9B9B27A4CDC,2026-07-06 19:53:46.016910+00:00,ACC_00975,20.71,other,0,0,0
TXN_93AAEDD513CA4D7F,2026-07-06 20:10:55.016910+00:00,ACC_00633,68.67,pharmacy,0,0,0
TXN_9A85D80C673745E5,2026-07-06 20:15:35.016910+00:00,ACC_00552,243.85,hotel,0,0,0
TXN_9A5B4BC9912840D3,2026-07-06 20:41:19.016910+00:00,ACC_00503,242.29,travel,0,0,0
TXN_0A7E7700E0DD4724,2026-07-06 20:41:53.016910+00:00,ACC_00751,10.81,pharmacy,0,0,0
TXN_B1BFB5FF603744CD,2026-07-06 20:53:31.016910+00:00,ACC_00771,58.51,clothing,0,0,0
TXN_E8AE0F3A16DE4A94,2026-07-06 21:19:49.016910+00:00,ACC_00189,45.22,grocery,0,0,0
TXN_7B96167A83B14A0C,2026-07-06 21:37:41.016910+00:00,ACC_00189,11.23,grocery,0,1,0
TXN_ED94C96572604B05,2026-07-06 21:59:58.016910+00:00,ACC_00189,32.72,online_services,0,2,0
TXN_92C9AA03482C4AC3,2026-07-06 22:52:33.016910+00:00,ACC_00189,135.58,electronics,0,1,0
TXN_CF4489EFAE594871,2026-07-06 23:48:42.016910+00:00,ACC_00189,196.7,jewelry,0,1,0
TXN_1B841633390146B1,2026-07-07 00:40:49.016910+00:00,ACC_00189,260.43,travel,0,1,0
TXN_D4F81BA90CF94F3F,2026-07-07 01:57:14.016910+00:00,ACC_00661,27.99,fuel,0,0,0
TXN_A4FBB34C51C54BC3,2026-07-07 02:00:25.016910+00:00,ACC_00625,35.36,pharmacy,0,0,0
TXN_78490C9ADD5C41D7,2026-07-07 02:05:01.016910+00:00,ACC_00314,266.82,electronics,0,0,0
TXN_95EAD89E716E43ED,2026-07-07 02:13:27.016910+00:00,ACC_00824,255.58,clothing,0,0,0
TXN_6313A68BC5EE4CBD,2026-07-07 02:43:40.016910+00:00,ACC_00618,8.85,restaurant,0,0,0
TXN_0B879D06572D4A03,2026-07-07 03:02:41.016910+00:00,ACC_00800,401.0,jewelry,0,0,0
TXN_421A535C0BC648D2,2026-07-07 03:22:42.016910+00:00,ACC_00295,17.28,restaurant,0,0,0
TXN_F4EAF0C459144B57,2026-07-07 03:37:22.016910+00:00,ACC_00439,55.37,grocery,0,0,0
TXN_3EF51A7811A44D96,2026-07-07 04:11:31.016910+00:00,ACC_00352,33.27,hotel,0,0,0
TXN_1BFED3B3EA62425D,2026-07-07 05:16:06.016910+00:00,ACC_00438,687.07,jewelry,0,0,0
TXN_229807F1E7954589,2026-07-07 05:23:49.016910+00:00,ACC_00055,18.15,grocery,0,0,0
TXN_6046807E2E0A4395,2026-07-07 05:26:18.016910+00:00,ACC_00871,135.96,other,0,0,0
TXN_6F2D6EABE0254ADD,2026-07-07 05:31:01.016910+00:00,ACC_00492,36.98,electronics,0,0,0
TXN_9B442D76522C41E3,2026-07-07 05:33:29.016910+00:00,ACC_00180,35.04,travel,0,0,0
TXN_A546334D8F4F45F9,2026-07-07 05:47:28.016910+00:00,ACC_00714,15000.0,travel,1,6,0
TXN_7634F68224FC47B7,2026-07-07 05:55:31.016910+00:00,ACC_00308,164.03,travel,0,0,0
TXN_8991C3A9A2744CC3,2026-07-07 06:59:13.016910+00:00,ACC_00160,363.25,gaming,0,0,0
TXN_12F18098E4014267,2026-07-07 08:17:31.016910+00:00,ACC_00605,32.06,restaurant,0,0,0
TXN_BFD2DF57744140B9,2026-07-07 08:26:13.016910+00:00,ACC_00577,20.66,other,0,0,0
TXN_BAAF5C47962B4A02,2026-07-07 08:55:32.016910+00:00,ACC_00395,68.55,pharmacy,0,0,0
TXN_330B3F0A89A34643,2026-07-07 09:08:45.016910+00:00,ACC_00588,512.28,travel,0,0,0
TXN_005C928DF949494F,2026-07-07 09:18:14.016910+00:00,ACC_00494,14.83,pharmacy,0,0,0
TXN_30251F92DD20473E,2026-07-07 09:32:14.016910+00:00,ACC_00543,91.57,fuel,0,0,0
TXN_FD7353013C084CAA,2026-07-07 10:21:42.016910+00:00,ACC_00643,354.97,hotel,0,0,0
TXN_8E80A59E27574067,2026-07-07 10:53:36.016910+00:00,ACC_00749,93.69,online_services,0,0,0
TXN_B1E60F6F00C24BFA,2026-07-07 11:49:26.016910+00:00,ACC_00465,14.71,restaurant,0,0,0
TXN_1E17ED7AFAC74BC2,2026-07-07 12:07:32.016910+00:00,ACC_00338,132.56,electronics,0,0,0
TXN_A3E4925F1F7F4FE2,2026-07-07 13:43:29.016910+00:00,ACC_00883,47.4,pharmacy,0,0,0
TXN_BA4932EC3F364373,2026-07-07 13:56:32.016910+00:00,ACC_00708,116.44,fuel,0,0,0
TXN_991DD3C8C9A5419B,2026-07-07 14:35:24.016910+00:00,ACC_00500,28.05,clothing,0,0,0
TXN_F169159451654FA9,2026-07-07 15:02:19.016910+00:00,ACC_00853,107.41,gaming,0,0,0
TXN_9EFF38E04FFA41E7,2026-07-07 15:13:22.016910+00:00,ACC_00447,190.41,jewelry,0,0,0
TXN_5EAEDEB1AC714BE2,2026-07-07 16:01:05.016910+00:00,ACC_00393,19.46,restaurant,0,0,0
TXN_03A3AC75E440450C,2026-07-07 16:13:20.016910+00:00,ACC_00878,45.56,gaming,0,0,0
TXN_34928456CFFF4851,2026-07-07 16:20:35.016910+00:00,ACC_00322,6.59,other,0,0,0
TXN_249203B2C92B46DD,2026-07-07 17:22:04.016910+00:00,ACC_00077,5.82,grocery,0,0,0
TXN_2655CD29BA4A4BF7,2026-07-07 17:50:34.016910+00:00,ACC_00722,8.18,online_services,0,0,0
TXN_736D470609F747EC,2026-07-07 19:29:51.016910+00:00,ACC_00795,74.22,clothing,0,0,0
TXN_CC411CD29E374FB1,2026-07-07 19:52:18.016910+00:00,ACC_00949,86.06,hotel,0,0,0
TXN_101F289138514606,2026-07-07 19:56:09.016910+00:00,ACC_00406,58.99,hotel,0,0,0
TXN_2C8B3DE7868D43A0,2026-07-07 21:21:38.016910+00:00,ACC_00215,31.41,pharmacy,0,0,0
TXN_6EFC8EFD3EF24BB5,2026-07-07 21:30:26.016910+00:00,ACC_00524,96.3,fuel,0,0,0
TXN_73210A1C6B1843CE,2026-07-07 21:31:24.016910+00:00,ACC_00833,6.63,grocery,0,0,0
TXN_FB9C0E03FBE841A7,2026-07-07 21:34:26.016910+00:00,ACC_00681,125.31,travel,0,0,0
TXN_853A87C8C4A34B2F,2026-07-07 21:45:17.016910+00:00,ACC_00369,14.14,grocery,0,0,0
TXN_09D3658CA9B24520,2026-07-07 22:00:02.016910+00:00,ACC_00967,15000.0,travel,1,5,1
TXN_3950EDEB2F6046E5,2026-07-07 22:37:00.016910+00:00,ACC_00967,38.4,grocery,0,1,0
TXN_24D8EAA85EB645FA,2026-07-07 23:17:53.016910+00:00,ACC_00967,358.42,electronics,0,1,0
TXN_DF69DF1F8B5D48ED,2026-07-07 23:22:00.016910+00:00,ACC_00967,472.99,jewelry,0,2,0
TXN_108DE52CDD7E4D0E,2026-07-08 00:25:10.016910+00:00,ACC_00967,36.65,other,0,0,0
TXN_FE4CF19504A24813,2026-07-08 00:56:24.016910+00:00,ACC_00967,195.4,fuel,0,1,0
TXN_D899CC9CB95045E7,2026-07-08 02:03:54.016910+00:00,ACC_00967,6.68,other,0,0,0
TXN_A2A279385C0D449D,2026-07-08 02:27:51.016910+00:00,ACC_00938,15.82,restaurant,0,0,0
TXN_BD893B7447504A67,2026-07-08 02:34:28.016910+00:00,ACC_00740,64.84,online_services,0,0,0
TXN_7B0DEEC4D2CB4A1B,2026-07-08 03:08:31.016910+00:00,ACC_00740,49.7,grocery,1,1,0
TXN_DF0E77A89027471F,2026-07-08 03:35:44.016910+00:00,ACC_00740,38.84,restaurant,0,1,0
TXN_EC1DB0759F4942B8,2026-07-08 03:54:14.016910+00:00,ACC_00740,227.81,other,0,2,0
TXN_05FD89D18436437A,2026-07-08 04:42:28.016910+00:00,ACC_00740,33.73,pharmacy,0,1,0
TXN_0B818AA7BEE249A1,2026-07-08 04:42:45.016910+00:00,ACC_00740,324.17,fuel,0,2,0
TXN_B1965804536C4403,2026-07-08 05:04:32.016910+00:00,ACC_00884,53.52,online_services,0,0,0
TXN_D25B1EFE26234363,2026-07-08 05:40:44.016910+00:00,ACC_00868,280.58,jewelry,0,0,0
TXN_817A4F048A0C4BC5,2026-07-08 06:31:26.016910+00:00,ACC_00484,1075.49,travel,0,0,0
TXN_722628EF385E4C7B,2026-07-08 06:53:17.016910+00:00,ACC_00776,411.9,travel,0,0,0
TXN_7512124F6444400D,2026-07-08 07:23:49.016910+00:00,ACC_00776,6.74,restaurant,0,1,0
TXN_80300BA72C57446C,2026-07-08 07:29:35.016910+00:00,ACC_00776,81.79,travel,0,2,0
TXN_5240AD85D3104CFE,2026-07-08 08:00:41.016910+00:00,ACC_00776,47.99,online_services,0,2,0
TXN_E0F7222CBFBF4F4D,2026-07-08 08:02:30.016910+00:00,ACC_00776,111.23,restaurant,0,3,0
TXN_6CBEA51A2D374F70,2026-07-08 08:49:24.016910+00:00,ACC_00776,124.08,restaurant,0,2,0
TXN_127A58BFE4874BB8,2026-07-08 09:16:03.016910+00:00,ACC_00776,106.33,hotel,0,1,0
TXN_32FA4186BA4D43FA,2026-07-08 09:30:47.016910+00:00,ACC_00776,25.42,online_services,0,2,0
TXN_059370355AFD4F8D,2026-07-08 09:35:12.016910+00:00,ACC_00909,46.55,other,0,0,0
TXN_40DB7139FB5C42C1,2026-07-08 09:35:18.016910+00:00,ACC_00909,155.2,travel,0,1,0
TXN_4CFC0245F9434E4A,2026-07-08 10:01:55.016910+00:00,ACC_00909,87.36,electronics,0,2,0
TXN_5C8D0D8E02464D89,2026-07-08 10:20:27.016910+00:00,ACC_00909,736.96,jewelry,0,3,0
TXN_1B19BD4EDBF542FC,2026-07-08 10:44:17.016910+00:00,ACC_00909,19.97,restaurant,0,2,0
TXN_46FD72A978A74C99,2026-07-08 11:06:30.016910+00:00,ACC_00909,99.98,jewelry,0,2,0
TXN_6C98D7E3CF9D41D9,2026-07-08 11:23:29.016910+00:00,ACC_00421,36.51,gaming,0,0,0
TXN_E21E56B76EE74EC5,2026-07-08 11:32:50.016910+00:00,ACC_00261,44.74,pharmacy,0,0,0
TXN_723B67374F0549F0,2026-07-08 11:33:00.016910+00:00,ACC_00261,131.65,grocery,0,1,0
TXN_DFA8D03651B64379,2026-07-08 11:40:14.016910+00:00,ACC_00261,18.69,online_services,0,2,0
TXN_459CE2D936D24924,2026-07-08 12:08:26.016910+00:00,ACC_00261,187.58,travel,0,3,0
TXN_43829E5AFC4E45E6,2026-07-08 12:36:00.016910+00:00,ACC_00261,46.37,pharmacy,0,2,0
TXN_C26D38F62E794ADF,2026-07-08 12:39:52.016910+00:00,ACC_00261,73.85,online_services,0,3,0
TXN_721DFFBA3195448C,2026-07-08 12:47:18.016910+00:00,ACC_00261,79.83,hotel,0,3,0
TXN_014DA998A89343E3,2026-07-08 13:20:21.016910+00:00,ACC_00261,181.51,hotel,0,3,0
TXN_C03B325256034600,2026-07-08 13:27:49.016910+00:00,ACC_00083,92.13,online_services,0,0,0
TXN_BD5E00724A634032,2026-07-08 13:41:57.016910+00:00,ACC_00550,27.67,grocery,0,0,0
TXN_E7EB3A79061948CF,2026-07-08 14:29:51.016910+00:00,ACC_00184,133.63,hotel,0,0,0
TXN_DE9549A73C514400,2026-07-08 14:58:31.016910+00:00,ACC_00439,38.59,online_services,0,0,0
TXN_245B96FB9D2C442F,2026-07-08 15:27:06.016910+00:00,ACC_00705,55.86,electronics,0,0,0
TXN_841B85DD5ABA49BC,2026-07-08 17:02:36.016910+00:00,ACC_00705,8.49,restaurant,1,0,0
TXN_70CF6E5B1B6C49C2,2026-07-08 18:03:09.016910+00:00,ACC_00705,63.27,electronics,0,0,0
TXN_82418D9C39034EF7,2026-07-08 19:10:37.016910+00:00,ACC_00705,33.66,other,0,0,0
TXN_AE94B8E7B7D9465B,2026-07-08 19:41:47.016910+00:00,ACC_00705,11.73,fuel,0,1,0
TXN_ABC1E0473CEC453D,2026-07-08 19:51:24.016910+00:00,ACC_00804,339.83,jewelry,0,0,0
TXN_97E1EA11E2644F0B,2026-07-08 20:07:28.016910+00:00,ACC_00047,99.05,gaming,0,0,0
TXN_4FF41742096F4793,2026-07-08 20:54:46.016910+00:00,ACC_00644,32.94,fuel,0,0,0
TXN_E1CF56CF2A094DCA,2026-07-08 21:45:11.016910+00:00,ACC_00553,32.25,pharmacy,0,0,0
TXN_B1B3A6DC03A34898,2026-07-08 21:52:19.016910+00:00,ACC_00553,71.31,electronics,0,1,0
TXN_E631238FF8834205,2026-07-08 22:10:33.016910+00:00,ACC_00553,35.69,grocery,0,2,0
TXN_4FD4AAE4C29645CA,2026-07-08 23:03:57.016910+00:00,ACC_00553,73.14,online_services,0,1,0
TXN_341F97D5321A44D7,2026-07-08 23:19:02.016910+00:00,ACC_00553,52.62,fuel,0,1,0
TXN_D5F0807521274FF2,2026-07-08 23:35:55.016910+00:00,ACC_00670,45.63,clothing,0,0,0
TXN_BEA184A03B504D71,2026-07-09 01:03:38.016910+00:00,ACC_00346,26.91,gaming,0,0,0
TXN_AA61829C9F0B4806,2026-07-09 01:56:00.016910+00:00,ACC_00388,79.4,fuel,0,0,0
TXN_515FF67468A44D25,2026-07-09 02:23:46.016910+00:00,ACC_00897,73.5,hotel,0,0,0
TXN_F8FE1E0DAAC74EE5,2026-07-09 02:32:10.016910+00:00,ACC_00198,12.5,grocery,0,0,0
TXN_3918BDA8DD2E4379,2026-07-09 02:36:26.016910+00:00,ACC_00385,56.8,clothing,0,0,0
TXN_DF3E91678076404B,2026-07-09 04:06:45.016910+00:00,ACC_00183,29.06,travel,0,0,0
TXN_8E43211D263940B7,2026-07-09 05:05:02.016910+00:00,ACC_00936,180.65,travel,0,0,0
TXN_AE0D945EEF0D4941,2026-07-09 05:27:14.016910+00:00,ACC_00936,61.99,online_services,0,1,0
TXN_4CAEBDBAEE084123,2026-07-09 05:29:45.016910+00:00,ACC_00936,125.38,jewelry,0,2,0
TXN_F2075D78C8844D58,2026-07-09 05:36:54.016910+00:00,ACC_00936,31.85,clothing,0,3,0
TXN_6AB5F4C435AA4398,2026-07-09 05:47:07.016910+00:00,ACC_00936,91.55,grocery,0,4,0
TXN_933BDA8B739147C9,2026-07-09 06:00:33.016910+00:00,ACC_00936,761.25,hotel,0,5,0
TXN_831B219BAA0145DD,2026-07-09 06:22:11.016910+00:00,ACC_00936,50.9,clothing,0,5,0
TXN_71A6C331B3774EAD,2026-07-09 06:30:10.016910+00:00,ACC_00936,7.62,clothing,0,4,0
TXN_DE193D809F204710,2026-07-09 07:25:28.016910+00:00,ACC_00064,63.8,hotel,0,0,0
TXN_D5CE923C18384263,2026-07-09 07:30:33.016910+00:00,ACC_00547,15000.0,travel,1,6,0
TXN_D5DFF4A53F034D28,2026-07-09 07:45:50.016910+00:00,ACC_00639,122.26,travel,0,0,0
TXN_DE15639CC1D4492C,2026-07-09 07:53:21.016910+00:00,ACC_00651,146.48,hotel,0,0,0
TXN_19CA0D7C341548BD,2026-07-09 08:09:05.016910+00:00,ACC_00482,37.98,pharmacy,1,0,0
TXN_68F34D3052B34857,2026-07-09 08:09:14.016910+00:00,ACC_00482,129.61,hotel,0,1,0
TXN_A85F11CFEE3A475B,2026-07-09 08:36:29.016910+00:00,ACC_00482,6.28,grocery,0,2,0
TXN_6F35454E13AE494D,2026-07-09 08:39:22.016910+00:00,ACC_00482,17.65,restaurant,0,3,0
TXN_ECEACCEDE5394D30,2026-07-09 09:13:44.016910+00:00,ACC_00482,25.95,online_services,0,2,0
TXN_3008215C93A4493F,2026-07-09 10:11:28.016910+00:00,ACC_00482,128.19,jewelry,0,1,0
TXN_B9240BF58E2849E2,2026-07-09 10:40:37.016910+00:00,ACC_00482,246.07,travel,0,1,0
TXN_5FAF4B776872406B,2026-07-09 11:04:57.016910+00:00,ACC_00334,15.37,online_services,0,0,0
TXN_4C3B4F46487C43FE,2026-07-09 11:09:00.016910+00:00,ACC_00380,36.01,jewelry,0,0,0
TXN_5775782747F54432,2026-07-09 11:24:18.016910+00:00,ACC_00058,62.88,electronics,0,0,0
TXN_C1B26501F9A346CC,2026-07-09 11:31:26.016910+00:00,ACC_00058,104.99,jewelry,0,1,0
TXN_03C0BE29F5594646,2026-07-09 11:43:58.016910+00:00,ACC_00058,113.84,hotel,0,2,0
TXN_F1BE12ADB6884A9B,2026-07-09 12:02:23.016910+00:00,ACC_00058,20.87,gaming,0,3,0
TXN_70ACA134BAD2473C,2026-07-09 12:10:43.016910+00:00,ACC_00058,106.86,travel,1,4,0
TXN_434CDC0AAF9C4F07,2026-07-09 12:12:11.016910+00:00,ACC_00058,93.87,travel,1,5,0
TXN_CF84DE49B48F4D60,2026-07-09 12:23:13.016910+00:00,ACC_00004,106.67,pharmacy,0,0,0
TXN_C78CD9274E3E4E00,2026-07-09 12:54:23.016910+00:00,ACC_00383,21.33,gaming,0,0,0
TXN_A410FED6FBBD4A3D,2026-07-09 12:56:02.016910+00:00,ACC_00383,185.43,electronics,0,1,0
TXN_BD975CA1111E472C,2026-07-09 13:40:03.016910+00:00,ACC_00383,35.28,fuel,0,2,0
TXN_DDF7E04494684BB5,2026-07-09 14:36:54.016910+00:00,ACC_00383,107.03,online_services,0,1,0
TXN_E80766B8BB9C4A94,2026-07-09 14:43:30.016910+00:00,ACC_00383,170.39,grocery,0,1,0
TXN_3DD696551F244DD4,2026-07-09 14:53:23.016910+00:00,ACC_00383,44.72,clothing,0,2,0
TXN_A1D6D249B444465A,2026-07-09 15:26:32.016910+00:00,ACC_00383,8.33,fuel,0,3,0
TXN_2F6AB7FCA9F144D7,2026-07-09 16:05:36.016910+00:00,ACC_00153,9.66,restaurant,0,0,0
TXN_45009E6537D14B6C,2026-07-09 16:07:40.016910+00:00,ACC_00631,63.38,jewelry,0,0,0
TXN_9326AF70020644AD,2026-07-09 16:16:34.016910+00:00,ACC_00631,24.82,fuel,0,1,0
TXN_C095F1FDD98A4240,2026-07-09 17:44:55.016910+00:00,ACC_00631,77.15,travel,0,0,0
TXN_E794B9C034E34027,2026-07-09 18:26:45.016910+00:00,ACC_00631,59.61,clothing,0,1,0
TXN_21FBB61653CD43FA,2026-07-09 18:35:05.016910+00:00,ACC_00631,246.7,hotel,0,2,0
TXN_EC576CDF41A546C1,2026-07-09 18:39:03.016910+00:00,ACC_00631,21.96,hotel,0,3,0
TXN_4175091CC2324481,2026-07-09 19:19:12.016910+00:00,ACC_00033,43.17,gaming,0,0,0
TXN_F857E560423F4FBE,2026-07-09 19:35:32.016910+00:00,ACC_00719,16.38,pharmacy,0,0,0
TXN_AC76D39F2EAF42C6,2026-07-09 19:40:33.016910+00:00,ACC_00564,39.0,fuel,0,0,0
TXN_594E4EB0B1C84808,2026-07-09 19:47:39.016910+00:00,ACC_00048,24.91,grocery,0,0,0
TXN_28537454E8F74076,2026-07-09 19:51:36.016910+00:00,ACC_00833,413.55,jewelry,0,0,0
TXN_2D5F96B09E5F45B0,2026-07-09 19:58:11.016910+00:00,ACC_00584,40.89,electronics,0,0,0
TXN_BF72B4F0BF00464E,2026-07-09 20:59:46.016910+00:00,ACC_00158,2151.87,travel,0,0,0
TXN_171DBB1C9A4F4203,2026-07-09 21:18:03.016910+00:00,ACC_00939,32.63,fuel,0,0,0
TXN_DA2BDA95D8754CA6,2026-07-09 21:41:24.016910+00:00,ACC_00512,27.24,fuel,0,0,0
TXN_FE24923FE0B34ED9,2026-07-09 22:34:59.016910+00:00,ACC_00752,32.45,fuel,0,0,0
TXN_3F4A895BDE314F67,2026-07-09 23:12:16.016910+00:00,ACC_00366,10.45,online_services,0,0,0
TXN_FBA5DC0E903E444C,2026-07-09 23:12:20.016910+00:00,ACC_00539,408.12,electronics,0,0,0
TXN_5E382ED0A65D4AB4,2026-07-09 23:35:02.016910+00:00,ACC_00472,26.62,gaming,0,0,0
TXN_3366B84A0F7B4C03,2026-07-09 23:38:01.016910+00:00,ACC_00472,12.96,pharmacy,0,1,0
TXN_2190F38303D4474D,2026-07-09 23:43:07.016910+00:00,ACC_00472,14.34,fuel,1,2,0
TXN_C561938D28C0483C,2026-07-09 23:51:47.016910+00:00,ACC_00472,28.56,pharmacy,0,3,0
TXN_C9836F564BEB4CA3,2026-07-10 00:11:43.016910+00:00,ACC_00472,43.51,online_services,0,4,0
TXN_1C9D8A9593514A8A,2026-07-10 00:26:01.016910+00:00,ACC_00472,192.11,pharmacy,0,5,0
TXN_28A50562C72244AA,2026-07-10 00:59:06.016910+00:00,ACC_00472,115.87,gaming,1,2,0
TXN_66C1D4A886E24446,2026-07-10 01:01:54.016910+00:00,ACC_00472,152.88,jewelry,0,3,0
TXN_81C1D602A2494ACA,2026-07-10 01:15:06.016910+00:00,ACC_00164,180.52,grocery,0,0,0
TXN_2505A5D9C1714E2C,2026-07-10 01:31:15.016910+00:00,ACC_00558,143.21,fuel,0,0,0
TXN_10267A33B36D4232,2026-07-10 01:47:10.016910+00:00,ACC_00795,17.41,gaming,0,0,0
TXN_C8919BB5DB6C4E68,2026-07-10 01:58:37.016910+00:00,ACC_00795,333.77,gaming,0,1,0
TXN_E966C0314F4040D1,2026-07-10 03:32:27.016910+00:00,ACC_00795,23.66,grocery,0,0,0
TXN_909F8B64D5134F33,2026-07-10 03:35:44.016910+00:00,ACC_00795,54.44,clothing,0,1,0
TXN_B12E881A6D754CCA,2026-07-10 03:37:33.016910+00:00,ACC_00795,343.86,hotel,0,2,0
TXN_30D188773816471D,2026-07-10 03:38:27.016910+00:00,ACC_00795,8.82,online_services,0,3,0
TXN_78D21B8308254F5F,2026-07-10 03:59:13.016910+00:00,ACC_00795,115.99,travel,0,4,0
TXN_61FFA783FAC646D8,2026-07-10 05:27:00.016910+00:00,ACC_00427,139.35,hotel,0,0,0
TXN_299AE7174F234103,2026-07-10 05:40:02.016910+00:00,ACC_00754,97.47,fuel,0,0,0
TXN_6775DB4B1969465D,2026-07-10 05:51:33.016910+00:00,ACC_00517,36.41,fuel,0,0,0
TXN_841448D83C174536,2026-07-10 06:07:00.016910+00:00,ACC_00058,6.68,pharmacy,0,0,0
TXN_CD050B0C81254D82,2026-07-10 07:01:52.016910+00:00,ACC_00311,222.11,grocery,0,0,0
TXN_1466F045EC1C4BDE,2026-07-10 07:47:23.016910+00:00,ACC_00720,14765.9,travel,0,0,0
TXN_B7C09F0D955B4A40,2026-07-10 08:30:35.016910+00:00,ACC_00110,72.29,other,0,0,0
TXN_262AA5D0175341DA,2026-07-10 08:32:32.016910+00:00,ACC_00295,7.1,restaurant,0,0,0
TXN_DF37E22311974A79,2026-07-10 08:32:53.016910+00:00,ACC_00974,175.28,clothing,0,0,0
TXN_742E7830BBFA49D1,2026-07-10 08:38:43.016910+00:00,ACC_00291,17.11,restaurant,0,0,0
TXN_C3F67650BC664315,2026-07-10 08:39:25.016910+00:00,ACC_00141,21.9,gaming,0,0,0
TXN_B8C42E09A3FF47CD,2026-07-10 08:55:39.016910+00:00,ACC_00202,120.88,online_services,0,0,0
TXN_C1AD2BEFB9F14896,2026-07-10 08:58:08.016910+00:00,ACC_00827,12.42,online_services,0,0,0
TXN_AB0FA7B1A09C4937,2026-07-10 09:17:32.016910+00:00,ACC_00827,51.31,grocery,0,1,0
TXN_01CDC1F9D6E845A2,2026-07-10 09:22:05.016910+00:00,ACC_00827,18.68,fuel,1,2,0
TXN_8B2430DE832E443F,2026-07-10 10:56:34.016910+00:00,ACC_00827,65.55,online_services,0,0,0
TXN_D56AD430F4DE46C0,2026-07-10 13:05:56.016910+00:00,ACC_00827,83.97,gaming,0,0,0
TXN_A938372A2F0F4501,2026-07-10 13:17:57.016910+00:00,ACC_00827,23.22,fuel,0,1,0
TXN_8A4AC59C81A744B8,2026-07-10 13:40:50.016910+00:00,ACC_00827,109.48,pharmacy,0,2,0
TXN_7DF624CA32E74854,2026-07-10 14:24:32.016910+00:00,ACC_00827,37.69,fuel,0,1,0
TXN_AEBD465FD9424F13,2026-07-10 14:37:18.016910+00:00,ACC_00622,645.84,electronics,0,0,0
TXN_04EAB8C2C99844B2,2026-07-10 14:43:56.016910+00:00,ACC_00622,382.79,travel,0,1,0
TXN_55A7A5A947204656,2026-07-10 14:44:24.016910+00:00,ACC_00622,149.1,travel,0,2,0
TXN_5FB61DDF00A54850,2026-07-10 14:50:08.016910+00:00,ACC_00622,6.42,clothing,0,3,0
TXN_1FBD2D42E84E45DE,2026-07-10 14:51:41.016910+00:00,ACC_00622,53.31,clothing,0,4,0
TXN_4B9ABE51CA80411D,2026-07-10 14:52:23.016910+00:00,ACC_00622,10.07,pharmacy,0,5,0
TXN_D7FB6A3DDF0D478B,2026-07-10 14:55:10.016910+00:00,ACC_00622,301.77,hotel,0,6,0
TXN_541EAD08D0864654,2026-07-10 14:55:19.016910+00:00,ACC_00758,24.39,gaming,0,0,0
TXN_F07875FE0FA44357,2026-07-10 15:23:31.016910+00:00,ACC_00233,131.76,hotel,0,0,0
TXN_28B21DC4A53844B7,2026-07-10 15:44:29.016910+00:00,ACC_00936,255.58,online_services,0,0,0
TXN_BE23589BB52441C1,2026-07-10 15:57:28.016910+00:00,ACC_00791,125.13,fuel,0,0,0
TXN_CB0F42DB598046A2,2026-07-10 16:20:21.016910+00:00,ACC_00664,16.06,grocery,0,0,0
TXN_57779BEF51C14777,2026-07-10 16:32:07.016910+00:00,ACC_00883,37.89,fuel,0,0,0
TXN_216CA39BDA694466,2026-07-10 17:08:56.016910+00:00,ACC_00078,50.72,grocery,0,0,0
TXN_BB39FE1EE1AB45AC,2026-07-10 17:36:07.016910+00:00,ACC_00612,15000.0,travel,1,5,0
TXN_FABF644F4A3D4031,2026-07-10 18:27:16.016910+00:00,ACC_00612,689.17,jewelry,0,1,0
TXN_DC2DC9CD95134BE9,2026-07-10 18:38:30.016910+00:00,ACC_00612,91.88,other,0,1,0
TXN_D0414431B5944639,2026-07-10 18:57:38.016910+00:00,ACC_00612,50.13,pharmacy,0,2,0
TXN_7489BD6FFD0E4C7C,2026-07-10 18:58:32.016910+00:00,ACC_00612,15000.0,travel,1,8,1
TXN_B9E7C271D95F4BCD,2026-07-10 19:25:46.016910+00:00,ACC_00612,63.4,clothing,0,4,0
TXN_2A2540B5C3A442F9,2026-07-10 20:29:41.016910+00:00,ACC_00612,21.32,restaurant,0,0,0
TXN_1B451D9EC90C4C27,2026-07-10 20:34:28.016910+00:00,ACC_00923,57.64,restaurant,0,0,0
TXN_535844C02F264F29,2026-07-10 20:43:52.016910+00:00,ACC_00696,43.96,restaurant,0,0,0
TXN_98937D2FF9DA4BD9,2026-07-10 20:59:21.016910+00:00,ACC_00686,101.62,grocery,0,0,0
TXN_7B7C6BCC82744666,2026-07-10 21:00:27.016910+00:00,ACC_00417,281.82,electronics,0,0,0
TXN_C2731C16B9504570,2026-07-10 21:09:57.016910+00:00,ACC_00264,271.86,gaming,0,0,0
TXN_6EA939F951244A4A,2026-07-10 21:14:57.016910+00:00,ACC_00144,18.21,pharmacy,0,0,0
TXN_F0435436D0204652,2026-07-10 21:17:20.016910+00:00,ACC_00997,5.97,online_services,0,0,0
TXN_CEAC63FF403B4BE7,2026-07-10 21:31:24.016910+00:00,ACC_00084,19.87,grocery,0,0,0
TXN_BC5B85D9B567481F,2026-07-10 21:38:33.016910+00:00,ACC_00361,279.72,jewelry,0,0,0
TXN_0145F4A78CAC449D,2026-07-10 21:50:29.016910+00:00,ACC_00655,34.16,online_services,0,0,0
TXN_B1BEC467E0964745,2026-07-10 23:39:56.016910+00:00,ACC_00061,20.57,restaurant,0,0,0
TXN_32615B5964C94B6E,2026-07-11 00:20:23.016910+00:00,ACC_00809,26.94,other,0,0,0
TXN_11BF389FC3C34ADB,2026-07-11 00:30:57.016910+00:00,ACC_00051,39.88,restaurant,0,0,0
TXN_20578FC8139A4475,2026-07-11 01:14:49.016910+00:00,ACC_00021,10.24,clothing,0,0,0
TXN_2ABCDC8777544353,2026-07-11 01:20:50.016910+00:00,ACC_00507,227.91,travel,0,0,0
TXN_7A1AAB9827214492,2026-07-11 01:42:36.016910+00:00,ACC_00795,185.69,electronics,0,0,0
TXN_DF74702D19DF4802,2026-07-11 02:03:27.016910+00:00,ACC_00538,113.45,online_services,0,0,0
TXN_F0EC2F56030F4646,2026-07-11 02:16:02.016910+00:00,ACC_00056,836.98,online_services,0,0,0
TXN_3B70EC38B0DD449D,2026-07-11 02:38:11.016910+00:00,ACC_00783,17.05,travel,0,0,0
TXN_CBC6FEEC7D214862,2026-07-11 02:50:51.016910+00:00,ACC_00809,355.19,jewelry,0,0,0
TXN_129330DBC1314FBF,2026-07-11 02:55:07.016910+00:00,ACC_00815,64.39,pharmacy,0,0,0
TXN_64489883AD354CB3,2026-07-11 03:00:29.016910+00:00,ACC_00815,19.91,grocery,0,1,0
TXN_CFB2B5415B704837,2026-07-11 03:08:01.016910+00:00,ACC_00815,90.95,electronics,0,2,0
TXN_24E7C349B8204BAB,2026-07-11 03:18:18.016910+00:00,ACC_00815,17.32,restaurant,0,3,0
TXN_FCF3464544BF4B73,2026-07-11 03:26:32.016910+00:00,ACC_00815,378.17,jewelry,0,4,0
TXN_389D79F4ACCC4CF3,2026-07-11 03:28:52.016910+00:00,ACC_00815,127.11,gaming,0,5,0
TXN_59F1A0F8902E4159,2026-07-11 04:39:28.016910+00:00,ACC_00815,37.37,electronics,0,0,0
TXN_0C9BB743EF314C99,2026-07-11 04:41:39.016910+00:00,ACC_00659,12783.13,travel,0,0,1
TXN_250B61280A944C3E,2026-07-11 05:24:15.016910+00:00,ACC_00360,394.21,hotel,0,0,0
TXN_3C18453B8A524FE0,2026-07-11 05:55:56.016910+00:00,ACC_00229,75.73,travel,0,0,0
TXN_299F47B08DC341EE,2026-07-11 06:05:39.016910+00:00,ACC_00028,4.01,grocery,0,0,0
TXN_74ACD0C9221F46E8,2026-07-11 06:13:51.016910+00:00,ACC_00752,48.7,hotel,0,0,0
TXN_6CFDE99A37354388,2026-07-11 06:45:25.016910+00:00,ACC_00461,13.24,pharmacy,0,0,0
TXN_BD1FC3EF5BA34D4B,2026-07-11 07:10:32.016910+00:00,ACC_00761,25.48,other,0,0,0
TXN_F0EE75CCA27242F9,2026-07-11 07:42:03.016910+00:00,ACC_00076,156.43,restaurant,0,0,0
TXN_FCDD6D8385EE4466,2026-07-11 08:11:06.016910+00:00,ACC_00996,204.17,restaurant,0,0,0
TXN_D2FB416D97B84217,2026-07-11 08:30:03.016910+00:00,ACC_00567,204.21,clothing,0,0,0
TXN_7B686BE71CF34A16,2026-07-11 08:48:59.016910+00:00,ACC_00500,33.52,online_services,0,0,0
TXN_CD24EE0B897B4924,2026-07-11 09:03:26.016910+00:00,ACC_00500,165.92,grocery,0,1,0
TXN_5FA812D38988412A,2026-07-11 09:43:58.016910+00:00,ACC_00500,6.81,clothing,0,2,0
TXN_1F247DD2EF974140,2026-07-11 10:02:09.016910+00:00,ACC_00500,21.02,other,0,2,0
TXN_F344457415F94F08,2026-07-11 10:18:57.016910+00:00,ACC_00134,94.53,online_services,0,0,0
TXN_EC91B3C025D84399,2026-07-11 10:37:03.016910+00:00,ACC_00538,22.86,grocery,0,0,0
TXN_3AFB7EE64C8B40FA,2026-07-11 11:12:37.016910+00:00,ACC_00538,11.28,pharmacy,0,1,0
TXN_685DC4C0EB2C4F45,2026-07-11 11:38:30.016910+00:00,ACC_00538,62.68,online_services,0,1,0
TXN_55DA066DF68C430F,2026-07-11 11:52:17.016910+00:00,ACC_00538,72.22,clothing,0,2,0
TXN_021E28F510B744D8,2026-07-11 12:06:41.016910+00:00,ACC_00538,79.4,clothing,0,3,0
TXN_66C4A4C46EB74980,2026-07-11 12:25:48.016910+00:00,ACC_00538,246.51,travel,0,3,0
TXN_A214C51DE6974A9C,2026-07-11 12:56:51.016910+00:00,ACC_00538,59.69,gaming,0,2,0
TXN_A06D6A8D6BFF4947,2026-07-11 13:08:06.016910+00:00,ACC_00372,49.55,other,0,0,0
TXN_1E02326C634C4EEE,2026-07-11 13:38:40.016910+00:00,ACC_00828,46.81,gaming,0,0,0
TXN_A47F582106B341F8,2026-07-11 13:40:51.016910+00:00,ACC_00108,119.89,other,0,0,0
TXN_9C9BF19F2BAD49A3,2026-07-11 14:56:38.016910+00:00,ACC_00458,287.8,jewelry,0,0,0
TXN_2715E73F19844928,2026-07-11 15:03:53.016910+00:00,ACC_00370,35.93,other,0,0,0
TXN_6B25EACD75314F0F,2026-07-11 15:11:59.016910+00:00,ACC_00664,25.23,clothing,0,0,0
TXN_D1567402356845E8,2026-07-11 15:30:30.016910+00:00,ACC_00837,40.63,fuel,0,0,0
TXN_2012D2243A5E4DDD,2026-07-11 15:40:43.016910+00:00,ACC_00098,137.27,fuel,0,0,0
TXN_3C809D37394A42E7,2026-07-11 15:47:09.016910+00:00,ACC_00021,70.1,grocery,0,0,0
TXN_61D46915252940B3,2026-07-11 16:05:39.016910+00:00,ACC_00626,415.99,hotel,0,0,0
TXN_A2F275FDBC3C44D1,2026-07-11 18:12:08.016910+00:00,ACC_00774,33.01,online_services,1,0,0
TXN_D689D757695C4890,2026-07-11 18:12:36.016910+00:00,ACC_00965,267.73,jewelry,0,0,0
TXN_648677AE5B474CCC,2026-07-11 19:57:49.016910+00:00,ACC_00432,61.61,gaming,0,0,0
TXN_4764C32220B747D6,2026-07-11 20:12:36.016910+00:00,ACC_00508,87.99,fuel,0,0,0
TXN_85AB4E67EFF94887,2026-07-11 20:31:25.016910+00:00,ACC_00479,24.79,pharmacy,0,0,0
TXN_93DE95CFE7964ED1,2026-07-11 20:57:28.016910+00:00,ACC_00294,69.91,fuel,0,0,0
TXN_28BD17A6C3734A2B,2026-07-11 22:31:33.016910+00:00,ACC_00693,368.05,hotel,0,0,0
TXN_21BE0131019345CC,2026-07-11 22:48:49.016910+00:00,ACC_00168,46.88,clothing,0,0,0
TXN_537762B92A2F4768,2026-07-11 22:51:13.016910+00:00,ACC_00456,20.09,gaming,0,0,0
TXN_8823706DF7094538,2026-07-11 23:02:10.016910+00:00,ACC_00307,152.79,gaming,0,0,0
TXN_B3D3268E5C98416D,2026-07-11 23:05:21.016910+00:00,ACC_00724,65.63,pharmacy,0,0,0
TXN_F570CF9428104D3D,2026-07-11 23:52:27.016910+00:00,ACC_00996,9.28,pharmacy,0,0,0
TXN_F3B0D51BC69548C3,2026-07-12 00:15:17.016910+00:00,ACC_00567,42.59,gaming,0,0,0
TXN_5513CB0CE74847A1,2026-07-12 01:19:10.016910+00:00,ACC_00505,201.66,pharmacy,0,0,0
TXN_18DAD840948C4681,2026-07-12 02:10:12.016910+00:00,ACC_00235,64.45,fuel,1,0,0
TXN_0AD0EE4C909D4985,2026-07-12 02:24:16.016910+00:00,ACC_00691,115.9,electronics,0,0,0
TXN_9E96E02E9F494C4E,2026-07-12 03:12:54.016910+00:00,ACC_00691,15.76,grocery,0,1,0
TXN_28B83A5F4FC149FB,2026-07-12 04:38:37.016910+00:00,ACC_00691,17.97,online_services,1,0,0
TXN_86BA66A498A04F97,2026-07-12 05:02:42.016910+00:00,ACC_00691,294.6,travel,0,1,0
TXN_401D7DE1076B4D15,2026-07-12 05:10:23.016910+00:00,ACC_00691,12.1,restaurant,0,2,0
TXN_D2BE698CF0574C99,2026-07-12 05:44:01.016910+00:00,ACC_00691,46.53,pharmacy,1,2,0
TXN_1DD2EB99B25C4CE2,2026-07-12 05:59:52.016910+00:00,ACC_00691,36.36,grocery,0,3,0
TXN_FAA7E9C42970499A,2026-07-12 06:57:47.016910+00:00,ACC_00691,594.86,restaurant,0,1,0
TXN_70F87BC150B54668,2026-07-12 07:14:28.016910+00:00,ACC_00388,38.37,online_services,0,0,0
TXN_3D0CE611C2904188,2026-07-12 07:24:40.016910+00:00,ACC_00858,175.89,hotel,0,0,0
TXN_CEBD0FF7408E4FB7,2026-07-12 08:09:42.016910+00:00,ACC_00603,112.71,online_services,0,0,0
TXN_71F2B6ECAF9743F3,2026-07-12 08:19:05.016910+00:00,ACC_00003,97.39,hotel,0,0,0
TXN_3CBF2205E29843BD,2026-07-12 08:37:58.016910+00:00,ACC_00156,89.87,grocery,0,0,0
TXN_AB0E62D641AC4CE7,2026-07-12 08:48:11.016910+00:00,ACC_00780,109.17,restaurant,0,0,0
TXN_499D37381BF34709,2026-07-12 08:49:11.016910+00:00,ACC_00429,53.85,fuel,0,0,0
TXN_234C32B798934D2E,2026-07-12 08:51:27.016910+00:00,ACC_00919,80.36,grocery,0,0,0
TXN_EF8037FD7E684C18,2026-07-12 09:06:05.016910+00:00,ACC_00169,13.2,grocery,0,0,0
TXN_7F295CF2A3D6411D,2026-07-12 09:27:41.016910+00:00,ACC_00913,99.26,electronics,0,0,0
TXN_D7AB73E4656B45F2,2026-07-12 09:32:52.016910+00:00,ACC_00665,28.12,hotel,0,0,0
TXN_8C5C162BC07F4F4A,2026-07-12 09:38:01.016910+00:00,ACC_00052,17.62,restaurant,0,0,0
TXN_2F8B258138C5478B,2026-07-12 09:54:18.016910+00:00,ACC_00891,100.45,hotel,0,0,0
TXN_5183A1AD7DA1425B,2026-07-12 11:32:41.016910+00:00,ACC_00673,223.37,pharmacy,0,0,0
TXN_09AA5AABFC9B48AD,2026-07-12 11:55:58.016910+00:00,ACC_00691,22.7,gaming,0,0,0
TXN_130FEFF673354257,2026-07-12 12:21:31.016910+00:00,ACC_00582,38.84,fuel,0,0,0
TXN_8C91008B9BBC4B7B,2026-07-12 12:52:41.016910+00:00,ACC_00431,48.52,electronics,0,0,0
TXN_F57E5ADBFAC14DF7,2026-07-12 13:04:23.016910+00:00,ACC_00019,37.16,online_services,0,0,0
TXN_191DDE98EE984E82,2026-07-12 13:06:38.016910+00:00,ACC_00870,357.49,jewelry,0,0,0
TXN_85E1EDF276504098,2026-07-12 13:09:59.016910+00:00,ACC_00467,73.06,fuel,0,0,0
TXN_ED9893ECB94D46FE,2026-07-12 13:39:20.016910+00:00,ACC_00442,32.89,online_services,0,0,0
TXN_376FB462EB0A48CC,2026-07-12 13:51:54.016910+00:00,ACC_00713,22.4,grocery,0,0,0
TXN_8CAEC1E84CE545B0,2026-07-12 14:00:14.016910+00:00,ACC_00264,9.66,hotel,0,0,0
TXN_BA457E99DFD7435C,2026-07-12 14:12:49.016910+00:00,ACC_00200,226.8,clothing,0,0,0
TXN_34CE24F7CC7D4ADA,2026-07-12 14:52:13.016910+00:00,ACC_00090,26.92,fuel,0,0,0
TXN_D31A39091E824132,2026-07-12 15:04:57.016910+00:00,ACC_00090,21.5,travel,0,1,0
TXN_FD29AE3142934337,2026-07-12 16:51:36.016910+00:00,ACC_00090,462.78,travel,0,0,0
TXN_5468258185204A85,2026-07-12 16:54:12.016910+00:00,ACC_00090,6.13,pharmacy,0,1,0
TXN_E00620F21F4C4227,2026-07-12 17:11:51.016910+00:00,ACC_00090,111.25,pharmacy,0,2,0
TXN_600B3FF7D3FE4F31,2026-07-12 17:15:17.016910+00:00,ACC_00090,10.01,grocery,0,3,0
TXN_90D045887DF044D5,2026-07-12 17:21:56.016910+00:00,ACC_00830,10.03,pharmacy,0,0,0
TXN_907C07AA968A4CE8,2026-07-12 17:44:51.016910+00:00,ACC_00242,82.11,jewelry,0,0,0
TXN_C841858EA8234362,2026-07-12 18:16:15.016910+00:00,ACC_00850,71.59,hotel,0,0,0
TXN_88F9B62800184586,2026-07-12 18:24:06.016910+00:00,ACC_00391,131.19,grocery,0,0,0
TXN_807CD5A0A6F04610,2026-07-12 18:29:08.016910+00:00,ACC_00312,52.67,travel,0,0,0
TXN_10ED1BF474084A16,2026-07-12 18:32:15.016910+00:00,ACC_00699,44.56,restaurant,0,0,0
TXN_B0A94A1F2F3D4DD9,2026-07-12 19:10:13.016910+00:00,ACC_00262,57.18,online_services,0,0,0
TXN_075C48D5CCE3454C,2026-07-12 19:31:24.016910+00:00,ACC_00721,30.19,restaurant,0,0,0
TXN_843DD4E212A94AB6,2026-07-12 19:54:31.016910+00:00,ACC_00863,106.42,grocery,0,0,0
TXN_8A8F497C754B457E,2026-07-12 20:12:40.016910+00:00,ACC_00981,39.14,pharmacy,0,0,0
TXN_C950F6D2EFF143CF,2026-07-12 20:28:13.016910+00:00,ACC_00985,175.33,travel,0,0,0
TXN_4C3B3B46D6874AEC,2026-07-12 20:44:01.016910+00:00,ACC_00892,56.88,restaurant,0,0,0
TXN_2D018045C4D748CB,2026-07-12 21:08:40.016910+00:00,ACC_00856,73.78,electronics,0,0,0
TXN_0AD6B9C8488A476C,2026-07-12 21:29:34.016910+00:00,ACC_00052,39.2,grocery,0,0,0
TXN_B2E23CB84A59465D,2026-07-12 22:16:57.016910+00:00,ACC_00568,46.09,pharmacy,0,0,0
TXN_6D0C1B08B86B4332,2026-07-12 22:28:32.016910+00:00,ACC_00729,136.97,other,0,0,0
TXN_558B62F4D843417D,2026-07-12 23:05:06.016910+00:00,ACC_00007,44.62,clothing,0,0,0
TXN_3EDA937DB3744981,2026-07-12 23:40:56.016910+00:00,ACC_00007,38.56,fuel,0,1,0
TXN_B793FF01B7094F17,2026-07-12 23:44:19.016910+00:00,ACC_00007,60.96,fuel,0,2,0
TXN_697A983F84E84A51,2026-07-12 23:46:28.016910+00:00,ACC_00007,126.14,travel,0,3,0
TXN_C98266CD85FF40F8,2026-07-12 23:59:46.016910+00:00,ACC_00983,23.19,gaming,0,0,0
TXN_E1FEA3D9F0B14D06,2026-07-13 00:48:02.016910+00:00,ACC_00983,102.2,clothing,0,1,0
TXN_D3581AB122D34125,2026-07-13 01:05:36.016910+00:00,ACC_00983,45.91,grocery,0,1,0
TXN_0AAAED128CD6485C,2026-07-13 01:43:48.016910+00:00,ACC_00983,27.63,fuel,0,2,0
TXN_BD25B85A5D014C47,2026-07-13 01:44:56.016910+00:00,ACC_00983,40.99,electronics,0,3,0
TXN_C7112F97B02845A4,2026-07-13 01:55:12.016910+00:00,ACC_00983,10.39,other,0,3,0
TXN_492222CC6BE54F78,2026-07-13 02:19:15.016910+00:00,ACC_00314,183.18,electronics,0,0,0
TXN_D3117DE7F64E47E1,2026-07-13 02:44:45.016910+00:00,ACC_00762,56.8,hotel,0,0,0
TXN_D71C792E022C4185,2026-07-13 02:47:34.016910+00:00,ACC_00807,12.24,clothing,1,0,0
TXN_5880408AF818483B,2026-07-13 03:07:04.016910+00:00,ACC_00879,17.89,fuel,0,0,0
TXN_8C77D4031E064046,2026-07-13 03:10:43.016910+00:00,ACC_00380,38.23,restaurant,0,0,0
TXN_10BCF7800970455F,2026-07-13 03:53:32.016910+00:00,ACC_00378,25.34,clothing,0,0,0
TXN_8CCBCD94B3DF4501,2026-07-13 04:11:16.016910+00:00,ACC_00015,70.18,clothing,0,0,0
TXN_DF2B663229DD4042,2026-07-13 04:36:27.016910+00:00,ACC_00919,67.29,hotel,0,0,0
TXN_31279D91882B4597,2026-07-13 04:37:58.016910+00:00,ACC_00286,55.67,other,0,0,0
TXN_82880142CF75446F,2026-07-13 05:13:06.016910+00:00,ACC_00817,48.28,gaming,0,0,0
TXN_989C2F7D676A4C35,2026-07-13 05:29:00.016910+00:00,ACC_00565,96.69,clothing,1,0,0
TXN_E9718730459C4285,2026-07-13 06:19:23.016910+00:00,ACC_00565,110.91,other,0,1,0
TXN_AADD3C8FB82544D9,2026-07-13 06:51:49.016910+00:00,ACC_00565,143.53,travel,0,1,0
TXN_DB42125C8A0A48EA,2026-07-13 07:06:10.016910+00:00,ACC_00565,16.4,grocery,0,2,0
TXN_40A2D7E1C4F04505,2026-07-13 07:31:46.016910+00:00,ACC_00565,119.21,fuel,0,2,0
TXN_54FB054836A74A06,2026-07-13 08:03:50.016910+00:00,ACC_00767,34.86,clothing,0,0,0
TXN_926536C87F8742E3,2026-07-13 08:06:00.016910+00:00,ACC_00439,12.73,electronics,0,0,0
TXN_CB0BD1D339D6440A,2026-07-13 08:23:23.016910+00:00,ACC_00475,51.61,fuel,0,0,0
TXN_97F49B3BEB554316,2026-07-13 09:07:37.016910+00:00,ACC_00137,153.31,electronics,0,0,0
TXN_29162F03359F4935,2026-07-13 09:10:59.016910+00:00,ACC_00681,32.12,online_services,1,0,0
TXN_58695A9A34454AAA,2026-07-13 09:12:59.016910+00:00,ACC_00681,28.73,electronics,0,1,0
TXN_6DF61C3BA16445EA,2026-07-13 09:33:41.016910+00:00,ACC_00681,10.85,clothing,0,2,0
TXN_BFCF625E9C0F4BCB,2026-07-13 10:21:36.016910+00:00,ACC_00681,107.34,travel,0,1,0
TXN_AF6E1E5E68614897,2026-07-13 10:57:10.016910+00:00,ACC_00681,15.08,fuel,0,1,0
TXN_38A5B92233A14D34,2026-07-13 10:57:35.016910+00:00,ACC_00681,95.53,fuel,0,2,0
TXN_9FFE9AAD480E4298,2026-07-13 11:09:34.016910+00:00,ACC_00681,33.13,online_services,0,3,0
TXN_C411524308B74897,2026-07-13 11:27:52.016910+00:00,ACC_00538,33.32,clothing,0,0,0
TXN_35B859C67BB44D10,2026-07-13 11:33:01.016910+00:00,ACC_00538,327.03,other,0,1,0
TXN_D1F363D5B5984717,2026-07-13 11:33:39.016910+00:00,ACC_00538,4.27,pharmacy,0,2,0
TXN_A6DE95E772C24DF7,2026-07-13 11:36:09.016910+00:00,ACC_00538,44.17,gaming,0,3,0
TXN_CBCE8A5D669A4D9E,2026-07-13 11:49:41.016910+00:00,ACC_00538,10.66,other,0,4,0
TXN_955C6F16A4E94634,2026-07-13 12:06:22.016910+00:00,ACC_00538,133.23,fuel,0,5,0
TXN_FFBDEEB1F06F4052,2026-07-13 12:39:29.016910+00:00,ACC_00642,9.37,fuel,0,0,0
TXN_94D46A2026334630,2026-07-13 13:18:39.016910+00:00,ACC_00988,71.73,clothing,0,0,0
TXN_657ACFBA4A0C4DE3,2026-07-13 14:39:41.016910+00:00,ACC_00693,138.38,electronics,0,0,0
TXN_09BEE5E9F1DF42FD,2026-07-13 14:45:46.016910+00:00,ACC_00215,8.39,online_services,0,0,0
TXN_C7A5F120D0004553,2026-07-13 15:03:46.016910+00:00,ACC_00046,56.2,fuel,0,0,0
TXN_CFE2D6559C9241C3,2026-07-13 15:12:59.016910+00:00,ACC_00614,16.76,restaurant,0,0,0
TXN_9294312A298043D0,2026-07-13 15:17:06.016910+00:00,ACC_00205,192.95,electronics,0,0,0
TXN_DC69C15E23684F28,2026-07-13 16:01:57.016910+00:00,ACC_00597,31.59,other,0,0,0
TXN_C8CDD50053EC4CDC,2026-07-13 16:31:19.016910+00:00,ACC_00520,64.48,online_services,0,0,0
TXN_5993B0EA740E43CA,2026-07-13 16:45:59.016910+00:00,ACC_00432,30.14,pharmacy,0,0,0
TXN_5F89F4C7255A4A41,2026-07-13 17:04:53.016910+00:00,ACC_00977,56.25,fuel,0,0,0
TXN_3813C7F46BB54A76,2026-07-13 17:24:17.016910+00:00,ACC_00596,236.75,travel,0,0,0
TXN_AA43F6EDE6FE401B,2026-07-13 17:25:35.016910+00:00,ACC_00542,36.27,gaming,0,0,0
TXN_984B6985CD724551,2026-07-13 17:39:55.016910+00:00,ACC_00966,155.54,jewelry,0,0,0
TXN_A3397FB67D934765,2026-07-13 17:42:58.016910+00:00,ACC_00032,46.1,restaurant,0,0,0
TXN_12B168CC7337466F,2026-07-13 18:03:08.016910+00:00,ACC_00763,30.57,clothing,1,0,0
TXN_DD0D3B2BB8D24E32,2026-07-13 18:24:09.016910+00:00,ACC_00520,184.9,jewelry,0,0,0
TXN_D3288AB022F64B67,2026-07-13 18:34:44.016910+00:00,ACC_00279,187.36,online_services,0,0,0
TXN_2CD7839A62E94BC1,2026-07-13 18:36:14.016910+00:00,ACC_00442,55.77,other,0,0,0
TXN_32086E35413B4C88,2026-07-13 19:08:31.016910+00:00,ACC_00218,99.88,clothing,0,0,0
TXN_4C85300E3D7E4592,2026-07-13 19:13:26.016910+00:00,ACC_00701,20.71,grocery,0,0,0
TXN_290D87B688D14B8D,2026-07-13 19:19:52.016910+00:00,ACC_00716,63.57,gaming,0,0,0
TXN_F57F7B0583E24E7E,2026-07-13 19:27:59.016910+00:00,ACC_00982,189.38,jewelry,0,0,0
TXN_2183CC5AA591428B,2026-07-13 20:04:26.016910+00:00,ACC_00125,27.88,grocery,0,0,0
TXN_23A38E9365284D10,2026-07-13 22:03:09.016910+00:00,ACC_00286,7.89,gaming,0,0,0
TXN_799E0033614E4997,2026-07-13 22:16:46.016910+00:00,ACC_00108,15.24,fuel,0,0,0
TXN_527C337F75134DB5,2026-07-13 22:25:39.016910+00:00,ACC_00008,5.14,electronics,0,0,0
TXN_20256C6D14B84610,2026-07-13 22:38:56.016910+00:00,ACC_00541,22.13,travel,0,0,0
TXN_C0DA2CE611C044B3,2026-07-13 23:06:15.016910+00:00,ACC_00541,706.61,hotel,0,1,0
TXN_B6353DB64B934793,2026-07-13 23:17:09.016910+00:00,ACC_00541,198.64,jewelry,0,2,0
TXN_FA65A6866D7843C2,2026-07-13 23:19:48.016910+00:00,ACC_00541,50.51,clothing,0,3,0
TXN_EBE57761195E4462,2026-07-13 23:28:32.016910+00:00,ACC_00134,265.28,electronics,0,0,0
TXN_53A4DBA061B543AA,2026-07-13 23:42:36.016910+00:00,ACC_00106,65.12,clothing,0,0,0
TXN_B33169F4CC234722,2026-07-13 23:43:15.016910+00:00,ACC_00106,19.79,restaurant,0,1,0
TXN_51335BBF7EE74B22,2026-07-14 00:03:01.016910+00:00,ACC_00106,79.91,hotel,0,2,0
TXN_E989002E4D3C4528,2026-07-14 00:14:44.016910+00:00,ACC_00106,40.68,electronics,0,3,0
TXN_F15131DCEF7649AD,2026-07-14 00:15:58.016910+00:00,ACC_00106,51.67,pharmacy,1,4,0
TXN_CE42EE24228D4350,2026-07-14 00:40:22.016910+00:00,ACC_00106,53.52,pharmacy,0,5,0
TXN_6D30E77668144F34,2026-07-14 01:16:20.016910+00:00,ACC_00612,28.39,restaurant,0,0,0
TXN_589FAB5976324497,2026-07-14 01:41:04.016910+00:00,ACC_00397,33.93,fuel,0,0,0
TXN_09226FA908EE459A,2026-07-14 01:51:59.016910+00:00,ACC_00397,72.01,online_services,0,1,0
TXN_8B8E9B38B13240EA,2026-07-14 01:53:16.016910+00:00,ACC_00397,13.96,grocery,0,2,0
TXN_061BF3C05DD84753,2026-07-14 02:28:08.016910+00:00,ACC_00397,53.34,fuel,0,3,0
TXN_EC96469139AD4831,2026-07-14 02:46:40.016910+00:00,ACC_00397,498.81,hotel,0,3,0
TXN_E063E92B36E64C0E,2026-07-14 03:11:54.016910+00:00,ACC_00115,30.36,other,0,0,0
TXN_C5739E61A2F44B94,2026-07-14 04:11:26.016910+00:00,ACC_00037,35.44,gaming,0,0,0
TXN_98717E3E0BF9425B,2026-07-14 05:50:05.016910+00:00,ACC_00037,362.79,hotel,0,0,0
TXN_958533A6E4CA428A,2026-07-14 05:55:50.016910+00:00,ACC_00103,34.12,pharmacy,0,0,0
TXN_0085C994BF094A5F,2026-07-14 06:15:09.016910+00:00,ACC_00057,96.16,gaming,0,0,0
TXN_8273AC3954BB4A38,2026-07-14 06:24:16.016910+00:00,ACC_00999,40.31,restaurant,0,0,0
TXN_23267ED494894B63,2026-07-14 06:44:18.016910+00:00,ACC_00999,52.44,pharmacy,0,1,0
TXN_DF4CEC85B770481A,2026-07-14 06:50:07.016910+00:00,ACC_00999,20.22,grocery,0,2,0
TXN_E5A0603600B54328,2026-07-14 07:07:43.016910+00:00,ACC_00999,112.43,jewelry,0,3,0
TXN_AB9FDD0365514125,2026-07-14 07:35:16.016910+00:00,ACC_00999,94.08,clothing,0,3,0
TXN_CD857300A70B4B0D,2026-07-14 07:42:37.016910+00:00,ACC_00999,10.79,grocery,1,4,0
TXN_95749CEB34474A64,2026-07-14 09:22:35.016910+00:00,ACC_00402,32.32,fuel,0,0,0
TXN_B1EBC4FD946E4C7E,2026-07-14 09:36:24.016910+00:00,ACC_00441,11.81,pharmacy,0,0,0
TXN_7FF08B1F98AB4309,2026-07-14 09:56:54.016910+00:00,ACC_00851,15000.0,travel,1,7,0
TXN_F4E4553ECAAF4479,2026-07-14 10:40:00.016910+00:00,ACC_00692,110.23,travel,0,0,0
TXN_F9F47943ED5D4075,2026-07-14 11:14:12.016910+00:00,ACC_00061,29.35,pharmacy,1,0,0
TXN_BE4739A06A9346C7,2026-07-14 11:18:27.016910+00:00,ACC_00061,125.57,restaurant,0,1,0
TXN_1728BB8301EB4F9F,2026-07-14 11:45:35.016910+00:00,ACC_00061,505.92,jewelry,1,2,0
TXN_2E707C1497F64EBF,2026-07-14 12:10:12.016910+00:00,ACC_00061,165.37,gaming,0,3,0
TXN_CA941592434847E4,2026-07-14 14:05:58.016910+00:00,ACC_00468,278.32,restaurant,0,0,0
TXN_BAC8073D679F475F,2026-07-14 14:26:18.016910+00:00,ACC_00400,149.91,online_services,0,0,0
TXN_042BF251ACA440AE,2026-07-14 14:43:34.016910+00:00,ACC_00411,21.8,pharmacy,0,0,0
TXN_2496FDDFA38143BC,2026-07-14 15:11:01.016910+00:00,ACC_00411,99.32,jewelry,0,1,0
TXN_2858C40BADB242BE,2026-07-14 16:04:28.016910+00:00,ACC_00411,29.43,gaming,0,1,0
TXN_99CDCB86E8E04E55,2026-07-14 16:10:31.016910+00:00,ACC_00411,91.63,other,0,2,0
TXN_672BBFCD79934086,2026-07-14 17:34:58.016910+00:00,ACC_00411,32.19,online_services,0,0,0
TXN_1D0BE4E22E334F0E,2026-07-14 17:51:13.016910+00:00,ACC_00411,20.91,grocery,0,1,0
TXN_D0DF342F99C34505,2026-07-14 18:17:38.016910+00:00,ACC_00411,189.13,online_services,1,2,1
TXN_C518EB9435B743FB,2026-07-14 18:37:40.016910+00:00,ACC_00690,97.71,travel,0,0,0
TXN_83CE922B42D9464B,2026-07-14 19:54:57.016910+00:00,ACC_00299,84.7,other,0,0,0
TXN_B853BA974B834238,2026-07-14 21:24:44.016910+00:00,ACC_00703,66.03,online_services,0,0,0
TXN_975AFDDB7F5E4F9F,2026-07-14 21:29:42.016910+00:00,ACC_00304,20.11,hotel,0,0,0
TXN_B49A814159C14FF1,2026-07-14 21:46:28.016910+00:00,ACC_00051,176.26,gaming,0,0,0
TXN_D022E23CF4E1417B,2026-07-14 21:49:43.016910+00:00,ACC_00359,17.04,clothing,0,0,0
TXN_C9480A39A2774412,2026-07-14 22:23:39.016910+00:00,ACC_00139,14.19,other,0,0,0
TXN_565E9A467F6248D7,2026-07-14 22:54:05.016910+00:00,ACC_00096,24.67,grocery,0,0,0
TXN_B2E9EA1C9DFE4A2F,2026-07-14 23:32:07.016910+00:00,ACC_00096,17.59,grocery,0,1,0
TXN_67ECD9234FA24D59,2026-07-14 23:39:01.016910+00:00,ACC_00096,109.99,pharmacy,0,2,0
TXN_6F6FD1EACF854375,2026-07-15 00:23:31.016910+00:00,ACC_00096,937.24,fuel,0,2,0
TXN_0C95FF318147454A,2026-07-15 00:43:25.016910+00:00,ACC_00096,22.7,grocery,0,1,0
TXN_6FD90199916146EA,2026-07-15 01:06:02.016910+00:00,ACC_00096,12.38,clothing,0,2,0
TXN_062720DE929C4C3C,2026-07-15 01:37:00.016910+00:00,ACC_00096,39.79,restaurant,0,2,0
TXN_CE118A203C89412E,2026-07-15 01:39:01.016910+00:00,ACC_00096,29.68,grocery,0,3,0
TXN_64B6FCC58C854436,2026-07-15 02:34:51.016910+00:00,ACC_00504,3.53,pharmacy,0,0,0
TXN_E0FB64EC8FDA43D0,2026-07-15 02:49:52.016910+00:00,ACC_00460,181.46,hotel,0,0,0
TXN_D6F2953E92544AE8,2026-07-15 03:48:08.016910+00:00,ACC_00117,57.33,gaming,0,0,0
TXN_60D21C2DB2384EC8,2026-07-15 04:14:08.016910+00:00,ACC_00416,12.92,restaurant,0,0,0
TXN_F51B33B956E147C0,2026-07-15 04:34:45.016910+00:00,ACC_00975,82.24,gaming,0,0,0
TXN_2A6AC17B174A4F4B,2026-07-15 04:34:56.016910+00:00,ACC_00976,12.0,fuel,0,0,0
TXN_59A57511EC64476F,2026-07-15 04:47:32.016910+00:00,ACC_00976,32.61,online_services,0,1,0
TXN_954C1504423748AD,2026-07-15 06:18:25.016910+00:00,ACC_00976,32.19,fuel,0,0,0
TXN_E3C8EE5C51D14635,2026-07-15 06:55:11.016910+00:00,ACC_00976,104.04,hotel,0,1,0
TXN_534D123A95C2423F,2026-07-15 07:57:05.016910+00:00,ACC_00907,14.66,clothing,0,0,0
TXN_9C8DE50574A54B38,2026-07-15 08:20:25.016910+00:00,ACC_00579,138.75,online_services,0,0,0
TXN_D4D674C5FDBC4FD3,2026-07-15 08:24:14.016910+00:00,ACC_00175,12.9,restaurant,0,0,0
TXN_0EEB35CE85504002,2026-07-15 09:25:50.016910+00:00,ACC_00784,28.44,travel,0,0,0
TXN_030B67425FD340B6,2026-07-15 11:03:31.016910+00:00,ACC_00700,51.72,grocery,0,0,0
TXN_440255E383AC4E0F,2026-07-15 11:19:24.016910+00:00,ACC_00743,243.08,fuel,0,0,0
TXN_5A44372A68EA4FB6,2026-07-15 12:07:29.016910+00:00,ACC_00988,8.01,gaming,0,0,0
TXN_DA38E41392514EEC,2026-07-15 12:10:23.016910+00:00,ACC_00191,19.44,clothing,0,0,0
TXN_3F9D11C4434D4384,2026-07-15 12:57:37.016910+00:00,ACC_00871,115.39,clothing,0,0,0
TXN_B4017BF2F5E94685,2026-07-15 13:00:46.016910+00:00,ACC_00016,222.14,jewelry,0,0,0
TXN_0A461741E5FE4006,2026-07-15 13:12:23.016910+00:00,ACC_00540,8.41,restaurant,0,0,0
TXN_7A949DD444DD4020,2026-07-15 13:26:27.016910+00:00,ACC_00412,45.65,other,0,0,0
TXN_059B451A85A94D6B,2026-07-15 13:33:47.016910+00:00,ACC_00126,511.64,hotel,0,0,0
TXN_0D14DC373C5D4062,2026-07-15 14:04:59.016910+00:00,ACC_00470,155.81,online_services,0,0,0
TXN_F0E2030E19BE4DA4,2026-07-15 14:27:37.016910+00:00,ACC_00470,707.01,other,0,1,0
TXN_098E85099D9548F5,2026-07-15 15:01:25.016910+00:00,ACC_00470,53.84,restaurant,0,2,0
TXN_C9848F7092D94386,2026-07-15 15:41:51.016910+00:00,ACC_00470,24.0,fuel,0,1,0
TXN_7343E597757248E1,2026-07-15 16:10:02.016910+00:00,ACC_00470,62.91,restaurant,0,1,0
TXN_01C19C7B3CE9438B,2026-07-15 16:57:15.016910+00:00,ACC_00470,56.5,hotel,0,1,0
TXN_4602DA51FAC14FF0,2026-07-15 17:27:21.016910+00:00,ACC_00937,98.57,electronics,0,0,0
TXN_EDABB808168F4209,2026-07-15 18:08:13.016910+00:00,ACC_00169,25.59,clothing,0,0,0
TXN_795F2AE5569F47F2,2026-07-15 18:24:57.016910+00:00,ACC_00775,53.61,restaurant,0,0,0
TXN_C5520DC27B624A01,2026-07-15 18:56:10.016910+00:00,ACC_00775,68.47,fuel,0,1,0
TXN_B79C0A4DD8534948,2026-07-15 19:08:20.016910+00:00,ACC_00775,76.64,travel,0,2,0
TXN_5539AFD1C4DA4648,2026-07-15 19:09:18.016910+00:00,ACC_00775,126.95,online_services,0,3,0
TXN_CA38727E7848411B,2026-07-15 19:39:30.016910+00:00,ACC_00775,175.83,gaming,0,3,0
TXN_E98BC62C2399408B,2026-07-15 19:46:10.016910+00:00,ACC_00775,138.34,jewelry,0,4,0
TXN_96A1E3DB3DA44A25,2026-07-15 20:09:29.016910+00:00,ACC_00775,162.14,hotel,0,2,0
TXN_E4E77C680B2E4213,2026-07-15 20:10:11.016910+00:00,ACC_00775,188.47,online_services,0,3,0
TXN_42EAF2CC74D94402,2026-07-15 20:30:34.016910+00:00,ACC_00887,74.26,other,0,0,0
TXN_117D9FC89DA9425D,2026-07-15 20:41:27.016910+00:00,ACC_00474,28.59,grocery,0,0,0
TXN_1B79DE9B5EF74A5A,2026-07-15 20:45:08.016910+00:00,ACC_00270,25.58,restaurant,0,0,0
TXN_8D9B024BD48F488C,2026-07-15 21:02:33.016910+00:00,ACC_00123,34.21,other,0,0,0
TXN_64331CB14FC644E4,2026-07-15 21:36:22.016910+00:00,ACC_00759,131.27,online_services,0,0,0
TXN_F66DBDDC163743C6,2026-07-15 21:42:21.016910+00:00,ACC_00210,573.12,jewelry,0,0,0
TXN_95264C65F12F4683,2026-07-15 22:19:45.016910+00:00,ACC_00353,1090.64,travel,0,0,0
TXN_7F71DC2432FD4978,2026-07-15 22:38:27.016910+00:00,ACC_00957,69.11,travel,0,0,0
TXN_AE9D0176AD7F4F4E,2026-07-15 22:39:51.016910+00:00,ACC_00668,129.54,jewelry,0,0,0
TXN_28F95B731E8649A1,2026-07-15 22:43:56.016910+00:00,ACC_00668,12.94,clothing,0,1,0
TXN_10C8258539CE4EB5,2026-07-15 22:52:47.016910+00:00,ACC_00668,55.38,pharmacy,0,2,0
TXN_5779B6E14ECC4A26,2026-07-15 23:57:39.016910+00:00,ACC_00668,17.42,clothing,0,0,0
TXN_6C538A26AF7D4F37,2026-07-16 00:25:24.016910+00:00,ACC_00668,327.16,online_services,0,1,0
TXN_846B8C73A8B24EC6,2026-07-16 00:38:43.016910+00:00,ACC_00668,50.28,hotel,1,2,0
TXN_6530309BE890418A,2026-07-16 00:41:52.016910+00:00,ACC_00668,264.08,pharmacy,0,3,0
TXN_CCD246CB59E94247,2026-07-16 01:47:49.016910+00:00,ACC_00701,2.34,pharmacy,0,0,0
TXN_C2C7B45C9902439C,2026-07-16 01:57:22.016910+00:00,ACC_00733,37.97,jewelry,0,0,0
TXN_AB51B438B62944AD,2026-07-16 02:46:31.016910+00:00,ACC_00269,13.12,grocery,0,0,0
TXN_88E5B631C2A8445F,2026-07-16 03:46:41.016910+00:00,ACC_00783,64.86,clothing,0,0,0
TXN_08FB542FBC404E5B,2026-07-16 04:16:18.016910+00:00,ACC_00529,100.96,electronics,0,0,0
TXN_E93A13CE91F24F9C,2026-07-16 04:18:28.016910+00:00,ACC_00529,24.69,other,0,1,0
TXN_F85B8A301A47497D,2026-07-16 04:23:50.016910+00:00,ACC_00529,12689.57,travel,0,2,0
TXN_24BFF004E2BA44F8,2026-07-16 05:12:32.016910+00:00,ACC_00529,18.75,pharmacy,0,3,0
TXN_CA98479AA07343B2,2026-07-16 05:19:46.016910+00:00,ACC_00529,72.05,gaming,0,2,0
TXN_2EF6D44227C9470E,2026-07-16 05:37:25.016910+00:00,ACC_00529,13.99,fuel,0,2,0
TXN_526295644EB34AC3,2026-07-16 05:50:23.016910+00:00,ACC_00529,62.61,other,0,3,0
TXN_B55242CD8FA14F62,2026-07-16 06:00:39.016910+00:00,ACC_00651,65.17,other,0,0,0
TXN_BCEA7613F44F4C5E,2026-07-16 06:07:55.016910+00:00,ACC_00354,31.18,pharmacy,0,0,0
TXN_B38B63ADED3A4C45,2026-07-16 06:38:15.016910+00:00,ACC_00256,39.91,restaurant,0,0,0
TXN_251DFE56C6C5494A,2026-07-16 07:23:38.016910+00:00,ACC_00256,28.61,pharmacy,0,1,0
TXN_BC7E943CF9E841A9,2026-07-16 07:39:12.016910+00:00,ACC_00256,106.04,other,0,1,0
TXN_02E20AA48F6E4C9E,2026-07-16 07:41:36.016910+00:00,ACC_00256,103.84,electronics,0,2,0
TXN_41B15184074E4C49,2026-07-16 08:01:12.016910+00:00,ACC_00256,137.65,online_services,0,3,0
TXN_B086DC05101B4887,2026-07-16 08:06:04.016910+00:00,ACC_00544,43.61,grocery,1,0,0
TXN_E1A5C98614C34636,2026-07-16 08:16:49.016910+00:00,ACC_00493,321.02,electronics,0,0,0
TXN_27A30428A9434C15,2026-07-16 08:40:28.016910+00:00,ACC_00649,19.07,pharmacy,0,0,0
TXN_C72086E87699414A,2026-07-16 09:24:33.016910+00:00,ACC_00965,15.38,grocery,0,0,0
TXN_AEC93FE5A96D4C1F,2026-07-16 09:50:07.016910+00:00,ACC_00812,84.19,online_services,0,0,0
TXN_366794DB32404B12,2026-07-16 10:34:58.016910+00:00,ACC_00586,42.25,gaming,0,0,0
TXN_C95DE979662A4633,2026-07-16 12:05:30.016910+00:00,ACC_00529,6.54,clothing,0,0,0
TXN_A782CBE19CB643BE,2026-07-16 12:18:53.016910+00:00,ACC_00172,108.65,jewelry,0,0,0
TXN_96E8D93ACF4449CF,2026-07-16 12:43:08.016910+00:00,ACC_00443,43.44,pharmacy,0,0,0
TXN_9B8622990B364A1E,2026-07-16 13:16:09.016910+00:00,ACC_00054,34.08,fuel,1,0,0
TXN_FAAE76404F4240CD,2026-07-16 13:33:24.016910+00:00,ACC_00395,13.07,restaurant,0,0,0
TXN_E6852347A0A549F6,2026-07-16 14:30:41.016910+00:00,ACC_00575,36.68,grocery,0,0,0
TXN_786B80ECD29F4104,2026-07-16 14:39:05.016910+00:00,ACC_00909,42.57,grocery,0,0,0
TXN_1F6CC800E85644F0,2026-07-16 15:59:05.016910+00:00,ACC_00292,28.55,travel,0,0,0
TXN_765EDACD8B2A4E8A,2026-07-16 16:14:53.016910+00:00,ACC_00460,623.15,jewelry,0,0,0
TXN_8A3B4B5EC93346F9,2026-07-16 17:57:13.016910+00:00,ACC_00823,157.6,online_services,0,0,0
TXN_80266D1E0D3A4C24,2026-07-16 18:14:16.016910+00:00,ACC_00998,21.63,gaming,0,0,0
TXN_98A3BC9D0C6A4B48,2026-07-16 18:33:06.016910+00:00,ACC_00723,1332.46,jewelry,0,0,0
TXN_96F6235889D24DB1,2026-07-16 19:08:01.016910+00:00,ACC_00792,24.55,restaurant,0,0,0
TXN_5D81ABB6E3A640AB,2026-07-16 19:16:39.016910+00:00,ACC_00225,20.84,fuel,0,0,0
TXN_53B20C848FC44184,2026-07-16 19:45:37.016910+00:00,ACC_00488,57.99,hotel,0,0,0
TXN_3047F0319E4C42A5,2026-07-16 20:12:12.016910+00:00,ACC_00279,614.18,hotel,0,0,0
TXN_DE5BA357CE7240A6,2026-07-16 20:20:49.016910+00:00,ACC_00538,40.64,electronics,0,0,0
TXN_F7CDB9F3931C49CB,2026-07-16 20:25:58.016910+00:00,ACC_00240,248.24,jewelry,0,0,0
TXN_28802B7D3B1F4A9F,2026-07-16 20:50:01.016910+00:00,ACC_00715,173.8,travel,0,0,0
TXN_9671F7BCEDE44DE3,2026-07-16 21:06:55.016910+00:00,ACC_00195,74.17,fuel,0,0,0
TXN_659DAE10CF6A476F,2026-07-16 21:41:01.016910+00:00,ACC_00005,40.23,fuel,0,0,0
TXN_991295FB3D41441B,2026-07-16 21:48:58.016910+00:00,ACC_00491,562.81,electronics,0,0,0
TXN_CF8E23E882F64D03,2026-07-16 22:09:35.016910+00:00,ACC_00560,244.41,fuel,0,0,0
TXN_821BB1BE93EA409D,2026-07-16 22:10:12.016910+00:00,ACC_00449,191.73,clothing,0,0,0
TXN_2AA31361DE4048EA,2026-07-16 22:22:31.016910+00:00,ACC_00855,12470.29,travel,0,0,0
TXN_240FC809B06040D5,2026-07-16 22:26:06.016910+00:00,ACC_00842,90.96,grocery,0,0,0
TXN_32CD5DCBCBFE4E95,2026-07-16 22:52:04.016910+00:00,ACC_00124,20.14,restaurant,0,0,0
TXN_67B276AEA4174381,2026-07-16 23:43:12.016910+00:00,ACC_00124,113.46,grocery,0,1,0
TXN_C03212EA50174F7A,2026-07-17 00:00:49.016910+00:00,ACC_00124,28.18,clothing,0,1,0
TXN_7394984776A64FB5,2026-07-17 00:45:39.016910+00:00,ACC_00124,46.6,electronics,1,1,0
TXN_7E5B881CCA5A449E,2026-07-17 00:52:03.016910+00:00,ACC_00124,45.49,hotel,0,2,0
TXN_3E502677B40247FE,2026-07-17 01:50:59.016910+00:00,ACC_00124,46.18,restaurant,0,1,0
TXN_EED3D360DDF4409F,2026-07-17 02:09:26.016910+00:00,ACC_00124,485.97,hotel,0,1,0
TXN_BE397111679B424C,2026-07-17 02:13:12.016910+00:00,ACC_00650,133.05,restaurant,0,0,0
TXN_9F2DC6BE082341E2,2026-07-17 02:32:38.016910+00:00,ACC_00686,5.37,grocery,0,0,0
TXN_5BC8278477B94FDC,2026-07-17 02:35:43.016910+00:00,ACC_00346,110.81,online_services,0,0,0
TXN_1BC0BD5088BA425B,2026-07-17 02:40:55.016910+00:00,ACC_00859,15.4,grocery,0,0,0
TXN_91C32F4C1EAA4DE9,2026-07-17 03:06:08.016910+00:00,ACC_00951,272.83,restaurant,0,0,0
TXN_CD39CA7B348B42D1,2026-07-17 03:11:48.016910+00:00,ACC_00069,14.9,clothing,0,0,0
TXN_F1469D10C60A43B4,2026-07-17 03:36:40.016910+00:00,ACC_00824,29.01,travel,0,0,0
TXN_C99F801819AD4DF2,2026-07-17 03:37:04.016910+00:00,ACC_00720,566.14,jewelry,0,0,0
TXN_D954A33D05004491,2026-07-17 03:56:56.016910+00:00,ACC_00918,26.67,fuel,0,0,0
TXN_72253BF65CF945EF,2026-07-17 04:00:48.016910+00:00,ACC_00341,72.25,hotel,0,0,0
TXN_72AC70E774C94403,2026-07-17 04:02:07.016910+00:00,ACC_00196,53.34,electronics,0,0,0
TXN_D88C96901E93447F,2026-07-17 04:26:50.016910+00:00,ACC_00538,18.47,pharmacy,0,0,0
TXN_B9B875FC2C0548A5,2026-07-17 04:28:50.016910+00:00,ACC_00603,148.27,other,0,0,0
TXN_E481B37CB10F4073,2026-07-17 04:47:16.016910+00:00,ACC_00744,11.34,restaurant,0,0,0
TXN_C8DC8A256F374D30,2026-07-17 05:40:37.016910+00:00,ACC_00038,118.42,travel,0,0,0
TXN_6C9BB3684B1B4E62,2026-07-17 06:21:53.016910+00:00,ACC_00961,16.57,online_services,0,0,0
TXN_DF523C795FAE43E5,2026-07-17 07:07:50.016910+00:00,ACC_00400,47.87,gaming,0,0,0
TXN_17DACA46E88E4C79,2026-07-17 07:27:09.016910+00:00,ACC_00887,21.35,pharmacy,0,0,0
TXN_C4D9615356844DD9,2026-07-17 07:47:38.016910+00:00,ACC_00616,211.74,travel,0,0,0
TXN_C22106D8A52F4254,2026-07-17 08:14:11.016910+00:00,ACC_00168,240.7,travel,0,0,0
TXN_0FE0DC0938844433,2026-07-17 08:45:18.016910+00:00,ACC_00168,198.22,online_services,0,1,0
TXN_1BFA19A63C3D495B,2026-07-17 09:25:49.016910+00:00,ACC_00168,400.52,online_services,0,1,0
TXN_0A79D12657A84EAE,2026-07-17 09:26:46.016910+00:00,ACC_00168,116.47,jewelry,0,2,0
TXN_8E869B3C3B934421,2026-07-17 09:32:43.016910+00:00,ACC_00168,64.81,pharmacy,0,3,0
TXN_600BFA2FDAD64DA1,2026-07-17 09:34:18.016910+00:00,ACC_00540,28.02,online_services,0,0,0
TXN_D52455DDCAB04521,2026-07-17 10:04:47.016910+00:00,ACC_00989,233.62,travel,0,0,0
TXN_1A22EC3BF86044A1,2026-07-17 10:09:41.016910+00:00,ACC_00978,71.6,online_services,0,0,0
TXN_D8DED285B4504549,2026-07-17 11:25:17.016910+00:00,ACC_00660,173.46,electronics,0,0,0
TXN_25F1192C79D54239,2026-07-17 12:00:35.016910+00:00,ACC_00393,93.48,online_services,0,0,0
TXN_F2B876FFB0F14E8F,2026-07-17 12:33:30.016910+00:00,ACC_00799,31.78,restaurant,1,0,0
TXN_2A808E6DACCB4DC5,2026-07-17 12:52:40.016910+00:00,ACC_00271,76.49,electronics,0,0,0
TXN_0866FC75FE4C4940,2026-07-17 13:05:43.016910+00:00,ACC_00924,241.99,jewelry,0,0,0
TXN_BE6672F47D1E497F,2026-07-17 13:21:34.016910+00:00,ACC_00603,363.18,gaming,0,0,0
TXN_C0230726E17F4864,2026-07-17 14:19:28.016910+00:00,ACC_00397,128.34,jewelry,0,0,0
TXN_F1926CED76F54922,2026-07-17 14:45:13.016910+00:00,ACC_00598,28.74,grocery,0,0,0
TXN_AC88268F754B43A0,2026-07-17 14:53:22.016910+00:00,ACC_00579,68.02,travel,0,0,0
TXN_F469B10F24BD49A3,2026-07-17 14:58:40.016910+00:00,ACC_00040,7.96,gaming,0,0,0
TXN_384632D20F814E38,2026-07-17 15:01:26.016910+00:00,ACC_00299,128.63,travel,0,0,0
TXN_AC5487D902D24A10,2026-07-17 15:17:24.016910+00:00,ACC_00308,100.01,other,0,0,0
TXN_C971DBA8DFF04CA9,2026-07-17 16:25:18.016910+00:00,ACC_00617,18.83,online_services,0,0,0
TXN_CA1A853AD228417D,2026-07-17 16:47:03.016910+00:00,ACC_00927,103.12,restaurant,0,0,0
TXN_04FBCE53B59348B1,2026-07-17 16:58:29.016910+00:00,ACC_00927,205.41,travel,1,1,1
TXN_CBADFB02C5A54F31,2026-07-17 17:03:25.016910+00:00,ACC_00927,599.05,jewelry,1,2,0
TXN_7DFF076EC6C04581,2026-07-17 18:13:24.016910+00:00,ACC_00927,59.8,gaming,0,0,0
TXN_9B739704D9294404,2026-07-17 18:34:14.016910+00:00,ACC_00927,188.62,jewelry,0,1,0
TXN_1629F0866C354BE8,2026-07-17 18:56:01.016910+00:00,ACC_00927,891.97,online_services,0,2,0
TXN_DC50BFB21CC34322,2026-07-17 19:29:00.016910+00:00,ACC_00590,57.38,gaming,0,0,0
TXN_668E6EF23EC24E3E,2026-07-17 20:03:25.016910+00:00,ACC_00331,62.59,online_services,0,0,0
TXN_971CFF1E80064855,2026-07-17 20:29:34.016910+00:00,ACC_00490,85.45,travel,0,0,0
TXN_EBB24B36D81C4F55,2026-07-17 21:45:12.016910+00:00,ACC_00095,36.86,online_services,0,0,0
TXN_4F5AE597B0AA4A75,2026-07-17 22:42:08.016910+00:00,ACC_00417,281.84,online_services,0,0,0
TXN_3C142DA5407342DC,2026-07-17 23:23:31.016910+00:00,ACC_00414,55.41,clothing,0,0,0
TXN_84AC5D493EFD4216,2026-07-17 23:23:41.016910+00:00,ACC_00123,61.01,clothing,0,0,0
TXN_337676BD5A9F4479,2026-07-17 23:53:35.016910+00:00,ACC_00702,1035.48,jewelry,1,0,0
TXN_1710A36EBEEE41A7,2026-07-18 00:13:34.016910+00:00,ACC_00376,198.12,travel,0,0,0
TXN_FE10AEA0330B4A52,2026-07-18 00:54:23.016910+00:00,ACC_00231,136.26,travel,0,0,0
TXN_FACEA2500FC947F0,2026-07-18 01:12:46.016910+00:00,ACC_00989,290.43,hotel,0,0,0
TXN_8B8F6B8287EB4453,2026-07-18 01:58:58.016910+00:00,ACC_00390,453.4,jewelry,0,0,0
TXN_D687F2A4C3DD4822,2026-07-18 02:04:03.016910+00:00,ACC_00885,62.5,clothing,0,0,0
TXN_922EB9C5C6EB4BD7,2026-07-18 02:28:30.016910+00:00,ACC_00010,45.24,pharmacy,0,0,0
TXN_1C00A1D919C54D05,2026-07-18 02:31:39.016910+00:00,ACC_00880,29.53,grocery,0,0,0
TXN_79FA210AE2754848,2026-07-18 03:18:07.016910+00:00,ACC_00634,13.65,grocery,0,0,0
TXN_3AC9AB8FD9084379,2026-07-18 03:51:34.016910+00:00,ACC_00224,194.8,hotel,0,0,0
TXN_CF0465357C104C8C,2026-07-18 06:20:14.016910+00:00,ACC_00914,27.66,hotel,0,0,0
TXN_0D1CB35881D0495F,2026-07-18 06:22:11.016910+00:00,ACC_00712,16.17,online_services,0,0,0
TXN_2C10C0CE988947E9,2026-07-18 06:29:17.016910+00:00,ACC_00668,36.41,online_services,0,0,0
TXN_CC7AB5F2447F45CF,2026-07-18 06:33:18.016910+00:00,ACC_00585,37.31,clothing,0,0,0
TXN_036526409C244588,2026-07-18 06:53:47.016910+00:00,ACC_00447,86.73,gaming,0,0,0
TXN_C721A1D643B746A2,2026-07-18 07:35:39.016910+00:00,ACC_00275,280.05,hotel,0,0,0
TXN_96A8EC8308F44D81,2026-07-18 07:51:26.016910+00:00,ACC_00890,250.35,pharmacy,0,0,0
TXN_CE4794F0019C4E4A,2026-07-18 08:04:07.016910+00:00,ACC_00936,24.4,hotel,0,0,0
TXN_DF0F12086629498E,2026-07-18 08:08:28.016910+00:00,ACC_00219,43.14,restaurant,0,0,0
TXN_855741CB935C4AF4,2026-07-18 08:18:22.016910+00:00,ACC_00219,74.57,clothing,0,1,0
TXN_F5AF3AC91873432A,2026-07-18 08:22:14.016910+00:00,ACC_00219,146.24,electronics,0,2,0
TXN_C61BD8B43EA74EB5,2026-07-18 08:46:25.016910+00:00,ACC_00219,97.36,other,0,3,0
TXN_D23CAB04F61F4929,2026-07-18 09:07:38.016910+00:00,ACC_00219,59.83,restaurant,0,4,0
TXN_636B8AA0A0FD4198,2026-07-18 09:14:35.016910+00:00,ACC_00219,854.6,jewelry,0,4,0
TXN_2E0E1FAFBE6849A8,2026-07-18 09:19:27.016910+00:00,ACC_00178,188.21,travel,0,0,0
TXN_37216B10510E401B,2026-07-18 09:23:23.016910+00:00,ACC_00842,237.01,gaming,0,0,0
TXN_1F79771A27174FDD,2026-07-18 09:34:56.016910+00:00,ACC_00118,45.49,pharmacy,0,0,0
TXN_1FE4F12B7B624676,2026-07-18 10:05:19.016910+00:00,ACC_00898,91.33,travel,0,0,0
TXN_1DD977BF2ACE4B2C,2026-07-18 10:06:50.016910+00:00,ACC_00839,277.51,jewelry,0,0,0
TXN_B3AC38AFB8034CB8,2026-07-18 10:39:01.016910+00:00,ACC_00003,101.36,jewelry,0,0,0
TXN_898DF1202BE84D80,2026-07-18 10:45:39.016910+00:00,ACC_00519,26.48,other,0,0,0
TXN_F7A59D6429504CF5,2026-07-18 11:29:48.016910+00:00,ACC_00757,34.39,grocery,0,0,0
TXN_E4E4749F42A14CBD,2026-07-18 11:56:22.016910+00:00,ACC_00891,30.09,grocery,0,0,0
TXN_62DD60F1508842F2,2026-07-18 12:13:57.016910+00:00,ACC_00142,144.89,grocery,0,0,0
TXN_AB42F3693BFE491F,2026-07-18 12:16:34.016910+00:00,ACC_00276,97.13,hotel,0,0,0
TXN_1FA3192B397F4A6E,2026-07-18 12:28:39.016910+00:00,ACC_00678,15.66,fuel,0,0,0
TXN_016A0D61FF9E47D7,2026-07-18 12:32:50.016910+00:00,ACC_00358,46.22,online_services,0,0,0
TXN_F1D8481D343D4E35,2026-07-18 12:41:30.016910+00:00,ACC_00810,150.18,hotel,0,0,0
TXN_588817A4974C44FD,2026-07-18 12:44:06.016910+00:00,ACC_00810,51.05,gaming,0,1,0
TXN_0338BFF6EB7B482B,2026-07-18 12:52:17.016910+00:00,ACC_00810,42.9,electronics,0,2,0
TXN_988E1DDB7F1742B9,2026-07-18 13:06:09.016910+00:00,ACC_00810,163.41,grocery,0,3,0
TXN_8BFE68136A764984,2026-07-18 13:07:54.016910+00:00,ACC_00749,5.58,restaurant,0,0,0
TXN_2286F1F223C24C02,2026-07-18 13:10:27.016910+00:00,ACC_00484,56.6,clothing,0,0,0
TXN_3FF9FF416C704FA9,2026-07-18 13:33:31.016910+00:00,ACC_00596,18.78,clothing,0,0,0
TXN_0DCF086A25234D8A,2026-07-18 14:15:08.016910+00:00,ACC_00596,138.97,clothing,0,1,0
TXN_A02932972B514A3B,2026-07-18 14:41:55.016910+00:00,ACC_00596,60.67,fuel,0,1,0
TXN_1E52CAE36C334959,2026-07-18 14:53:54.016910+00:00,ACC_00596,75.09,other,0,2,0
TXN_6F6258B44478442C,2026-07-18 15:03:27.016910+00:00,ACC_00392,180.93,jewelry,0,0,0
TXN_FD8A65D0CF2C49A6,2026-07-18 15:12:21.016910+00:00,ACC_00354,168.69,online_services,0,0,0
TXN_9555A3E86B1E4FF5,2026-07-18 15:31:10.016910+00:00,ACC_00235,36.1,gaming,0,0,0
TXN_82AAF1DAD47840F0,2026-07-18 15:40:00.016910+00:00,ACC_00593,164.38,restaurant,0,0,0
TXN_DFFA6D0B5645411C,2026-07-18 15:43:10.016910+00:00,ACC_00456,103.3,jewelry,0,0,0
TXN_2BA7496D81724E75,2026-07-18 15:48:25.016910+00:00,ACC_00876,116.3,hotel,0,0,0
TXN_D75A86D443CF45DD,2026-07-18 15:55:05.016910+00:00,ACC_00876,104.67,clothing,0,1,0
TXN_A6FBB951A1A54041,2026-07-18 16:47:36.016910+00:00,ACC_00876,46.37,restaurant,0,2,0
TXN_366939645B484BFD,2026-07-18 16:56:47.016910+00:00,ACC_00876,32.37,pharmacy,0,1,0
TXN_AA2CB663E4D347B3,2026-07-18 17:02:31.016910+00:00,ACC_00876,30.89,travel,0,2,0
TXN_794E33E2446D4020,2026-07-18 17:54:09.016910+00:00,ACC_00876,46.94,grocery,0,2,0
TXN_D400EB96D2964F6F,2026-07-18 18:06:08.016910+00:00,ACC_00876,28.25,fuel,0,1,0
TXN_65E950093494440C,2026-07-18 18:18:46.016910+00:00,ACC_00876,19.41,pharmacy,0,2,0
TXN_348191F34DE344C4,2026-07-18 19:05:58.016910+00:00,ACC_00459,74.14,pharmacy,0,0,0
TXN_1053A614573E45E8,2026-07-18 19:17:24.016910+00:00,ACC_00459,20.86,hotel,0,1,0
TXN_0B807F32552D4467,2026-07-18 19:26:53.016910+00:00,ACC_00459,33.5,pharmacy,0,2,0
TXN_B9F5D4A9DC4D41C6,2026-07-18 20:20:28.016910+00:00,ACC_00459,3.19,pharmacy,0,1,0
TXN_17C2A5AF5E76468A,2026-07-18 20:22:05.016910+00:00,ACC_00459,74.77,gaming,0,2,0
TXN_8636E157B4534A67,2026-07-18 20:26:27.016910+00:00,ACC_00459,112.44,clothing,0,3,0
TXN_2C999A82130242C0,2026-07-18 20:52:18.016910+00:00,ACC_00459,264.63,jewelry,0,3,0
TXN_185BA46025C34EB9,2026-07-18 21:53:07.016910+00:00,ACC_00459,74.01,electronics,0,0,0
TXN_F85B925A65484D71,2026-07-18 23:13:14.016910+00:00,ACC_00845,518.43,travel,0,0,0
TXN_52C4505AA4234E7A,2026-07-18 23:41:51.016910+00:00,ACC_00588,894.51,jewelry,0,0,0
TXN_C561BFE2AB354A5A,2026-07-18 23:42:45.016910+00:00,ACC_00070,15000.0,travel,1,5,1
TXN_D6D2775982F34D52,2026-07-19 00:03:13.016910+00:00,ACC_00634,660.94,travel,0,0,0
TXN_5DF9E2CFB5EA4DAA,2026-07-19 00:08:41.016910+00:00,ACC_00654,18.05,fuel,0,0,0
TXN_41D2B11AF3FE47CE,2026-07-19 00:44:38.016910+00:00,ACC_00030,40.69,gaming,0,0,0
TXN_16E5EEB1D8A14221,2026-07-19 00:59:16.016910+00:00,ACC_00376,7.07,other,0,0,0
TXN_9DB87190B6DF47D2,2026-07-19 01:00:15.016910+00:00,ACC_00702,17.69,clothing,1,0,0
TXN_5556A92FE2084A7B,2026-07-19 01:26:34.016910+00:00,ACC_00651,16.42,clothing,0,0,0
TXN_C105E76D6E674F2B,2026-07-19 01:44:05.016910+00:00,ACC_00958,232.2,travel,0,0,0
TXN_41B26FA6BD7F43E5,2026-07-19 01:54:38.016910+00:00,ACC_00958,20.81,other,0,1,0
TXN_56C9931440C0429F,2026-07-19 02:24:00.016910+00:00,ACC_00958,6.95,fuel,0,2,0
TXN_744D0252827841A0,2026-07-19 02:40:45.016910+00:00,ACC_00958,18.11,pharmacy,0,3,0
TXN_E7A75B07733D4675,2026-07-19 03:06:27.016910+00:00,ACC_00958,67.34,electronics,0,2,0
TXN_16CA5A7C933B49E8,2026-07-19 03:15:51.016910+00:00,ACC_00958,41.55,travel,0,3,0
TXN_713B1303F45B4D4C,2026-07-19 03:32:34.016910+00:00,ACC_00958,42.99,grocery,0,3,0
TXN_0290BD86E4E84689,2026-07-19 03:38:38.016910+00:00,ACC_00660,58.25,online_services,0,0,0
TXN_DCDC544392154524,2026-07-19 03:50:01.016910+00:00,ACC_00262,6.75,restaurant,0,0,0
TXN_6EC27FFB6A3B4303,2026-07-19 04:42:40.016910+00:00,ACC_00027,270.18,travel,0,0,0
TXN_53A69A3A02EA4D53,2026-07-19 04:44:54.016910+00:00,ACC_00738,14.56,pharmacy,0,0,0
TXN_9C2E1555F9E2455F,2026-07-19 06:04:03.016910+00:00,ACC_00738,23.24,fuel,0,0,0
TXN_B77257200D5F4112,2026-07-19 06:07:47.016910+00:00,ACC_00738,87.35,other,0,1,0
TXN_36CA4518668A42C7,2026-07-19 06:25:34.016910+00:00,ACC_00738,66.93,hotel,1,2,0
TXN_C8C54A15057049A8,2026-07-19 06:36:35.016910+00:00,ACC_00231,15.92,online_services,0,0,0
TXN_77540808B00B4AF7,2026-07-19 06:39:45.016910+00:00,ACC_00746,46.44,online_services,0,0,0
TXN_CAB5749119744351,2026-07-19 06:53:31.016910+00:00,ACC_00022,125.11,gaming,0,0,0
TXN_4A07741E933042C8,2026-07-19 08:13:05.016910+00:00,ACC_00761,109.38,online_services,0,0,0
TXN_206B9CD758C24BAB,2026-07-19 08:17:16.016910+00:00,ACC_00323,21.52,grocery,0,0,0
TXN_7DA8195B77394434,2026-07-19 08:29:14.016910+00:00,ACC_00199,20.52,clothing,0,0,0
TXN_041D6AB167E04609,2026-07-19 08:47:47.016910+00:00,ACC_00027,293.81,grocery,0,0,0
TXN_1982642EAF1E40E1,2026-07-19 08:56:20.016910+00:00,ACC_00346,276.59,hotel,0,0,0
TXN_9C739FC5BB2148B2,2026-07-19 09:00:33.016910+00:00,ACC_00825,26.62,other,0,0,0
TXN_942B0D58BDA343A5,2026-07-19 09:39:02.016910+00:00,ACC_00350,498.79,electronics,0,0,0
TXN_AC49DC811D774271,2026-07-19 09:53:09.016910+00:00,ACC_00350,172.49,hotel,0,1,0
TXN_B8A80CFD74F04603,2026-07-19 10:11:05.016910+00:00,ACC_00350,104.01,electronics,0,2,0
TXN_759CE23A74F8480B,2026-07-19 10:41:14.016910+00:00,ACC_00350,21.21,grocery,0,2,0
TXN_46104FC45D864467,2026-07-19 11:13:24.016910+00:00,ACC_00350,58.81,other,0,1,0
TXN_5363493B21734583,2026-07-19 11:24:08.016910+00:00,ACC_00350,11.88,pharmacy,1,2,0
TXN_04B7BC686C754BC4,2026-07-19 11:27:30.016910+00:00,ACC_00350,9.7,fuel,0,3,0
TXN_264E64BD26D74D75,2026-07-19 12:08:35.016910+00:00,ACC_00377,217.68,travel,0,0,0
TXN_1A28399FF34642D8,2026-07-19 12:19:26.016910+00:00,ACC_00327,41.43,online_services,0,0,0
TXN_668CD0FACA9E44BE,2026-07-19 12:25:21.016910+00:00,ACC_00456,448.74,jewelry,0,0,0
TXN_9F5DA2A2C721474D,2026-07-19 12:26:12.016910+00:00,ACC_00456,42.32,pharmacy,0,1,0
TXN_E7122C7848F446A3,2026-07-19 12:29:58.016910+00:00,ACC_00456,26.89,clothing,0,2,0
TXN_E9C27C5AAB8B4005,2026-07-19 12:38:12.016910+00:00,ACC_00456,95.59,fuel,0,3,0
TXN_806F787D994A480E,2026-07-19 12:52:38.016910+00:00,ACC_00456,16.54,restaurant,0,4,0
TXN_2CC29EFC69BF4C74,2026-07-19 13:36:12.016910+00:00,ACC_00456,726.84,jewelry,0,2,0
TXN_B2AAC0A25AFE4743,2026-07-19 13:36:25.016910+00:00,ACC_00456,32.17,other,0,3,0
TXN_6098F6E14D204342,2026-07-19 13:55:05.016910+00:00,ACC_00241,12.59,gaming,0,0,0
TXN_04026CAF711D45FE,2026-07-19 14:07:53.016910+00:00,ACC_00197,551.6,travel,0,0,0
TXN_F246E7B6F94D4B2C,2026-07-19 15:00:06.016910+00:00,ACC_00455,124.85,jewelry,0,0,0
TXN_C707202B24A24E23,2026-07-19 17:09:33.016910+00:00,ACC_00735,29.87,clothing,0,0,0
TXN_A54D8691E1474C50,2026-07-19 17:54:16.016910+00:00,ACC_00642,11.41,grocery,0,0,0
TXN_487234205AD7476B,2026-07-19 18:04:09.016910+00:00,ACC_00256,47.93,other,0,0,0
TXN_E752C6A876264588,2026-07-19 18:06:32.016910+00:00,ACC_00018,36.07,hotel,0,0,0
TXN_D711E752D1654558,2026-07-19 18:34:35.016910+00:00,ACC_00816,103.13,restaurant,0,0,0
TXN_7477E865F62C4DD4,2026-07-19 19:44:42.016910+00:00,ACC_00625,37.79,other,0,0,0
TXN_8FBB346C78DD4693,2026-07-19 20:24:25.016910+00:00,ACC_00060,18.54,online_services,0,0,0
TXN_EF20758C8740461F,2026-07-19 20:27:29.016910+00:00,ACC_00429,112.18,hotel,0,0,0
TXN_D490FEBFAE7B4382,2026-07-19 20:46:00.016910+00:00,ACC_00429,971.96,hotel,0,1,0
TXN_DCB021EAF7484787,2026-07-19 21:05:45.016910+00:00,ACC_00429,234.15,jewelry,0,2,0
TXN_3896C111EF7B4A14,2026-07-19 21:49:42.016910+00:00,ACC_00429,25.61,pharmacy,0,1,0
TXN_F1E2601BB26A40DB,2026-07-19 23:00:28.016910+00:00,ACC_00793,219.39,jewelry,0,0,0
TXN_C18B6E10D3A14A2B,2026-07-19 23:19:07.016910+00:00,ACC_00793,118.15,other,0,1,0
TXN_F90D5A1E6B90462E,2026-07-19 23:22:00.016910+00:00,ACC_00793,96.64,clothing,0,2,0
TXN_306056C110634037,2026-07-19 23:25:49.016910+00:00,ACC_00793,137.03,hotel,0,3,0
TXN_23ABDB162EC34109,2026-07-19 23:47:18.016910+00:00,ACC_00793,128.37,clothing,0,4,0
TXN_502F1D452AFD447A,2026-07-20 00:49:52.016910+00:00,ACC_00330,40.46,grocery,0,0,0
TXN_7BDB4855EF2E4786,2026-07-20 00:54:24.016910+00:00,ACC_00631,41.41,clothing,0,0,0
TXN_B3B2A13BF4F44807,2026-07-20 01:07:33.016910+00:00,ACC_00267,45.29,online_services,0,0,0
TXN_448385A6B4DF4387,2026-07-20 01:24:19.016910+00:00,ACC_00267,32.34,other,1,1,0
TXN_2C8081919E344A8F,2026-07-20 01:32:47.016910+00:00,ACC_00267,301.96,travel,0,2,0
TXN_A8FCB218860149C4,2026-07-20 02:06:13.016910+00:00,ACC_00267,123.99,jewelry,0,3,0
TXN_BF75FA12433C4655,2026-07-20 02:07:14.016910+00:00,ACC_00267,7.17,gaming,0,4,0
TXN_60A7CBB62A4A49C2,2026-07-20 02:13:16.016910+00:00,ACC_00267,27.57,hotel,0,4,0
TXN_8C0883FBB1C54E74,2026-07-20 02:14:01.016910+00:00,ACC_00267,60.33,gaming,0,5,0
TXN_DDC9FD2DB4354E02,2026-07-20 02:16:55.016910+00:00,ACC_00809,53.52,electronics,0,0,0
TXN_8C46F84549F34960,2026-07-20 02:25:58.016910+00:00,ACC_00883,220.0,hotel,0,0,0
TXN_93584EEDCE164822,2026-07-20 02:31:54.016910+00:00,ACC_00862,41.79,online_services,0,0,0
TXN_BD42F54102A8448E,2026-07-20 02:41:52.016910+00:00,ACC_00263,95.88,gaming,0,0,0
TXN_D907996EF9804506,2026-07-20 03:10:04.016910+00:00,ACC_00943,6.73,fuel,0,0,0
TXN_DC4654F9849F4CB5,2026-07-20 03:47:32.016910+00:00,ACC_00311,24.63,gaming,0,0,0
TXN_AB8D8C42EF0A464C,2026-07-20 04:23:42.016910+00:00,ACC_00118,45.08,electronics,0,0,0
TXN_39D5BD8F839C491C,2026-07-20 04:39:23.016910+00:00,ACC_00254,372.52,pharmacy,0,0,0
TXN_F8FAB782B2614428,2026-07-20 04:53:28.016910+00:00,ACC_00658,35.53,other,0,0,0
TXN_B3D1DCB93802425E,2026-07-20 05:01:32.016910+00:00,ACC_00363,10.9,online_services,0,0,0
TXN_0A72E23F3E49436C,2026-07-20 05:22:01.016910+00:00,ACC_00045,51.83,fuel,0,0,0
TXN_2B6EFD1A8EFD4A16,2026-07-20 05:38:26.016910+00:00,ACC_00232,18.85,clothing,0,0,0
TXN_871907A1549E4D69,2026-07-20 05:53:05.016910+00:00,ACC_00549,119.99,clothing,0,0,0
TXN_5BDD72D6D28E4CEA,2026-07-20 05:53:19.016910+00:00,ACC_00940,316.78,electronics,0,0,0
TXN_902B708C49624C61,2026-07-20 06:12:01.016910+00:00,ACC_00977,90.91,jewelry,0,0,0
TXN_1187BFD4560A4AE2,2026-07-20 07:38:00.016910+00:00,ACC_00194,260.63,clothing,0,0,0
TXN_C6F8D553A4FC49EA,2026-07-20 08:01:32.016910+00:00,ACC_00362,13.72,restaurant,0,0,0
TXN_A6C823EDFB8F4E63,2026-07-20 09:12:36.016910+00:00,ACC_00593,47.29,grocery,0,0,0
TXN_A43602DAABF94860,2026-07-20 09:34:47.016910+00:00,ACC_00886,82.52,pharmacy,0,0,0
TXN_0982268E537846ED,2026-07-20 09:38:43.016910+00:00,ACC_00849,45.21,pharmacy,0,0,0
TXN_D67978CC3E3D49B6,2026-07-20 09:44:18.016910+00:00,ACC_00289,35.59,other,0,0,0
TXN_8C1C0CF05A6E4FDC,2026-07-20 10:18:06.016910+00:00,ACC_00076,12.65,online_services,0,0,0
TXN_84511313AB9744E1,2026-07-20 10:46:09.016910+00:00,ACC_00395,553.18,hotel,0,0,0
TXN_EB000496E64A44D1,2026-07-20 11:13:15.016910+00:00,ACC_00605,15000.0,travel,1,5,1
TXN_34D47C6622144D54,2026-07-20 11:13:36.016910+00:00,ACC_00605,246.77,grocery,0,1,0
TXN_9925A56E361A4ADE,2026-07-20 12:11:22.016910+00:00,ACC_00605,8.46,gaming,0,2,0
TXN_5B1782C8A62D452C,2026-07-20 12:19:32.016910+00:00,ACC_00605,61.95,fuel,0,1,0
TXN_E2408B739ABA4D7E,2026-07-20 12:27:11.016910+00:00,ACC_00605,209.41,fuel,0,2,0
TXN_87DBEDF5A63141D1,2026-07-20 13:16:21.016910+00:00,ACC_00605,25.34,other,0,2,0
TXN_F01520043A304293,2026-07-20 13:31:07.016910+00:00,ACC_00605,53.97,electronics,0,1,0
TXN_B417D0EA61134137,2026-07-20 13:52:25.016910+00:00,ACC_00990,31.08,grocery,0,0,0
TXN_41F5707414B044F1,2026-07-20 14:24:10.016910+00:00,ACC_00328,16.55,fuel,1,0,0
TXN_64D69F72C9764E00,2026-07-20 14:35:57.016910+00:00,ACC_00557,47.91,jewelry,0,0,0
TXN_08E011B2991B4545,2026-07-20 14:39:58.016910+00:00,ACC_00557,12461.33,travel,0,1,1
TXN_A856F702DC7C4930,2026-07-20 14:51:32.016910+00:00,ACC_00557,349.02,jewelry,0,2,0
TXN_4E530950E3D64BFC,2026-07-20 14:51:56.016910+00:00,ACC_00557,10.44,pharmacy,0,3,0
TXN_B51E9BDBEF0D488F,2026-07-20 14:55:09.016910+00:00,ACC_00196,13.34,grocery,0,0,0
TXN_5BD3D6A5430F492D,2026-07-20 15:26:44.016910+00:00,ACC_00196,21.83,fuel,0,1,0
TXN_D41738599FEC411C,2026-07-20 15:30:16.016910+00:00,ACC_00196,21.48,other,0,2,0
TXN_EF36851C63324F6E,2026-07-20 16:15:43.016910+00:00,ACC_00196,65.54,electronics,0,2,0
TXN_146432E0BB694352,2026-07-20 16:31:18.016910+00:00,ACC_00714,190.01,jewelry,1,0,0
TXN_67D2E3D91A194735,2026-07-20 17:06:46.016910+00:00,ACC_00714,14.72,online_services,0,1,0
TXN_CEDC81A667BB4261,2026-07-20 17:21:53.016910+00:00,ACC_00714,31.82,other,0,2,0
TXN_51210069D72E4E60,2026-07-20 17:37:27.016910+00:00,ACC_00714,30.95,pharmacy,0,2,0
TXN_53FD89FA19774324,2026-07-20 18:05:30.016910+00:00,ACC_00714,22.01,clothing,0,3,0
TXN_EF9E0869BD6B4E49,2026-07-20 18:09:32.016910+00:00,ACC_00714,14.23,clothing,0,3,0
TXN_BDE8A6BA6E994F66,2026-07-20 18:25:25.016910+00:00,ACC_00714,104.14,jewelry,0,3,0
TXN_1F6BA06F53264ACB,2026-07-20 18:54:13.016910+00:00,ACC_00714,74.83,hotel,0,3,0
TXN_CEDF6A8652A74139,2026-07-20 18:59:42.016910+00:00,ACC_00793,10.34,clothing,0,0,0
TXN_89DF3BEE0D314592,2026-07-20 19:06:37.016910+00:00,ACC_00467,177.18,electronics,0,0,0
TXN_3CCED60D2E7743BD,2026-07-20 19:38:39.016910+00:00,ACC_00671,157.0,jewelry,0,0,0
TXN_DAE0322BE299409E,2026-07-20 19:49:44.016910+00:00,ACC_00679,52.32,hotel,0,0,0
TXN_0A2714CBD8B745BF,2026-07-20 20:04:27.016910+00:00,ACC_00213,10.37,gaming,0,0,0
TXN_564F192BEE5B4853,2026-07-20 21:37:49.016910+00:00,ACC_00213,46.71,pharmacy,0,0,0
TXN_79DC152918494EF3,2026-07-20 21:38:51.016910+00:00,ACC_00213,128.09,gaming,0,1,0
TXN_E80FB18F58664760,2026-07-20 21:43:24.016910+00:00,ACC_00213,18.35,pharmacy,0,2,0
TXN_DCFBD9A830824C30,2026-07-20 22:18:35.016910+00:00,ACC_00213,252.88,gaming,0,3,0
TXN_44BB682FC2134449,2026-07-20 22:43:52.016910+00:00,ACC_00707,123.42,travel,0,0,0
TXN_DF4B9267AB6A4391,2026-07-20 22:47:04.016910+00:00,ACC_00707,40.85,gaming,0,1,0
TXN_089B5E9591304FE5,2026-07-20 23:14:11.016910+00:00,ACC_00707,288.59,travel,0,2,0
TXN_AB5CF5E7FCE74CA4,2026-07-20 23:38:39.016910+00:00,ACC_00707,65.53,online_services,0,3,0
TXN_27D876E0BFE24D85,2026-07-21 00:00:26.016910+00:00,ACC_00707,13.85,gaming,0,2,0
TXN_A8E312497B814586,2026-07-21 00:31:39.016910+00:00,ACC_00707,118.37,jewelry,0,2,0
TXN_C6D5D4C2199F47D4,2026-07-21 01:29:02.016910+00:00,ACC_00023,109.67,online_services,0,0,0
TXN_3668D287D15B4CBE,2026-07-21 01:37:29.016910+00:00,ACC_00571,58.48,grocery,0,0,0
TXN_88D97322C0FD49D3,2026-07-21 02:10:53.016910+00:00,ACC_00926,287.65,clothing,0,0,0
TXN_22619D1E9A4E44FD,2026-07-21 02:32:16.016910+00:00,ACC_00458,143.19,electronics,0,0,0
TXN_F7E4263F489F4B61,2026-07-21 02:54:27.016910+00:00,ACC_00839,172.79,hotel,0,0,0
TXN_567FA53739404686,2026-07-21 05:29:59.016910+00:00,ACC_00705,18.17,fuel,0,0,0
TXN_3C337127D9C6469B,2026-07-21 05:45:06.016910+00:00,ACC_00348,12819.6,travel,0,0,0
TXN_6B575BB43F6642B5,2026-07-21 06:06:18.016910+00:00,ACC_00636,4.2,pharmacy,0,0,0
TXN_BE343772A55A43F0,2026-07-21 06:54:45.016910+00:00,ACC_00139,119.45,hotel,0,0,0
TXN_951AB4B529E14020,2026-07-21 07:59:41.016910+00:00,ACC_00667,177.97,electronics,0,0,0
TXN_7C5054F39E3747DD,2026-07-21 08:46:30.016910+00:00,ACC_00637,53.7,online_services,0,0,0
TXN_3A1BB881207A4F3F,2026-07-21 08:57:57.016910+00:00,ACC_00546,124.37,travel,0,0,0
TXN_D00FAC13BBD44AF5,2026-07-21 09:43:49.016910+00:00,ACC_00056,179.19,jewelry,0,0,0
TXN_300BB77CA77F4D79,2026-07-21 10:30:08.016910+00:00,ACC_00618,25.84,restaurant,0,0,0
TXN_5B1ECADDD21F40DD,2026-07-21 10:37:45.016910+00:00,ACC_00618,19.6,other,0,1,0
TXN_6D19B1FE08364A37,2026-07-21 10:54:40.016910+00:00,ACC_00618,167.0,travel,0,2,0
TXN_9574558413344981,2026-07-21 11:08:10.016910+00:00,ACC_00618,65.53,travel,0,3,0
TXN_3A82D824C8D44572,2026-07-21 11:19:19.016910+00:00,ACC_00618,61.21,electronics,0,4,0
TXN_6678C9A8074547BA,2026-07-21 11:24:45.016910+00:00,ACC_00618,14.26,online_services,0,5,0
TXN_1CDEF33A91EB4779,2026-07-21 11:57:23.016910+00:00,ACC_00618,576.54,fuel,0,3,0
TXN_D19FB04C85F14297,2026-07-21 12:01:47.016910+00:00,ACC_00618,249.75,jewelry,0,4,0
TXN_4E64485484074BC3,2026-07-21 12:05:24.016910+00:00,ACC_00369,29.94,hotel,0,0,0
TXN_0DDCE19B80174989,2026-07-21 12:05:37.016910+00:00,ACC_00964,226.08,jewelry,0,0,0
TXN_659B4B27D7EF47F0,2026-07-21 12:19:11.016910+00:00,ACC_00394,622.23,jewelry,0,0,0
TXN_8C6AB4BE24474921,2026-07-21 12:31:24.016910+00:00,ACC_00896,52.87,online_services,0,0,0
TXN_317CE20B2D764259,2026-07-21 12:39:19.016910+00:00,ACC_00352,33.98,fuel,0,0,0
TXN_697E583231764CC2,2026-07-21 12:49:09.016910+00:00,ACC_00293,97.68,jewelry,0,0,0
TXN_7B5232F442544A44,2026-07-21 14:11:22.016910+00:00,ACC_01000,165.49,travel,0,0,0
TXN_B720FBAC801F41D6,2026-07-21 14:45:08.016910+00:00,ACC_00716,72.47,grocery,0,0,0
TXN_E9A378575D974F96,2026-07-21 14:49:56.016910+00:00,ACC_00201,73.27,fuel,0,0,0
TXN_8A8AAD20307E4088,2026-07-21 14:53:53.016910+00:00,ACC_00068,48.37,gaming,0,0,0
TXN_47DB3F6BA86C4C0C,2026-07-21 15:21:24.016910+00:00,ACC_00452,120.57,hotel,0,0,0
TXN_115F284F602B43D4,2026-07-21 15:40:21.016910+00:00,ACC_00168,740.21,jewelry,0,0,0
TXN_7846D543D36A4B39,2026-07-21 15:41:50.016910+00:00,ACC_00954,411.15,travel,0,0,0
TXN_3874157EDDB64712,2026-07-21 16:19:29.016910+00:00,ACC_00985,42.53,other,0,0,0
TXN_B1104314F6FD451F,2026-07-21 17:00:04.016910+00:00,ACC_00731,230.17,online_services,0,0,0
TXN_9E305D40DEEE4F06,2026-07-21 17:08:48.016910+00:00,ACC_00199,37.97,travel,0,0,0
TXN_F9F85511F8504719,2026-07-21 17:24:54.016910+00:00,ACC_00533,126.1,electronics,0,0,0
TXN_53B19665A564439F,2026-07-21 17:45:11.016910+00:00,ACC_00426,173.2,travel,0,0,0
TXN_868F649DA83F4AD8,2026-07-21 18:04:07.016910+00:00,ACC_00652,18.59,online_services,0,0,0
TXN_BEA0778206874C03,2026-07-21 18:28:37.016910+00:00,ACC_00218,8.93,fuel,0,0,0
TXN_BE780B47500B4748,2026-07-21 19:03:48.016910+00:00,ACC_00945,18.94,online_services,0,0,0
TXN_FC63CF5F753A4467,2026-07-21 19:15:49.016910+00:00,ACC_00324,88.25,grocery,0,0,0
TXN_C4D9C48B062C49BC,2026-07-21 20:35:40.016910+00:00,ACC_00425,259.97,electronics,0,0,0
TXN_9ADD00D29A634700,2026-07-21 21:17:09.016910+00:00,ACC_00578,58.75,pharmacy,0,0,0
TXN_1FD18A030DD64D10,2026-07-21 21:29:28.016910+00:00,ACC_00067,18.63,fuel,0,0,0
TXN_6F284B32FA3B4203,2026-07-21 21:54:05.016910+00:00,ACC_00307,329.26,travel,0,0,0
TXN_396F64B5747740CA,2026-07-21 21:57:39.016910+00:00,ACC_00307,22.59,online_services,0,1,0
TXN_1927A4D18F5A4B7B,2026-07-21 21:58:04.016910+00:00,ACC_00307,33.39,restaurant,0,2,0
TXN_0EB9EAD72B1F46D0,2026-07-21 21:58:50.016910+00:00,ACC_00307,35.96,grocery,0,3,0
TXN_ABAE0B06747D4FDA,2026-07-21 23:19:05.016910+00:00,ACC_00307,18.03,restaurant,0,0,0
TXN_2BC19F29A75E4F9C,2026-07-22 00:01:25.016910+00:00,ACC_00307,74.51,gaming,0,1,0
TXN_B46988FA96FD47B8,2026-07-22 00:06:31.016910+00:00,ACC_00307,113.0,other,0,2,0
TXN_9A44DB0777404432,2026-07-22 00:14:06.016910+00:00,ACC_00307,22.74,clothing,0,3,0
TXN_0785440179CC498B,2026-07-22 00:20:24.016910+00:00,ACC_00988,135.63,travel,0,0,0
TXN_A5B997FF0F6F4B92,2026-07-22 00:43:30.016910+00:00,ACC_00105,214.13,electronics,0,0,0
TXN_A9A021C0647F4309,2026-07-22 00:48:00.016910+00:00,ACC_00341,3.95,gaming,0,0,0
TXN_B2A6A46E590149AB,2026-07-22 01:17:08.016910+00:00,ACC_00341,60.51,online_services,0,1,0
TXN_6CB9C02EA9E4482E,2026-07-22 01:35:17.016910+00:00,ACC_00341,273.41,travel,0,2,0
TXN_A6FB07FBE3084C95,2026-07-22 01:49:04.016910+00:00,ACC_00341,79.0,other,0,2,0
TXN_7154296C9E9A4676,2026-07-22 01:56:34.016910+00:00,ACC_00341,15000.0,travel,1,6,0
TXN_FBB1AC6BD38C4265,2026-07-22 02:07:15.016910+00:00,ACC_00341,905.41,fuel,0,4,0
TXN_3DFDA27D8F9D45FA,2026-07-22 02:13:49.016910+00:00,ACC_00994,91.71,clothing,0,0,0
TXN_0E47EEF856514E5D,2026-07-22 02:15:36.016910+00:00,ACC_00414,13.53,gaming,0,0,0
TXN_5A501D9FBC2D4AFF,2026-07-22 02:16:17.016910+00:00,ACC_00832,47.57,electronics,0,0,0
TXN_F9E4C46CB3344AEF,2026-07-22 02:53:36.016910+00:00,ACC_00276,81.38,other,0,0,0
TXN_DB04B957305045A5,2026-07-22 03:31:34.016910+00:00,ACC_00487,92.01,clothing,0,0,0
TXN_C43A0E5D22734FCE,2026-07-22 03:36:02.016910+00:00,ACC_00270,93.99,pharmacy,0,0,0
TXN_D275B53167A649A0,2026-07-22 03:52:28.016910+00:00,ACC_00649,410.39,electronics,0,0,0
TXN_FB34BE8B37744F8D,2026-07-22 04:59:54.016910+00:00,ACC_00671,480.84,electronics,0,0,0
TXN_AE43B543D8C74D0D,2026-07-22 05:42:06.016910+00:00,ACC_00956,24.23,clothing,0,0,0
TXN_7D02C64644A84C63,2026-07-22 05:51:26.016910+00:00,ACC_00119,15.45,gaming,0,0,0
TXN_20E5292E5BC949EE,2026-07-22 05:59:52.016910+00:00,ACC_00935,98.46,online_services,0,0,0
TXN_0F5C8FA8F3B44167,2026-07-22 06:16:54.016910+00:00,ACC_00053,24.27,grocery,0,0,0
TXN_7B6A1DC39D76407D,2026-07-22 06:18:15.016910+00:00,ACC_00681,99.63,hotel,0,0,0
TXN_40B2AD1F6BA1435A,2026-07-22 06:30:28.016910+00:00,ACC_00380,55.32,restaurant,0,0,0
TXN_117044F747044733,2026-07-22 06:35:42.016910+00:00,ACC_00215,50.35,online_services,0,0,0
TXN_5387C3CC1E45496C,2026-07-22 06:38:04.016910+00:00,ACC_00044,98.69,other,0,0,0
TXN_2ABA1F5020114BF6,2026-07-22 06:45:22.016910+00:00,ACC_00044,22.32,clothing,1,1,0
TXN_90BC8576BBC04A2F,2026-07-22 06:46:41.016910+00:00,ACC_00044,140.2,electronics,0,2,0
TXN_1709488653B245B0,2026-07-22 07:25:17.016910+00:00,ACC_00044,171.77,travel,0,3,0
TXN_133DD6DA5E4D47A7,2026-07-22 07:27:46.016910+00:00,ACC_00044,307.41,hotel,0,4,0
TXN_27BCE7BF3DA94B06,2026-07-22 07:32:55.016910+00:00,ACC_00044,387.31,hotel,0,5,0
TXN_3159E3A8FE9D46E6,2026-07-22 07:57:20.016910+00:00,ACC_00331,27.2,gaming,0,0,0
TXN_F3AFB373012D43DD,2026-07-22 08:38:45.016910+00:00,ACC_00331,14.87,fuel,0,1,0
TXN_D702180D9128448A,2026-07-22 09:15:03.016910+00:00,ACC_00729,209.35,electronics,0,0,0
TXN_205AB011FD3142A5,2026-07-22 10:06:49.016910+00:00,ACC_00246,10.65,clothing,0,0,0
TXN_033A0C69EFC64755,2026-07-22 10:18:55.016910+00:00,ACC_00246,78.62,fuel,0,1,0
TXN_5129B15F3B5441AB,2026-07-22 10:30:32.016910+00:00,ACC_00246,121.51,other,0,2,0
TXN_0192B86E778848FD,2026-07-22 10:50:34.016910+00:00,ACC_00246,25.35,gaming,0,3,0
TXN_C8830A5AF5334843,2026-07-22 11:37:23.016910+00:00,ACC_00246,14.31,travel,0,1,0
TXN_0F1C8BC3BFF14F7B,2026-07-22 12:36:59.016910+00:00,ACC_00246,270.79,electronics,0,1,0
TXN_FB6E8537BD424532,2026-07-22 12:56:47.016910+00:00,ACC_00246,188.26,clothing,0,1,0
TXN_CA92ECA7DE0445F3,2026-07-22 13:43:38.016910+00:00,ACC_00996,479.61,travel,0,0,0
TXN_847E98A07A3E43E6,2026-07-22 15:35:16.016910+00:00,ACC_00306,483.98,travel,0,0,0
TXN_92E3EFFCF40D40EE,2026-07-22 16:07:30.016910+00:00,ACC_00023,200.71,other,0,0,0
TXN_40565A21C6BD4692,2026-07-22 16:21:07.016910+00:00,ACC_00099,12.72,online_services,0,0,0
TXN_1DBF86B52C614D3D,2026-07-22 16:25:30.016910+00:00,ACC_00689,33.47,pharmacy,0,0,0
TXN_5B489BEF365C4C68,2026-07-22 17:57:26.016910+00:00,ACC_00501,68.29,other,0,0,0
TXN_6898485A088E4129,2026-07-22 18:07:16.016910+00:00,ACC_00619,41.28,fuel,0,0,0
TXN_46AA25EAF64841DA,2026-07-22 18:11:00.016910+00:00,ACC_00189,99.73,other,0,0,0
TXN_20AD95FECE0042AF,2026-07-22 18:37:54.016910+00:00,ACC_00820,14.1,grocery,0,0,0
TXN_D8806F9C403547C6,2026-07-22 20:01:08.016910+00:00,ACC_00882,9.26,online_services,0,0,0
TXN_0E52CD1ECFC84763,2026-07-22 20:09:12.016910+00:00,ACC_00071,6.27,grocery,1,0,0
TXN_C6B2578E99064DFA,2026-07-22 20:13:42.016910+00:00,ACC_00056,124.62,clothing,0,0,0
TXN_3FF3E2323D2940C8,2026-07-22 20:30:26.016910+00:00,ACC_00932,31.49,hotel,0,0,0
TXN_0A444FB607964CB0,2026-07-22 20:51:16.016910+00:00,ACC_00071,52.75,clothing,0,1,0
TXN_6FC336FF967A49D1,2026-07-22 21:31:41.016910+00:00,ACC_00832,121.62,jewelry,0,0,0
TXN_AC703CF848504BDA,2026-07-22 22:18:45.016910+00:00,ACC_00201,31.64,other,0,0,0
TXN_20B8D43CD8294473,2026-07-22 22:20:28.016910+00:00,ACC_00160,87.57,electronics,0,0,0
TXN_EFE4794560394DA4,2026-07-22 22:30:33.016910+00:00,ACC_00160,131.51,jewelry,0,1,0
TXN_4D7139B970D74FDF,2026-07-22 23:42:07.016910+00:00,ACC_00160,5.8,restaurant,0,0,0
TXN_21ECCA5D3B184960,2026-07-23 00:00:46.016910+00:00,ACC_00160,43.82,other,0,1,0
TXN_54B1FE2B9F1442DF,2026-07-23 00:43:38.016910+00:00,ACC_00160,17.68,fuel,0,1,0
TXN_66F7CC0EC8BE4E34,2026-07-23 01:26:20.016910+00:00,ACC_00160,24.2,other,0,1,0
TXN_5CD562137FFD4449,2026-07-23 01:52:41.016910+00:00,ACC_00160,284.3,other,0,1,0
TXN_B4C5D2FF7E2D4CF4,2026-07-23 02:29:32.016910+00:00,ACC_00176,27.65,electronics,0,0,0
TXN_E5AB07B03ABD43E7,2026-07-23 03:20:43.016910+00:00,ACC_00379,25.16,pharmacy,0,0,0
TXN_B906B4593314439B,2026-07-23 04:11:58.016910+00:00,ACC_00226,57.19,clothing,0,0,0
TXN_325CF4B60CF2443B,2026-07-23 04:13:22.016910+00:00,ACC_00287,569.34,electronics,0,0,0
TXN_7FB74572E1B941E5,2026-07-23 04:22:03.016910+00:00,ACC_00659,46.02,travel,0,0,0
TXN_0BC24E1290114984,2026-07-23 04:58:37.016910+00:00,ACC_00567,182.58,other,0,0,0
TXN_13AD0894F2B44103,2026-07-23 05:10:14.016910+00:00,ACC_00535,26.11,pharmacy,0,0,0
TXN_C10161EF48CA4CF0,2026-07-23 05:11:37.016910+00:00,ACC_00749,36.01,gaming,0,0,0
TXN_09449977C7194A12,2026-07-23 05:16:44.016910+00:00,ACC_00655,187.88,hotel,0,0,0
TXN_C014C0BDA96343B8,2026-07-23 05:18:19.016910+00:00,ACC_00521,432.47,electronics,0,0,0
TXN_A560E0CBA19A4DC8,2026-07-23 05:51:42.016910+00:00,ACC_00187,19.59,pharmacy,1,0,0
TXN_A0F28333987A4B24,2026-07-23 05:51:50.016910+00:00,ACC_00895,272.73,jewelry,0,0,0
TXN_0ED9380658204FEB,2026-07-23 06:29:52.016910+00:00,ACC_00306,47.72,online_services,0,0,0
TXN_A4DCA5B866B64D83,2026-07-23 06:33:59.016910+00:00,ACC_00173,28.49,restaurant,0,0,0
TXN_D22C2A90053B4E6B,2026-07-23 06:49:19.016910+00:00,ACC_00662,222.32,hotel,0,0,0
TXN_2EB3A49DB5244D38,2026-07-23 07:53:17.016910+00:00,ACC_00140,53.62,electronics,0,0,0
TXN_CAEA76CF79644656,2026-07-23 07:58:31.016910+00:00,ACC_00001,73.63,hotel,0,0,0
TXN_858CF5D1B5DC4726,2026-07-23 08:19:05.016910+00:00,ACC_00822,11.85,other,0,0,0
TXN_FA2FE756F9C248D2,2026-07-23 08:27:47.016910+00:00,ACC_00764,173.44,hotel,0,0,0
TXN_DEC8E3C3D4CE42E8,2026-07-23 08:57:21.016910+00:00,ACC_00074,32.72,pharmacy,0,0,0
TXN_ECDB1D28BDCD46B2,2026-07-23 09:09:34.016910+00:00,ACC_00027,168.13,gaming,0,0,0
TXN_5B200379867B45E7,2026-07-23 09:19:56.016910+00:00,ACC_00583,14.46,online_services,0,0,0
TXN_0956B537038E449D,2026-07-23 10:49:32.016910+00:00,ACC_00175,658.43,hotel,0,0,0
TXN_8D78832F2B4A40E1,2026-07-23 10:56:32.016910+00:00,ACC_00441,102.0,other,0,0,0
TXN_6DA4034688774506,2026-07-23 12:24:33.016910+00:00,ACC_00069,5.23,clothing,0,0,0
TXN_8B17ED9A95BF4064,2026-07-23 12:29:07.016910+00:00,ACC_00917,87.81,clothing,0,0,0
TXN_904B2FD455AE4626,2026-07-23 12:42:21.016910+00:00,ACC_00729,14.88,restaurant,0,0,0
TXN_3A4764EC45E94C8D,2026-07-23 13:48:45.016910+00:00,ACC_00959,36.23,clothing,1,0,0
TXN_30F6FB41C0794976,2026-07-23 13:50:27.016910+00:00,ACC_00745,17.25,restaurant,0,0,0
TXN_E659D74F89224583,2026-07-23 14:09:41.016910+00:00,ACC_00168,119.33,fuel,0,0,0
TXN_00A30F137F23488A,2026-07-23 14:47:44.016910+00:00,ACC_00475,6.26,pharmacy,0,0,0
TXN_7A435D0FBCFD4104,2026-07-23 15:00:47.016910+00:00,ACC_00475,183.32,jewelry,0,1,0
TXN_918794FC760E4033,2026-07-23 15:07:41.016910+00:00,ACC_00475,39.59,online_services,0,2,0
TXN_17CE92F72FE0416C,2026-07-23 15:34:40.016910+00:00,ACC_00475,16.72,restaurant,0,3,0
TXN_3B488DB1E30F4EE5,2026-07-23 15:44:35.016910+00:00,ACC_00475,11.02,restaurant,0,4,0
TXN_67AEF4ECEA6646D3,2026-07-23 15:45:26.016910+00:00,ACC_00475,26.83,jewelry,0,5,0
TXN_1EC1E625228C4948,2026-07-23 16:02:49.016910+00:00,ACC_00475,116.32,travel,0,4,0
TXN_CFE0E3A3CBFF4E0E,2026-07-23 16:12:28.016910+00:00,ACC_00494,69.2,gaming,1,0,0
TXN_3D4E729E3E4D4427,2026-07-23 16:43:18.016910+00:00,ACC_00847,43.68,online_services,0,0,0
TXN_6399E490168548EB,2026-07-23 16:51:14.016910+00:00,ACC_00847,55.17,travel,0,1,0
TXN_57608C7970FA41EB,2026-07-23 17:14:18.016910+00:00,ACC_00847,39.97,gaming,1,2,0
TXN_52C1B846203F42D4,2026-07-23 17:20:41.016910+00:00,ACC_00847,532.62,travel,0,3,0
TXN_FC7E774CAAD34E30,2026-07-23 17:33:38.016910+00:00,ACC_00688,16.71,pharmacy,0,0,0
TXN_4B4DE5D7D2044FCD,2026-07-23 18:08:20.016910+00:00,ACC_00380,56.17,clothing,0,0,0
TXN_3633BED033AF412B,2026-07-23 18:30:10.016910+00:00,ACC_00563,49.84,fuel,0,0,0
TXN_56FD5CA0A2EE48F3,2026-07-23 18:49:09.016910+00:00,ACC_00830,7.34,restaurant,0,0,0
TXN_7172DF1553B74311,2026-07-23 19:10:57.016910+00:00,ACC_00960,27.0,grocery,0,0,0
TXN_9031765A92F749F1,2026-07-23 19:33:51.016910+00:00,ACC_00960,31.19,online_services,0,1,0
TXN_DB69F728FF5941F7,2026-07-23 19:35:21.016910+00:00,ACC_00960,47.34,clothing,0,2,0
TXN_75675C5581F1469F,2026-07-23 19:56:53.016910+00:00,ACC_00960,82.15,restaurant,0,3,0
TXN_C0152F9700F54098,2026-07-23 20:05:01.016910+00:00,ACC_00960,17.53,other,0,4,0
TXN_86A5A0D4C46B4168,2026-07-23 20:49:15.016910+00:00,ACC_00960,351.47,hotel,0,2,0
TXN_A3D8BDAABB714347,2026-07-23 21:47:55.016910+00:00,ACC_00960,46.56,restaurant,0,1,0
TXN_3CAFB78F485248A0,2026-07-23 23:00:50.016910+00:00,ACC_00647,340.42,other,0,0,0
TXN_FE007F555F7B4567,2026-07-23 23:01:00.016910+00:00,ACC_00221,8.27,other,0,0,0
TXN_4F9EA980AAE44327,2026-07-23 23:01:13.016910+00:00,ACC_00192,4.3,online_services,0,0,0
TXN_D49B897538314C73,2026-07-23 23:35:39.016910+00:00,ACC_00314,625.1,other,0,0,0
TXN_AFEC7AFCBF134F5B,2026-07-24 00:03:04.016910+00:00,ACC_00530,9.92,grocery,0,0,0
TXN_60FEDD671550432B,2026-07-24 00:26:59.016910+00:00,ACC_00326,21.1,clothing,0,0,0
TXN_8287293B51384386,2026-07-24 02:03:01.016910+00:00,ACC_00016,18.9,gaming,0,0,0
TXN_7F01655904264691,2026-07-24 02:36:42.016910+00:00,ACC_00077,14.8,gaming,0,0,0
TXN_F0DAAF86DA09443E,2026-07-24 03:13:33.016910+00:00,ACC_00276,62.12,grocery,0,0,0
TXN_BF703715344D41EE,2026-07-24 03:22:41.016910+00:00,ACC_00169,33.31,gaming,0,0,0
TXN_079BAA186BF54300,2026-07-24 03:25:26.016910+00:00,ACC_00602,26.69,other,0,0,0
TXN_4E9EB6B720A14A9E,2026-07-24 03:44:43.016910+00:00,ACC_00459,677.25,travel,0,0,0
TXN_A73694CBFEFF4458,2026-07-24 05:08:03.016910+00:00,ACC_00926,14.55,electronics,0,0,0
TXN_5E9AD9A73B694DE0,2026-07-24 05:14:07.016910+00:00,ACC_00725,92.94,grocery,0,0,0
TXN_A5BF214F4ED74DAA,2026-07-24 06:19:28.016910+00:00,ACC_00491,48.42,other,0,0,0
TXN_A984356F88DE4812,2026-07-24 07:31:36.016910+00:00,ACC_00448,105.14,jewelry,0,0,0
TXN_594E514C97DB4748,2026-07-24 07:42:55.016910+00:00,ACC_00976,23.33,gaming,0,0,0
TXN_886486731208414F,2026-07-24 08:28:45.016910+00:00,ACC_00152,34.14,clothing,0,0,0
TXN_25E0F6BD553F4E48,2026-07-24 09:43:44.016910+00:00,ACC_00633,14.34,pharmacy,0,0,0
TXN_AB71C9489B2E4FF5,2026-07-24 09:59:02.016910+00:00,ACC_00506,279.85,travel,0,0,0
TXN_5B7895923C474D9A,2026-07-24 10:23:46.016910+00:00,ACC_00506,21.08,pharmacy,0,1,0
TXN_B6C2DC3B1DFB4EDC,2026-07-24 10:52:15.016910+00:00,ACC_00506,86.65,clothing,0,2,0
TXN_2213046E4B804E8D,2026-07-24 11:06:18.016910+00:00,ACC_00506,23.66,online_services,0,2,0
TXN_29984F29F0AD4F4E,2026-07-24 11:29:02.016910+00:00,ACC_00506,55.24,clothing,0,2,0
TXN_D488B5DCECF745AE,2026-07-24 14:20:27.016910+00:00,ACC_00397,42.94,grocery,0,0,0
TXN_590130D9AE0A4DA0,2026-07-24 14:56:45.016910+00:00,ACC_00604,104.23,hotel,0,0,0
TXN_D489D08634F44815,2026-07-24 15:15:49.016910+00:00,ACC_00863,127.36,grocery,0,0,0
TXN_C2BA830CFCA4427C,2026-07-24 15:19:14.016910+00:00,ACC_00974,101.51,restaurant,0,0,0
TXN_4C76EA27852D4FFC,2026-07-24 15:33:07.016910+00:00,ACC_00278,84.78,gaming,0,0,0
TXN_7D000371594C4BB8,2026-07-24 15:37:29.016910+00:00,ACC_00278,86.89,pharmacy,0,1,0
TXN_F8594C84FED8482B,2026-07-24 15:38:37.016910+00:00,ACC_00278,90.16,clothing,1,2,0
TXN_6F334594990141D3,2026-07-24 16:51:38.016910+00:00,ACC_00278,29.64,clothing,0,0,0
TXN_4FB4598BCA2A4483,2026-07-24 17:20:42.016910+00:00,ACC_00278,89.72,hotel,0,1,0
TXN_63D1E2BEF6A64F16,2026-07-24 17:36:11.016910+00:00,ACC_00506,8.31,other,1,0,0
TXN_A9E748ABE7F945E1,2026-07-24 19:01:25.016910+00:00,ACC_00038,14.53,grocery,0,0,0
TXN_37645458B35B409E,2026-07-24 19:13:42.016910+00:00,ACC_00427,28.49,electronics,0,0,0
TXN_22CDB0F680BB4668,2026-07-24 19:37:18.016910+00:00,ACC_00518,52.16,hotel,0,0,0
TXN_F9980A04593846A5,2026-07-24 19:52:23.016910+00:00,ACC_00951,33.08,restaurant,0,0,0
TXN_7D4F65B85AD146D1,2026-07-24 22:17:09.016910+00:00,ACC_00865,28.69,clothing,0,0,0
TXN_B941BD3B56A946B3,2026-07-24 22:20:27.016910+00:00,ACC_00716,70.56,pharmacy,0,0,0
TXN_06E246D41DA14D5F,2026-07-24 23:07:53.016910+00:00,ACC_00451,17.16,gaming,0,0,0
TXN_4163E1410AF5471D,2026-07-24 23:22:56.016910+00:00,ACC_00920,73.44,gaming,0,0,0
TXN_772F0EEF25964F64,2026-07-25 00:09:56.016910+00:00,ACC_00270,17.89,clothing,0,0,0
TXN_09E27EC7868E41E4,2026-07-25 00:38:51.016910+00:00,ACC_00286,168.06,other,0,0,0
TXN_91DD2E1C215F443E,2026-07-25 01:09:46.016910+00:00,ACC_00450,14.99,grocery,0,0,0
TXN_C9BEE81B888F4A65,2026-07-25 01:41:34.016910+00:00,ACC_00286,63.2,online_services,0,0,0
TXN_841177D1EB1F4124,2026-07-25 03:18:28.016910+00:00,ACC_00108,21.39,online_services,0,0,0
TXN_6095B14C515444E1,2026-07-25 03:48:20.016910+00:00,ACC_00915,479.35,hotel,0,0,0
TXN_FF3851B32EDD49EA,2026-07-25 03:59:04.016910+00:00,ACC_00404,182.66,gaming,0,0,0
TXN_92E344887A024C13,2026-07-25 04:41:57.016910+00:00,ACC_00404,53.47,fuel,0,1,0
TXN_181D502A49AA4F49,2026-07-25 05:04:56.016910+00:00,ACC_00404,149.84,hotel,0,1,0
TXN_B43F2B9F80C34F96,2026-07-25 05:58:15.016910+00:00,ACC_00404,54.4,restaurant,0,1,0
TXN_2680DF76114341DD,2026-07-25 06:51:06.016910+00:00,ACC_00404,72.2,online_services,0,1,0
TXN_6182DB1528744CF5,2026-07-25 07:06:24.016910+00:00,ACC_00002,249.28,electronics,0,0,0
TXN_5A7487F706A14CCB,2026-07-25 07:14:48.016910+00:00,ACC_00733,84.0,jewelry,1,0,0
TXN_C8D35D99AD2840F6,2026-07-25 07:15:26.016910+00:00,ACC_00733,104.26,electronics,0,1,0
TXN_D08EFB7B17CA4414,2026-07-25 07:22:35.016910+00:00,ACC_00733,71.26,travel,0,2,0
TXN_1AA602FDD7264B98,2026-07-25 07:50:34.016910+00:00,ACC_00733,179.45,gaming,1,3,0
TXN_E9D74764716C4BA5,2026-07-25 08:31:36.016910+00:00,ACC_00733,16.2,other,0,1,0
TXN_3F9B91A93798408C,2026-07-25 08:51:51.016910+00:00,ACC_00733,191.17,fuel,0,1,0
TXN_552ECC6ED12D484E,2026-07-25 09:28:58.016910+00:00,ACC_00733,37.11,fuel,0,2,0
TXN_4C543F75730048E1,2026-07-25 09:42:56.016910+00:00,ACC_00288,101.34,gaming,0,0,0
TXN_3B36934BE1B548F8,2026-07-25 09:49:46.016910+00:00,ACC_00409,22.14,fuel,0,0,0
TXN_B45F609D3764411B,2026-07-25 10:06:25.016910+00:00,ACC_00478,12.08,online_services,0,0,0
TXN_E96C0CDDF2534B80,2026-07-25 10:13:27.016910+00:00,ACC_00800,149.99,grocery,0,0,0
TXN_82C73B1DF73847F8,2026-07-25 10:35:32.016910+00:00,ACC_00185,208.35,travel,0,0,0
TXN_D63AD6041FB74D00,2026-07-25 10:37:53.016910+00:00,ACC_00599,8.73,restaurant,0,0,0
TXN_CCF27CCC9480478F,2026-07-25 10:51:30.016910+00:00,ACC_00520,116.81,travel,0,0,0
TXN_BDF63683029743B7,2026-07-25 11:10:27.016910+00:00,ACC_00871,34.82,gaming,0,0,0
TXN_AF05D4F9BCBC4EC2,2026-07-25 11:24:46.016910+00:00,ACC_00622,321.96,jewelry,0,0,0
TXN_D196074C307443AF,2026-07-25 11:25:40.016910+00:00,ACC_00452,12.55,pharmacy,0,0,0
TXN_697D800CE3AA476A,2026-07-25 11:25:42.016910+00:00,ACC_00868,10.28,pharmacy,0,0,0
TXN_1488F6DEEDB4447E,2026-07-25 11:53:44.016910+00:00,ACC_00660,47.25,gaming,0,0,0
TXN_7F5875FF1C944A7F,2026-07-25 12:09:24.016910+00:00,ACC_00348,21.98,other,0,0,0
TXN_91CD360134AC4D69,2026-07-25 12:26:25.016910+00:00,ACC_00222,133.23,pharmacy,0,0,0
TXN_AEB2836610E247FC,2026-07-25 12:27:15.016910+00:00,ACC_00222,228.69,electronics,0,1,0
TXN_1CC1EF43CA4B4D04,2026-07-25 13:10:52.016910+00:00,ACC_00222,443.56,jewelry,0,2,0
TXN_1773707F9D4F4103,2026-07-25 13:21:11.016910+00:00,ACC_00222,20.42,travel,0,3,0
TXN_641F8FC04C7B4A06,2026-07-25 13:40:19.016910+00:00,ACC_00222,16.39,restaurant,0,2,0
TXN_B89C4E7F3A37402F,2026-07-25 15:12:28.016910+00:00,ACC_00774,31.41,online_services,1,0,0
TXN_3B12F476DECC4E09,2026-07-25 15:24:49.016910+00:00,ACC_00419,13.4,fuel,0,0,0
TXN_6AABA14E41FA42AD,2026-07-25 15:52:21.016910+00:00,ACC_00419,72.47,gaming,0,1,0
TXN_BC095462FC2D4798,2026-07-25 16:08:03.016910+00:00,ACC_00419,157.95,electronics,0,2,0
TXN_AF894750FA644576,2026-07-25 17:09:48.016910+00:00,ACC_00419,212.62,electronics,0,0,0
TXN_A73DEED715214F16,2026-07-25 17:14:58.016910+00:00,ACC_00257,99.21,grocery,0,0,0
TXN_1939D68B49544765,2026-07-25 17:26:42.016910+00:00,ACC_00345,107.35,gaming,0,0,0
TXN_88AFAC2478E0438E,2026-07-25 18:15:01.016910+00:00,ACC_00345,629.33,clothing,0,1,0
TXN_D24B05726E5A42EE,2026-07-25 18:51:48.016910+00:00,ACC_00345,35.39,fuel,1,1,0
TXN_DD55F58F561148EC,2026-07-25 19:20:56.016910+00:00,ACC_00345,107.29,travel,0,1,0
TXN_D286869F5AB74030,2026-07-25 20:26:41.016910+00:00,ACC_00345,71.52,gaming,0,0,0
TXN_69EF56CD2CA44247,2026-07-25 21:12:06.016910+00:00,ACC_00188,170.7,other,0,0,0
TXN_48A8CD4B404540D0,2026-07-25 22:29:47.016910+00:00,ACC_00959,9.33,online_services,0,0,0
TXN_64714D9DB029442A,2026-07-25 22:31:23.016910+00:00,ACC_00107,61.76,travel,0,0,0
TXN_E73B1E69CE374B32,2026-07-25 22:34:55.016910+00:00,ACC_00967,21.02,grocery,0,0,0
TXN_158AFFACF23B41E8,2026-07-25 22:36:06.016910+00:00,ACC_00967,49.98,clothing,0,1,0
TXN_74B4720036554ACD,2026-07-25 23:18:55.016910+00:00,ACC_00967,65.91,electronics,0,2,0
TXN_E1EC6C64182A42E7,2026-07-25 23:30:05.016910+00:00,ACC_00967,144.15,other,0,3,0
TXN_7061A4D1806744D5,2026-07-26 00:26:35.016910+00:00,ACC_00967,56.96,clothing,0,1,0
TXN_0E7712B0570C4E94,2026-07-26 00:54:08.016910+00:00,ACC_00967,115.54,travel,0,1,0
TXN_544CCBB419094B0B,2026-07-26 01:19:08.016910+00:00,ACC_00149,55.78,grocery,0,0,0
TXN_0931E346F09943B6,2026-07-26 01:25:38.016910+00:00,ACC_00865,8.23,clothing,0,0,0
TXN_80BC7915D5B64E66,2026-07-26 01:38:57.016910+00:00,ACC_00729,60.73,online_services,0,0,0
TXN_CEFD8F12DC7D4959,2026-07-26 01:58:45.016910+00:00,ACC_00343,20.28,clothing,0,0,0
TXN_C8FA917A1D194870,2026-07-26 02:24:18.016910+00:00,ACC_00343,70.99,pharmacy,0,1,0
TXN_BB18F8AAC1084758,2026-07-26 02:25:01.016910+00:00,ACC_00343,6.23,pharmacy,0,2,0
TXN_3B88CD4F777B470E,2026-07-26 02:33:52.016910+00:00,ACC_00343,59.54,fuel,0,3,0
TXN_1B7E5439F48A4852,2026-07-26 02:51:44.016910+00:00,ACC_00343,57.67,travel,0,4,0
TXN_FA54F9DDF4D949CB,2026-07-26 03:12:58.016910+00:00,ACC_00343,122.18,fuel,0,4,0
TXN_6B2D27CD554F4430,2026-07-26 03:16:54.016910+00:00,ACC_00426,7.47,pharmacy,0,0,0
TXN_88075796252845B1,2026-07-26 04:29:21.016910+00:00,ACC_00708,53.63,other,0,0,0
TXN_A21DD2E8AE634985,2026-07-26 04:49:07.016910+00:00,ACC_00351,202.58,electronics,0,0,0
TXN_86B22BB7D1204628,2026-07-26 05:03:00.016910+00:00,ACC_00351,57.34,online_services,0,1,0
TXN_E032997B161648A3,2026-07-26 05:19:43.016910+00:00,ACC_00351,49.86,fuel,0,2,0
TXN_F91E07245C1B4514,2026-07-26 06:01:06.016910+00:00,ACC_00351,8.05,restaurant,0,2,0
TXN_B92AFE8DC40D4A49,2026-07-26 06:05:12.016910+00:00,ACC_00351,10.67,grocery,0,2,0
TXN_8D84969AD84C4FB8,2026-07-26 06:09:05.016910+00:00,ACC_00351,48.01,fuel,0,3,0
TXN_DA6E6E0DFA6B4ECA,2026-07-26 06:23:06.016910+00:00,ACC_00351,35.36,pharmacy,0,3,0
TXN_7E25CB377ABF49B9,2026-07-26 06:43:40.016910+00:00,ACC_00351,39.83,electronics,0,4,0
TXN_D9D103158F5B4296,2026-07-26 06:50:42.016910+00:00,ACC_00571,15.18,online_services,0,0,0
TXN_95A42F55376D401E,2026-07-26 07:57:47.016910+00:00,ACC_00305,37.51,online_services,0,0,0
TXN_EDCD798F4582403F,2026-07-26 09:15:38.016910+00:00,ACC_00198,21.65,pharmacy,0,0,0
TXN_546E09E1907E48B8,2026-07-26 09:35:07.016910+00:00,ACC_00801,652.1,hotel,0,0,0
TXN_5A9E1DE1EE4E4AE0,2026-07-26 09:49:23.016910+00:00,ACC_00351,167.71,clothing,0,0,0
TXN_E8ABD15011854AAC,2026-07-26 09:52:23.016910+00:00,ACC_00184,284.62,travel,0,0,0
TXN_A3631EE89F654192,2026-07-26 10:31:25.016910+00:00,ACC_00798,128.0,pharmacy,0,0,0
TXN_AD39A62E81A348A2,2026-07-26 11:20:14.016910+00:00,ACC_00253,56.26,hotel,0,0,0
TXN_BEC2A15303B847A3,2026-07-26 11:47:36.016910+00:00,ACC_00306,63.99,electronics,0,0,0
TXN_3EDC43B862614C3E,2026-07-26 12:26:24.016910+00:00,ACC_00449,394.7,travel,0,0,0
TXN_EE6D85ADFBE94796,2026-07-26 12:44:37.016910+00:00,ACC_00449,53.47,other,0,1,0
TXN_4521626876CA4456,2026-07-26 12:54:57.016910+00:00,ACC_00449,56.63,other,1,2,0
TXN_7B5EF8D89EC844B8,2026-07-26 13:40:22.016910+00:00,ACC_00449,14.34,online_services,0,2,0
TXN_7A15FC0EFB2F43A2,2026-07-26 13:56:59.016910+00:00,ACC_00449,120.1,online_services,0,1,0
TXN_3D2853F9370B4D1E,2026-07-26 14:24:21.016910+00:00,ACC_00449,178.42,hotel,0,2,0
TXN_AEF1D49B7DBF4B5F,2026-07-26 14:54:30.016910+00:00,ACC_00462,39.98,other,0,0,0
TXN_9955D315AC814AE0,2026-07-26 14:55:00.016910+00:00,ACC_00462,80.53,travel,0,1,0
TXN_409C6531A2144D7B,2026-07-26 15:01:04.016910+00:00,ACC_00462,177.95,other,0,2,0
TXN_2A9613CB62414D08,2026-07-26 15:02:12.016910+00:00,ACC_00462,56.87,hotel,0,3,0
TXN_CE91B09F853A47AF,2026-07-26 15:19:28.016910+00:00,ACC_00462,34.12,travel,0,4,1
TXN_418B2C83B4CD4F3C,2026-07-26 15:31:55.016910+00:00,ACC_00462,473.43,travel,0,5,0
TXN_E24982A37619467C,2026-07-26 15:32:23.016910+00:00,ACC_00716,15000.0,travel,1,5,0
TXN_40747DFE06054853,2026-07-26 15:37:55.016910+00:00,ACC_00463,70.84,travel,0,0,0
TXN_8D232CFA08384511,2026-07-26 15:40:12.016910+00:00,ACC_00450,204.9,restaurant,0,0,0
TXN_0115DDD6CA3F4246,2026-07-26 15:50:10.016910+00:00,ACC_00492,191.88,jewelry,0,0,0
TXN_A96E56D98D734500,2026-07-26 16:18:16.016910+00:00,ACC_00905,14.31,restaurant,0,0,0
TXN_97E05D6ACCB9469E,2026-07-26 16:24:42.016910+00:00,ACC_00866,86.33,other,0,0,0
TXN_96EA037786974564,2026-07-26 16:31:12.016910+00:00,ACC_00866,9.46,pharmacy,0,1,0
TXN_A7376493523947B0,2026-07-26 16:54:19.016910+00:00,ACC_00866,10.93,restaurant,0,2,0
TXN_331A3884287345BB,2026-07-26 17:04:42.016910+00:00,ACC_00866,34.5,restaurant,0,3,0
TXN_2370B283A5C9463B,2026-07-26 18:06:51.016910+00:00,ACC_00866,40.5,fuel,0,0,0
TXN_72FD6685EEBC45A4,2026-07-26 18:08:15.016910+00:00,ACC_00866,75.67,pharmacy,0,1,0
TXN_94046B3B5B494259,2026-07-26 18:24:53.016910+00:00,ACC_00866,35.5,electronics,0,2,0
TXN_61413E6F8B7A43B6,2026-07-26 18:30:52.016910+00:00,ACC_00866,822.07,travel,0,3,0
TXN_E492E81FBF054372,2026-07-26 18:32:13.016910+00:00,ACC_00129,7.89,fuel,0,0,0
TXN_16EFF9F9FD3048BA,2026-07-26 19:04:42.016910+00:00,ACC_00451,17.73,restaurant,0,0,0
TXN_0EAE93885BE245F3,2026-07-26 19:12:04.016910+00:00,ACC_00451,223.6,jewelry,0,1,0
TXN_8AE974F2A5FC4B5E,2026-07-26 20:18:10.016910+00:00,ACC_00451,68.06,hotel,0,0,0
TXN_3C85A140F6D8406F,2026-07-26 21:27:59.016910+00:00,ACC_00451,31.31,hotel,0,0,0
TXN_9028C7A43A3E4FF4,2026-07-26 21:43:56.016910+00:00,ACC_00451,35.28,grocery,0,1,0
TXN_65DA1B107C664974,2026-07-26 21:46:49.016910+00:00,ACC_00451,89.91,clothing,0,2,0
TXN_4E4F2475DEAE4A9B,2026-07-26 22:01:12.016910+00:00,ACC_00451,87.4,electronics,0,3,0
TXN_5CFCF647041047FE,2026-07-26 22:55:25.016910+00:00,ACC_00775,47.97,hotel,0,0,0
TXN_0D966D6032F74251,2026-07-26 23:04:14.016910+00:00,ACC_00775,261.22,electronics,0,1,0
TXN_569E8C1EB5E74A3E,2026-07-27 00:43:09.016910+00:00,ACC_00775,271.88,hotel,0,0,0
TXN_8546B9D1D1C14886,2026-07-27 01:11:27.016910+00:00,ACC_00775,29.15,grocery,1,1,0
TXN_99871BE7B8D04889,2026-07-27 01:12:27.016910+00:00,ACC_00438,58.6,gaming,0,0,0
TXN_D68A659100644079,2026-07-27 01:22:15.016910+00:00,ACC_00813,323.99,travel,0,0,0
TXN_55A5E2EA37964538,2026-07-27 02:42:46.016910+00:00,ACC_00912,197.51,hotel,1,0,0
TXN_5CCBBC58E39B49BE,2026-07-27 03:15:12.016910+00:00,ACC_00251,71.25,other,0,0,0
TXN_17F55581756B4413,2026-07-27 04:00:16.016910+00:00,ACC_00091,189.38,hotel,0,0,0
TXN_EDAF99182AC44903,2026-07-27 04:09:45.016910+00:00,ACC_00091,62.63,gaming,0,1,0
TXN_58866AF3AFB84F9A,2026-07-27 04:19:29.016910+00:00,ACC_00091,106.27,hotel,0,2,0
TXN_A58BA389F9564A74,2026-07-27 04:23:51.016910+00:00,ACC_00091,13.96,online_services,0,3,0
TXN_D8D078EE179E459C,2026-07-27 04:33:41.016910+00:00,ACC_00091,14.77,grocery,0,4,0
TXN_419CA167D3224BF4,2026-07-27 04:36:05.016910+00:00,ACC_00379,163.32,electronics,0,0,0
TXN_EC855B11CA704703,2026-07-27 05:13:16.016910+00:00,ACC_00222,67.46,hotel,0,0,0
TXN_309AADFB35D54216,2026-07-27 05:16:21.016910+00:00,ACC_00406,63.03,gaming,0,0,0
TXN_F339EAE75C3A4383,2026-07-27 05:22:59.016910+00:00,ACC_00236,11.96,fuel,0,0,0
TXN_54F7585DDC034CF5,2026-07-27 06:49:26.016910+00:00,ACC_00686,64.83,travel,0,0,0
TXN_D304505D3938404A,2026-07-27 07:35:25.016910+00:00,ACC_00678,39.33,clothing,0,0,0
TXN_E072A66B93B34834,2026-07-27 08:04:35.016910+00:00,ACC_00780,14.04,electronics,0,0,0
TXN_C28D4E7DCC5C4B63,2026-07-27 08:11:50.016910+00:00,ACC_00024,18.51,gaming,0,0,0
TXN_F0ABBED0F303407C,2026-07-27 08:46:31.016910+00:00,ACC_00775,57.87,electronics,0,0,0
TXN_8F3D936CC7E847F2,2026-07-27 08:51:42.016910+00:00,ACC_00775,37.15,pharmacy,0,1,0
TXN_69CE2AF8640F447A,2026-07-27 09:44:05.016910+00:00,ACC_00775,165.27,jewelry,0,2,0
TXN_9A51ED9C05EF4123,2026-07-27 10:32:43.016910+00:00,ACC_00775,58.6,clothing,0,1,0
TXN_3F660D7F73344F2F,2026-07-27 11:35:26.016910+00:00,ACC_00775,109.85,electronics,0,0,0
TXN_2807965D7F034A14,2026-07-27 11:52:31.016910+00:00,ACC_00775,31.85,gaming,0,1,0
TXN_7AFE14C3F06449C5,2026-07-27 12:09:51.016910+00:00,ACC_00775,23.28,gaming,0,2,0
TXN_B660BD7D59E04B1C,2026-07-27 12:50:36.016910+00:00,ACC_00775,39.68,grocery,0,2,0
TXN_F8C99AE55B47433C,2026-07-27 13:46:11.016910+00:00,ACC_00377,427.55,travel,0,0,0
TXN_C51571DBF320420B,2026-07-27 13:51:37.016910+00:00,ACC_00771,115.82,jewelry,0,0,0
TXN_61935674EC324140,2026-07-27 15:28:48.016910+00:00,ACC_00771,7527.09,grocery,0,0,1
TXN_5139F37F6C9941FB,2026-07-27 15:42:53.016910+00:00,ACC_00771,40.39,fuel,0,1,0
TXN_847CB8F9340C4522,2026-07-27 15:53:41.016910+00:00,ACC_00771,107.61,clothing,0,2,0
TXN_F9602D28EE1D4B2A,2026-07-27 15:59:55.016910+00:00,ACC_00771,66.65,clothing,0,3,0
TXN_41BBAE7F26914FCF,2026-07-27 16:33:48.016910+00:00,ACC_00771,76.61,clothing,0,3,0
TXN_3100C275B0BC4C3C,2026-07-27 17:12:49.016910+00:00,ACC_00771,45.97,hotel,0,1,0
TXN_7E117BB7320B4264,2026-07-27 17:26:18.016910+00:00,ACC_00672,66.94,electronics,0,0,0
TXN_D08B2C7E0F844A11,2026-07-27 18:12:02.016910+00:00,ACC_00754,9.16,gaming,0,0,0
TXN_D6A72DF92FC648B4,2026-07-27 18:13:29.016910+00:00,ACC_00819,34.24,gaming,0,0,0
TXN_DCAAD5F9B29C4BCA,2026-07-27 18:18:02.016910+00:00,ACC_00502,186.5,hotel,0,0,0
TXN_0C8CF0F9AB694DB6,2026-07-27 18:22:22.016910+00:00,ACC_00862,34.47,gaming,0,0,0
TXN_C34C72874AB64CC5,2026-07-27 18:48:59.016910+00:00,ACC_00026,88.58,grocery,0,0,0
TXN_CA74034B120646BF,2026-07-27 19:22:47.016910+00:00,ACC_00533,72.85,hotel,0,0,0
TXN_3504139FA9E441A5,2026-07-27 19:33:24.016910+00:00,ACC_00533,27.42,other,0,1,0
TXN_C9EA2CE45C6B4899,2026-07-27 19:43:20.016910+00:00,ACC_00533,25.79,gaming,0,2,0
TXN_D165DB8BE30C4F03,2026-07-27 20:43:10.016910+00:00,ACC_00533,61.53,pharmacy,0,1,0
TXN_1FACB8F78B914B63,2026-07-27 21:02:16.016910+00:00,ACC_00061,167.35,fuel,0,0,0
TXN_B5165B76F35B45A7,2026-07-27 21:18:40.016910+00:00,ACC_00061,317.53,clothing,0,1,0
TXN_096C3666A72349D1,2026-07-27 21:33:54.016910+00:00,ACC_00061,184.28,hotel,0,2,0
TXN_6A7AF84FD635463B,2026-07-27 22:17:45.016910+00:00,ACC_00061,84.38,fuel,0,2,0
TXN_FF15B587CD164ADF,2026-07-27 23:08:12.016910+00:00,ACC_00061,54.42,jewelry,0,1,0
TXN_8410E2C6120F493A,2026-07-27 23:31:02.016910+00:00,ACC_00061,16.79,other,0,1,0
TXN_88EBE925F02D4929,2026-07-28 00:05:27.016910+00:00,ACC_00061,59.58,travel,0,2,0
TXN_70569A34783F4C8C,2026-07-28 00:23:58.016910+00:00,ACC_00061,456.43,travel,0,2,0
TXN_91987DCB1F0D45E1,2026-07-28 00:33:35.016910+00:00,ACC_00100,143.77,gaming,0,0,0
TXN_0E3A17FCCC184981,2026-07-28 00:37:15.016910+00:00,ACC_00864,275.61,pharmacy,0,0,0
TXN_C7299E3DE4C54F84,2026-07-28 00:50:34.016910+00:00,ACC_00801,11.69,restaurant,0,0,0
TXN_55250F2CE04F4B98,2026-07-28 01:23:56.016910+00:00,ACC_00581,42.82,clothing,0,0,0
TXN_61583E8793114AFB,2026-07-28 03:14:05.016910+00:00,ACC_00581,7.98,fuel,0,0,0
TXN_B86A08B4779E4C05,2026-07-28 04:11:27.016910+00:00,ACC_00581,10.32,grocery,0,1,0
TXN_73364B7EE16A457A,2026-07-28 04:36:47.016910+00:00,ACC_00581,19.83,restaurant,0,1,0
TXN_7077FF1EE7F94250,2026-07-28 04:41:30.016910+00:00,ACC_00517,16.98,fuel,0,0,0
TXN_DEE9BEC190DC4C6F,2026-07-28 04:48:32.016910+00:00,ACC_00194,49.02,electronics,1,0,0
TXN_CDAB31F2608D452D,2026-07-28 05:19:29.016910+00:00,ACC_00544,60.22,electronics,0,0,0
TXN_28278AA92ABE4F54,2026-07-28 05:19:52.016910+00:00,ACC_00650,826.05,jewelry,0,0,0
TXN_7AA4D4E84B734824,2026-07-28 05:22:00.016910+00:00,ACC_00558,102.08,grocery,0,0,0
TXN_62142C41CD2B42C1,2026-07-28 05:27:53.016910+00:00,ACC_00558,41.79,electronics,0,1,0
TXN_3D1FBC42B67E4020,2026-07-28 05:49:12.016910+00:00,ACC_00558,99.09,fuel,0,2,0
TXN_58F9D496C8534DE6,2026-07-28 05:57:46.016910+00:00,ACC_00558,23.36,clothing,0,3,0
TXN_5533238A642C4B1E,2026-07-28 06:55:56.016910+00:00,ACC_00558,53.84,jewelry,0,1,0
TXN_FF7506CFF1BA4545,2026-07-28 06:57:56.016910+00:00,ACC_00558,29.19,other,0,1,0
TXN_EEBD842D6F2E4242,2026-07-28 07:21:57.016910+00:00,ACC_00558,169.29,travel,0,2,0
TXN_2F26D5ADBEE7440C,2026-07-28 07:28:00.016910+00:00,ACC_00104,22.91,other,0,0,0
TXN_A535916668ED48D7,2026-07-28 07:43:20.016910+00:00,ACC_00039,361.89,jewelry,0,0,0
TXN_34BA9DE467E84F3F,2026-07-28 08:06:25.016910+00:00,ACC_00742,31.0,other,0,0,0
TXN_AEB4E45E7FC9430E,2026-07-28 08:25:41.016910+00:00,ACC_00948,181.26,travel,0,0,0
TXN_86BCD2CEFFE149B5,2026-07-28 09:17:37.016910+00:00,ACC_00948,18.62,clothing,0,1,0
TXN_3E4B75936B8F4EEF,2026-07-28 09:18:51.016910+00:00,ACC_00948,103.96,hotel,0,2,0
TXN_6EE79E1EB3D846D1,2026-07-28 09:28:40.016910+00:00,ACC_00948,47.02,electronics,0,2,0
TXN_2C7C17A884AD4E02,2026-07-28 10:55:58.016910+00:00,ACC_00948,40.72,other,0,0,0
TXN_F886760D45C3484F,2026-07-28 11:21:37.016910+00:00,ACC_00948,222.99,grocery,0,1,0
TXN_0D1512F54E804A33,2026-07-28 11:53:33.016910+00:00,ACC_00948,69.4,electronics,0,2,0
TXN_8E624EBA736E4230,2026-07-28 12:17:45.016910+00:00,ACC_00948,8.24,restaurant,0,2,0
TXN_8D1E234BE9094189,2026-07-28 12:47:38.016910+00:00,ACC_00993,137.69,travel,0,0,0
TXN_7C5A4176B336421F,2026-07-28 13:25:17.016910+00:00,ACC_00352,111.91,electronics,0,0,0
TXN_62E6B2C6B388494E,2026-07-28 13:39:51.016910+00:00,ACC_00127,38.94,fuel,0,0,0
TXN_08EB686C0F8243C7,2026-07-28 13:41:25.016910+00:00,ACC_00939,51.23,pharmacy,0,0,0
TXN_858142A93B414B21,2026-07-28 14:14:33.016910+00:00,ACC_00213,33.28,other,0,0,0
TXN_DF9ABBFFC4274D39,2026-07-28 14:54:44.016910+00:00,ACC_00252,200.21,jewelry,0,0,0
TXN_15B70E3459494AEF,2026-07-28 14:54:44.016910+00:00,ACC_00391,187.84,hotel,0,0,0
TXN_7799BBEC6FA8453A,2026-07-28 14:57:03.016910+00:00,ACC_00398,7.87,restaurant,0,0,0
TXN_5E8F7D6E12FB4DE4,2026-07-28 15:19:26.016910+00:00,ACC_00174,430.87,jewelry,0,0,0
TXN_039A498DC24645C0,2026-07-28 15:54:20.016910+00:00,ACC_00659,240.46,jewelry,0,0,0
TXN_AFC5A7B5628D459C,2026-07-28 15:59:52.016910+00:00,ACC_00659,53.47,pharmacy,0,1,0
TXN_B15AB8F3423542E8,2026-07-28 16:01:33.016910+00:00,ACC_00659,13.81,gaming,0,2,0
TXN_CB40CCB3989944A3,2026-07-28 16:26:47.016910+00:00,ACC_00659,228.67,electronics,0,3,0
TXN_5D3F137CB1A54353,2026-07-28 16:37:35.016910+00:00,ACC_00659,301.62,fuel,0,4,1
TXN_790C40CAB8284C4C,2026-07-28 16:51:42.016910+00:00,ACC_00088,12.99,online_services,0,0,0
TXN_77A0CEE3B3BC4F09,2026-07-28 17:28:04.016910+00:00,ACC_00088,92.12,grocery,0,1,0
TXN_8D856772D0384E95,2026-07-28 18:11:12.016910+00:00,ACC_00088,120.71,hotel,0,1,0
TXN_B85A147294C74A64,2026-07-28 18:17:28.016910+00:00,ACC_00088,50.54,other,0,2,0
TXN_30CA90F20466427F,2026-07-28 19:23:03.016910+00:00,ACC_00088,231.38,hotel,0,0,0
TXN_0DEF02753F4C4C34,2026-07-28 19:53:55.016910+00:00,ACC_00088,206.66,hotel,0,1,0
TXN_93D79ACB5ED24999,2026-07-28 20:06:29.016910+00:00,ACC_00088,337.95,hotel,0,2,0
TXN_2FC26EF457604490,2026-07-28 20:19:08.016910+00:00,ACC_00088,71.24,jewelry,0,3,0
TXN_F7EAB4F9225C464E,2026-07-28 20:19:38.016910+00:00,ACC_00949,352.4,electronics,0,0,0
TXN_C0668FC8F29F4E10,2026-07-28 20:48:09.016910+00:00,ACC_00913,35.9,restaurant,0,0,0
TXN_8C0E71FB7F5C46ED,2026-07-28 21:00:03.016910+00:00,ACC_00322,6.99,pharmacy,0,0,0
TXN_2F397591330440E0,2026-07-28 21:24:42.016910+00:00,ACC_00320,27.99,online_services,0,0,0
TXN_09D094CA10AE4023,2026-07-28 21:30:40.016910+00:00,ACC_00110,43.16,fuel,0,0,0
TXN_9531BB00AE8F4C31,2026-07-28 22:05:37.016910+00:00,ACC_00062,85.79,travel,0,0,0
TXN_7594FCB848514564,2026-07-28 22:18:32.016910+00:00,ACC_00116,112.61,travel,0,0,0
TXN_E28DA447224A4227,2026-07-28 23:57:00.016910+00:00,ACC_00289,18.17,pharmacy,0,0,0
TXN_A2271FF3A1ED4DC8,2026-07-29 00:10:20.016910+00:00,ACC_00988,580.32,hotel,0,0,0
TXN_0943C3601F844DD0,2026-07-29 00:45:25.016910+00:00,ACC_00913,629.45,online_services,0,0,0
TXN_85CA84E7244247C8,2026-07-29 01:08:46.016910+00:00,ACC_00759,76.36,online_services,0,0,0
TXN_6C90C76EBAE647D8,2026-07-29 01:10:20.016910+00:00,ACC_00598,219.27,jewelry,0,0,0
TXN_207255ED1FE34363,2026-07-29 01:13:49.016910+00:00,ACC_00688,12.18,pharmacy,0,0,0
TXN_11841AA590B0402D,2026-07-29 01:30:56.016910+00:00,ACC_00016,169.47,other,0,0,0
TXN_1F8B1E11BDF044AF,2026-07-29 01:56:04.016910+00:00,ACC_00463,66.9,online_services,0,0,0
TXN_034790AF6C0D40E3,2026-07-29 02:15:56.016910+00:00,ACC_00519,17.66,online_services,0,0,0
TXN_E557FA303A3B44AE,2026-07-29 02:27:04.016910+00:00,ACC_00519,17.77,online_services,0,1,0
TXN_404DB26B39CA43D9,2026-07-29 03:10:57.016910+00:00,ACC_00519,27.63,pharmacy,0,2,0
TXN_E98DE36BECD147D0,2026-07-29 05:03:54.016910+00:00,ACC_00519,44.27,online_services,0,0,0
TXN_E382A0D1D71D4DAF,2026-07-29 05:24:12.016910+00:00,ACC_00146,93.21,other,0,0,0
TXN_828C4A6DACB64E0E,2026-07-29 05:38:37.016910+00:00,ACC_00665,97.79,electronics,0,0,0
TXN_7D7BC848C4684EB8,2026-07-29 06:11:22.016910+00:00,ACC_00238,70.94,fuel,0,0,0
TXN_6DC31A3417ED4DFE,2026-07-29 06:13:30.016910+00:00,ACC_00416,27.48,gaming,0,0,0
TXN_02ACD50B9ECB4865,2026-07-29 06:45:25.016910+00:00,ACC_00934,39.21,gaming,0,0,0
TXN_60F4DF7FF84B4BA4,2026-07-29 07:16:27.016910+00:00,ACC_00540,141.13,gaming,0,0,0
TXN_E40D1137281F4CCA,2026-07-29 07:24:16.016910+00:00,ACC_00379,84.84,online_services,0,0,0
TXN_BA7353B4C344445F,2026-07-29 07:31:30.016910+00:00,ACC_00507,207.01,jewelry,0,0,0
TXN_E36A8B54E82D4F81,2026-07-29 07:38:17.016910+00:00,ACC_00507,6.32,clothing,0,1,0
TXN_0FD46A1799794F72,2026-07-29 08:01:21.016910+00:00,ACC_00507,138.76,hotel,0,2,0
TXN_57B1451A8E394729,2026-07-29 08:57:31.016910+00:00,ACC_00507,49.21,other,0,1,0
TXN_B4EFFBCB8CFD4866,2026-07-29 09:31:49.016910+00:00,ACC_00507,7.43,restaurant,0,1,0
TXN_70E293BCFDAD474E,2026-07-29 09:37:07.016910+00:00,ACC_00507,10.47,hotel,0,2,0
TXN_101914F21CA0497E,2026-07-29 09:46:57.016910+00:00,ACC_00662,150.82,pharmacy,0,0,0
TXN_5082101BF47D4BF6,2026-07-29 09:47:19.016910+00:00,ACC_00510,13.99,pharmacy,0,0,0
TXN_D692182DAE82454D,2026-07-29 09:47:47.016910+00:00,ACC_00500,146.85,jewelry,0,0,0
TXN_A02C82137F4D45AB,2026-07-29 09:59:49.016910+00:00,ACC_00237,555.3,clothing,0,0,0
TXN_402CE41950254310,2026-07-29 10:14:29.016910+00:00,ACC_00317,13.76,fuel,0,0,0
TXN_A261956A7C5845D0,2026-07-29 10:58:48.016910+00:00,ACC_00552,32.66,fuel,0,0,0
TXN_C6EC37290566450F,2026-07-29 11:00:52.016910+00:00,ACC_00452,473.75,travel,0,0,0
TXN_8E3AD6CB304C46C5,2026-07-29 11:07:44.016910+00:00,ACC_00449,320.47,other,0,0,0
TXN_BFF9BFAD02D34908,2026-07-29 12:01:19.016910+00:00,ACC_00241,74.22,clothing,0,0,0
TXN_E3667B4E94894FB7,2026-07-29 12:38:07.016910+00:00,ACC_00850,684.73,jewelry,0,0,0
TXN_ED4641D9E71E491C,2026-07-29 12:42:32.016910+00:00,ACC_00292,38.23,clothing,0,0,0
TXN_A85EFA02D15C4BC6,2026-07-29 13:24:44.016910+00:00,ACC_00649,3.13,pharmacy,0,0,0
TXN_7FEF899D0B0C4B90,2026-07-29 14:09:05.016910+00:00,ACC_00742,155.09,other,0,0,0
TXN_99DAD0557FA94D12,2026-07-29 14:21:58.016910+00:00,ACC_00853,30.4,pharmacy,0,0,0
TXN_DF518568C8004EF1,2026-07-29 14:37:23.016910+00:00,ACC_00021,19.09,restaurant,0,0,0
TXN_FB974BB966D442CF,2026-07-29 14:49:25.016910+00:00,ACC_00021,70.51,electronics,0,1,0
TXN_01E4AA3EAF184AF8,2026-07-29 14:51:29.016910+00:00,ACC_00021,198.69,electronics,0,2,0
TXN_A99BF3B3638A4F50,2026-07-29 15:10:03.016910+00:00,ACC_00021,98.18,other,0,3,0
TXN_375D764DA8F24284,2026-07-29 16:34:52.016910+00:00,ACC_00021,31.23,pharmacy,0,0,0
TXN_1F19D8C39A5B4663,2026-07-29 16:45:44.016910+00:00,ACC_00108,196.57,travel,0,0,0
TXN_B1A2570E3F8F457A,2026-07-29 18:32:13.016910+00:00,ACC_00946,48.33,travel,0,0,0
TXN_109D2663D7ED4306,2026-07-29 19:19:41.016910+00:00,ACC_00222,86.1,electronics,0,0,0
TXN_F09E2015FA514A2F,2026-07-29 20:00:37.016910+00:00,ACC_00190,50.18,travel,0,0,0
TXN_FFB8D8D1FED447D9,2026-07-29 20:06:44.016910+00:00,ACC_00416,13.66,fuel,0,0,0
TXN_EBF59A41F8A24D82,2026-07-29 20:13:31.016910+00:00,ACC_00416,42.93,pharmacy,0,1,0
TXN_7B4E8004F92A4A6E,2026-07-29 20:28:32.016910+00:00,ACC_00416,38.28,grocery,0,2,0
TXN_3877BD0897944EFE,2026-07-29 21:10:57.016910+00:00,ACC_00416,68.82,electronics,0,2,0
TXN_86900E4548A143A2,2026-07-29 22:44:30.016910+00:00,ACC_00416,82.29,electronics,0,0,0
TXN_0A94350198E84926,2026-07-29 23:35:03.016910+00:00,ACC_00738,62.02,gaming,0,0,0
TXN_AF95A972D6F2485F,2026-07-29 23:54:29.016910+00:00,ACC_00002,202.86,hotel,0,0,0
TXN_861D42124B914C3C,2026-07-30 00:27:31.016910+00:00,ACC_00644,343.51,jewelry,0,0,0
TXN_7476F0E3239742F5,2026-07-30 00:30:29.016910+00:00,ACC_00644,17.93,clothing,0,1,0
TXN_972B0EAA51B9491A,2026-07-30 00:31:41.016910+00:00,ACC_00644,5.62,restaurant,0,2,0
TXN_06A4EF61E98E401E,2026-07-30 01:08:25.016910+00:00,ACC_00644,4.03,pharmacy,0,3,0
TXN_BBDF13B0B18441B0,2026-07-30 02:30:06.016910+00:00,ACC_00644,17.65,fuel,0,0,0
TXN_3BD39E7A47194EF7,2026-07-30 03:32:15.016910+00:00,ACC_00644,4.75,fuel,0,0,0
TXN_C3BCCCAB0B184419,2026-07-30 03:53:31.016910+00:00,ACC_00372,437.82,hotel,0,0,0
TXN_CC0FE91E7D4C4F8D,2026-07-30 04:01:26.016910+00:00,ACC_00372,79.84,electronics,0,1,0
TXN_840FE627F60B4A8C,2026-07-30 04:33:05.016910+00:00,ACC_00372,10.96,fuel,0,2,0
TXN_12129C78C50847FC,2026-07-30 05:00:32.016910+00:00,ACC_00372,35.56,clothing,0,2,0
TXN_3E920FFADBF2460E,2026-07-30 05:03:34.016910+00:00,ACC_00372,6.53,grocery,0,2,0
TXN_A7B43C3E65D74FEE,2026-07-30 05:15:55.016910+00:00,ACC_00372,11.17,grocery,0,3,0
TXN_57C3BA656BC94F89,2026-07-30 05:31:27.016910+00:00,ACC_00372,147.67,jewelry,0,4,0
TXN_E904A64CD20B4199,2026-07-30 05:55:05.016910+00:00,ACC_00892,127.04,jewelry,0,0,0
TXN_2E85A4281E834589,2026-07-30 06:10:22.016910+00:00,ACC_00301,36.65,other,0,0,0
TXN_8F02D9BD1DFF4C0F,2026-07-30 06:10:28.016910+00:00,ACC_00908,63.98,online_services,0,0,0
TXN_32A5D9F493B3451F,2026-07-30 06:51:21.016910+00:00,ACC_00928,516.39,jewelry,0,0,0
TXN_1C89C063B7A041EF,2026-07-30 07:35:21.016910+00:00,ACC_00034,116.04,electronics,0,0,0
TXN_72FE33179F3B4268,2026-07-30 07:36:18.016910+00:00,ACC_00543,272.94,electronics,0,0,0
TXN_4FA37DC83DBD4880,2026-07-30 07:47:08.016910+00:00,ACC_00277,129.61,jewelry,0,0,0
TXN_13C9DF916BD545C4,2026-07-30 07:48:44.016910+00:00,ACC_00192,628.5,jewelry,0,0,0
TXN_0DEE9A63FFA04D13,2026-07-30 08:00:25.016910+00:00,ACC_00036,29.45,restaurant,0,0,0
TXN_690E81CFF88F4755,2026-07-30 09:06:16.016910+00:00,ACC_00406,235.55,hotel,0,0,0
TXN_978D2E33420845F2,2026-07-30 10:35:51.016910+00:00,ACC_00254,26.39,gaming,0,0,0
TXN_5928B99425C04630,2026-07-30 11:03:34.016910+00:00,ACC_00906,39.49,fuel,0,0,0
TXN_8716A3FA3DED4CFA,2026-07-30 11:10:54.016910+00:00,ACC_00777,225.05,pharmacy,0,0,0
TXN_0619834A106A4A2F,2026-07-30 11:14:08.016910+00:00,ACC_00777,39.21,fuel,0,1,0
TXN_0EA45641BD3241E3,2026-07-30 11:48:37.016910+00:00,ACC_00777,319.79,travel,0,2,0
TXN_C974511BCAC346B0,2026-07-30 12:08:55.016910+00:00,ACC_00777,363.29,travel,0,3,0
TXN_0B84DAAE903C4BBC,2026-07-30 13:04:50.016910+00:00,ACC_00777,74.1,gaming,0,1,0
TXN_DE8CD61ECCC248EF,2026-07-30 13:13:11.016910+00:00,ACC_00777,220.19,hotel,0,1,0
TXN_93C740AC44274C91,2026-07-30 13:19:19.016910+00:00,ACC_00777,66.15,electronics,0,2,0
TXN_DA8C3B5E422A4058,2026-07-30 14:54:26.016910+00:00,ACC_00772,14.71,pharmacy,0,0,0
TXN_7E383F82DCA44BA9,2026-07-30 15:10:08.016910+00:00,ACC_00407,40.62,hotel,0,0,0
TXN_A20822A6DBC14AB1,2026-07-30 15:32:20.016910+00:00,ACC_00407,53.44,fuel,0,1,0
TXN_C7A67EFC789F42D2,2026-07-30 15:40:34.016910+00:00,ACC_00407,109.03,electronics,0,2,0
TXN_C7A9D123353F4A1D,2026-07-30 15:47:35.016910+00:00,ACC_00407,35.66,restaurant,0,3,0
TXN_B8425636C26D4989,2026-07-30 15:55:04.016910+00:00,ACC_00407,35.23,electronics,0,4,0
TXN_2E040D7E8C594084,2026-07-30 15:56:09.016910+00:00,ACC_00407,55.88,electronics,0,5,0
TXN_AF2767469AAE45D4,2026-07-30 16:46:13.016910+00:00,ACC_00407,310.6,travel,0,3,0
TXN_2E68AC1AD60A48BF,2026-07-30 17:39:27.016910+00:00,ACC_00407,50.27,gaming,0,1,0
TXN_9E8C96B43DA94D71,2026-07-30 17:47:13.016910+00:00,ACC_00073,118.62,hotel,0,0,0
TXN_D93B554C703A449C,2026-07-30 18:08:56.016910+00:00,ACC_00089,85.53,hotel,0,0,0
TXN_1FE2BF2A960B405E,2026-07-30 18:23:39.016910+00:00,ACC_00884,51.64,hotel,0,0,0
TXN_86A85C62A4154CF3,2026-07-30 18:54:18.016910+00:00,ACC_00884,113.98,fuel,0,1,0
TXN_046F5FDA640045AF,2026-07-30 20:04:40.016910+00:00,ACC_00241,485.33,travel,0,0,0
TXN_D032D017756C444A,2026-07-30 20:39:11.016910+00:00,ACC_00200,51.01,clothing,0,0,0
TXN_7715DA8DBE9D4987,2026-07-30 20:53:02.016910+00:00,ACC_00650,6.91,fuel,0,0,0
TXN_1505CD5193BD468E,2026-07-30 21:04:48.016910+00:00,ACC_00025,32.82,grocery,0,0,0
TXN_88E2B7BC4EB2408F,2026-07-30 21:29:20.016910+00:00,ACC_00053,420.77,electronics,0,0,0
TXN_5E9655B71CD3409E,2026-07-30 21:58:15.016910+00:00,ACC_00053,28.65,other,0,1,0
TXN_7FA4E4589B2E4B89,2026-07-30 22:37:31.016910+00:00,ACC_00053,24.47,grocery,0,1,0
TXN_6479EFF6810D4F95,2026-07-30 23:02:49.016910+00:00,ACC_00053,106.45,clothing,0,1,0
TXN_1E344B26D8E54915,2026-07-31 00:30:45.016910+00:00,ACC_00053,17.22,restaurant,0,0,0
TXN_984A2B0AF662429D,2026-07-31 00:41:00.016910+00:00,ACC_00181,7.43,gaming,0,0,0
TXN_5890F42403654681,2026-07-31 00:48:16.016910+00:00,ACC_00418,53.71,other,0,0,0
TXN_6929642D5307452C,2026-07-31 01:15:00.016910+00:00,ACC_00267,5.56,fuel,0,0,0
TXN_E8D81CBA22F243D2,2026-07-31 02:09:51.016910+00:00,ACC_00747,139.54,fuel,0,0,0
TXN_84D99F0C9CAB490A,2026-07-31 02:15:51.016910+00:00,ACC_00145,75.83,grocery,0,0,0
TXN_AC7059403D3E4FFC,2026-07-31 02:30:53.016910+00:00,ACC_00088,120.75,gaming,0,0,0
TXN_FB2CBE50A4D44A0C,2026-07-31 02:35:16.016910+00:00,ACC_00932,11.35,restaurant,1,0,0
TXN_6BC19FC1D8974577,2026-07-31 03:03:00.016910+00:00,ACC_00032,1007.05,jewelry,0,0,0
TXN_1739F7B51DF74B4E,2026-07-31 03:22:50.016910+00:00,ACC_00237,98.48,electronics,0,0,0
TXN_2E70D9C313854782,2026-07-31 04:22:47.016910+00:00,ACC_00338,330.87,electronics,0,0,0
TXN_AF9B56E7EEB2486D,2026-07-31 04:26:19.016910+00:00,ACC_00501,148.7,electronics,0,0,0
TXN_03C3654C3CD948F7,2026-07-31 06:34:50.016910+00:00,ACC_00190,56.76,restaurant,0,0,0
TXN_BF978DF5CE8A48B2,2026-07-31 07:59:45.016910+00:00,ACC_00328,56.03,fuel,0,0,0
TXN_40ACCC8FFF8D4DB4,2026-07-31 08:23:23.016910+00:00,ACC_00328,68.42,electronics,0,1,0
TXN_7358973F97194142,2026-07-31 08:54:12.016910+00:00,ACC_00328,6.27,restaurant,0,2,0
TXN_85D73CED0E7D44B6,2026-07-31 09:13:39.016910+00:00,ACC_00328,179.74,other,0,2,0
TXN_C2CD61AF214A4AAE,2026-07-31 11:40:10.016910+00:00,ACC_00560,13.89,travel,0,0,0
TXN_856689FA9A6B4E4B,2026-07-31 11:57:30.016910+00:00,ACC_00231,88.87,fuel,0,0,0
TXN_1D92331297494CDD,2026-07-31 12:08:31.016910+00:00,ACC_00974,143.59,online_services,0,0,0
TXN_A42891C1BE4E4587,2026-07-31 12:13:55.016910+00:00,ACC_00405,12.13,online_services,0,0,0
TXN_3BAE66CA1DE04932,2026-07-31 12:20:16.016910+00:00,ACC_00218,71.87,electronics,0,0,0
TXN_8CA5F7F30179409F,2026-07-31 12:33:47.016910+00:00,ACC_00588,55.26,jewelry,0,0,0
TXN_B217CB48778C4059,2026-07-31 12:49:54.016910+00:00,ACC_00588,20.94,grocery,0,1,0
TXN_29CF6C8A26B545B1,2026-07-31 12:52:09.016910+00:00,ACC_00588,148.31,other,0,2,0
TXN_8D1C18ECDF184E2F,2026-07-31 13:02:24.016910+00:00,ACC_00588,56.09,restaurant,0,3,0
TXN_AE4371585AAD47FA,2026-07-31 13:07:23.016910+00:00,ACC_00431,195.06,hotel,0,0,0
TXN_B9D5C8574A2E49F6,2026-07-31 13:58:31.016910+00:00,ACC_00078,28.93,gaming,0,0,0
TXN_46878A36A4C5445E,2026-07-31 14:06:07.016910+00:00,ACC_00416,12.02,electronics,0,0,0
TXN_5237CBB81ACF4925,2026-07-31 14:13:41.016910+00:00,ACC_00416,16.98,other,0,1,0
TXN_DD17722D50374CCA,2026-07-31 14:35:38.016910+00:00,ACC_00416,106.9,travel,0,2,0
TXN_A385F30CF2EA4902,2026-07-31 14:57:42.016910+00:00,ACC_00416,18.18,clothing,0,3,0
TXN_261F0DC63B3A4332,2026-07-31 15:11:04.016910+00:00,ACC_00416,102.71,gaming,0,3,0
TXN_48B630EE2E1F4E7F,2026-07-31 16:04:23.016910+00:00,ACC_00123,208.88,online_services,0,0,0
TXN_27A10AA0E1FA4479,2026-07-31 16:26:31.016910+00:00,ACC_00186,147.58,electronics,0,0,0
TXN_BF6B6E7496F34141,2026-07-31 16:30:54.016910+00:00,ACC_00830,12.01,gaming,0,0,0
TXN_DA25CB110963487E,2026-07-31 17:03:44.016910+00:00,ACC_00685,112.27,pharmacy,0,0,0
TXN_D0286C0F3C6449DD,2026-07-31 18:28:28.016910+00:00,ACC_00209,29.68,restaurant,0,0,0
TXN_CC1D1F86B6AD4CA3,2026-07-31 19:13:58.016910+00:00,ACC_00209,208.45,jewelry,0,1,0
TXN_83950481BBC449B2,2026-07-31 20:27:00.016910+00:00,ACC_00209,89.55,other,0,0,0
TXN_EA0283CD4EF8425A,2026-07-31 21:07:12.016910+00:00,ACC_00209,43.96,travel,0,1,0
TXN_880E60E6774F4A3F,2026-07-31 21:54:29.016910+00:00,ACC_00209,33.03,clothing,0,1,0
TXN_96968E9B224342EA,2026-07-31 22:09:51.016910+00:00,ACC_00209,29.31,pharmacy,0,1,0
TXN_75D969571C844FAB,2026-07-31 22:18:21.016910+00:00,ACC_00451,54.24,gaming,0,0,0
TXN_A705C5DF0DD84D65,2026-07-31 22:23:53.016910+00:00,ACC_00390,67.21,clothing,0,0,0
TXN_D71F8EB5F6924739,2026-07-31 22:26:40.016910+00:00,ACC_00719,223.5,travel,0,0,0
TXN_F33B0D2C7B3E4CA3,2026-07-31 22:55:52.016910+00:00,ACC_00649,61.27,electronics,0,0,0
TXN_D63039D859B24561,2026-07-31 23:48:48.016910+00:00,ACC_00558,21.37,electronics,0,0,0
TXN_1EC930FEDD1141FC,2026-08-01 00:45:44.016910+00:00,ACC_00553,25.42,pharmacy,0,0,0
TXN_5665B474D0C74022,2026-08-01 00:51:53.016910+00:00,ACC_00565,94.82,electronics,0,0,0
TXN_8AD7D63AA1854193,2026-08-01 00:53:46.016910+00:00,ACC_00122,7.22,fuel,0,0,0
TXN_085324474B654537,2026-08-01 00:58:25.016910+00:00,ACC_00578,98.45,jewelry,0,0,0
TXN_8FB7A125F74A48F2,2026-08-01 01:31:45.016910+00:00,ACC_00965,23.35,gaming,0,0,0
TXN_DCFA7D0A499B48F0,2026-08-01 02:06:33.016910+00:00,ACC_00748,31.01,restaurant,0,0,0
TXN_0AC7FCD4A5C84BB0,2026-08-01 02:09:47.016910+00:00,ACC_00114,23.36,fuel,0,0,0
TXN_AC60754F95D04F37,2026-08-01 03:13:48.016910+00:00,ACC_00442,119.33,hotel,0,0,0
TXN_8315569600D84781,2026-08-01 03:16:57.016910+00:00,ACC_00442,25.68,online_services,0,1,0
TXN_D08D3565739F4CFF,2026-08-01 03:51:59.016910+00:00,ACC_00442,67.32,fuel,0,2,0
TXN_2E818659ADC2402D,2026-08-01 04:29:22.016910+00:00,ACC_00442,447.23,online_services,0,1,0
TXN_6619FB1A14414C67,2026-08-01 05:16:23.016910+00:00,ACC_00246,105.46,electronics,0,0,0
TXN_0B7FFE0DBF3648EF,2026-08-01 05:30:14.016910+00:00,ACC_00610,38.62,grocery,0,0,0
TXN_E9E8FFD1C40D4BBA,2026-08-01 06:13:08.016910+00:00,ACC_00144,86.27,fuel,0,0,0
TXN_CC850E84DF524530,2026-08-01 06:31:25.016910+00:00,ACC_00092,76.94,electronics,0,0,0
TXN_C3F2185A2A7446E7,2026-08-01 07:05:57.016910+00:00,ACC_00109,205.47,online_services,0,0,0
TXN_B4068B95D79A4FCF,2026-08-01 07:07:01.016910+00:00,ACC_00762,982.31,jewelry,0,0,0
TXN_4DA7A981AFC84AC1,2026-08-01 07:49:00.016910+00:00,ACC_00015,11.39,restaurant,0,0,0
TXN_75A1D77939054EFC,2026-08-01 08:51:05.016910+00:00,ACC_00253,41.04,online_services,0,0,0
TXN_37144340D4D74B86,2026-08-01 08:56:17.016910+00:00,ACC_00401,14707.73,travel,0,0,0
TXN_737FF2780D3C4622,2026-08-01 09:21:06.016910+00:00,ACC_00233,66.12,online_services,0,0,0
TXN_F2CEC3958CD54AA0,2026-08-01 09:38:17.016910+00:00,ACC_00354,26.37,gaming,0,0,0
TXN_BD35BB7D7404473B,2026-08-01 10:42:36.016910+00:00,ACC_00133,35.15,pharmacy,0,0,0
TXN_B7CA5FA4BCCC4076,2026-08-01 11:02:38.016910+00:00,ACC_00419,28.95,grocery,0,0,0
TXN_4A8200CFB6F84872,2026-08-01 11:13:39.016910+00:00,ACC_00520,1494.48,electronics,0,0,0
TXN_0BADDF41483742DF,2026-08-01 11:18:29.016910+00:00,ACC_00635,36.71,online_services,0,0,0
TXN_1441932222F74BCE,2026-08-01 11:39:56.016910+00:00,ACC_00208,169.13,jewelry,0,0,0
TXN_D992F38E43304F95,2026-08-01 11:54:16.016910+00:00,ACC_00111,105.52,online_services,0,0,0
TXN_7FA6EAF2A58E4BA5,2026-08-01 11:58:53.016910+00:00,ACC_00371,107.11,fuel,0,0,0
TXN_E9485F2E2919474F,2026-08-01 12:33:12.016910+00:00,ACC_00343,67.05,other,0,0,0
TXN_143736208D744BE2,2026-08-01 12:54:41.016910+00:00,ACC_00201,315.38,electronics,0,0,0
TXN_E48671D06BE64BFF,2026-08-01 13:46:03.016910+00:00,ACC_00119,413.21,fuel,0,0,0
TXN_7F1A75C3B0F04554,2026-08-01 13:58:01.016910+00:00,ACC_00612,78.81,hotel,0,0,0
TXN_2E733763A3CC4474,2026-08-01 15:57:32.016910+00:00,ACC_00827,71.56,jewelry,0,0,0
TXN_8F3949329B794F62,2026-08-01 16:08:35.016910+00:00,ACC_00827,380.27,gaming,0,1,0
TXN_466089DBFE674BA4,2026-08-01 16:22:32.016910+00:00,ACC_00827,53.55,grocery,0,2,0
TXN_9A786B04EB1D4236,2026-08-01 16:46:01.016910+00:00,ACC_00827,568.99,jewelry,0,3,0
TXN_4A51DE155E8D4522,2026-08-01 16:53:03.016910+00:00,ACC_00827,186.63,online_services,0,4,0
TXN_1BB3F02DDDD84837,2026-08-01 16:54:35.016910+00:00,ACC_00827,227.23,travel,0,5,0
TXN_4292CC7BB5E34ABF,2026-08-01 17:04:05.016910+00:00,ACC_00827,53.96,other,0,5,0
TXN_D4E66E4C109248AD,2026-08-01 17:18:34.016910+00:00,ACC_00827,64.38,travel,0,5,0
TXN_254FD15455DB4D06,2026-08-01 18:55:41.016910+00:00,ACC_00594,126.39,fuel,0,0,0
TXN_41A5C905D1CC4924,2026-08-01 19:20:18.016910+00:00,ACC_00975,176.2,travel,1,0,0
TXN_D6E87D5965594EF0,2026-08-01 20:22:43.016910+00:00,ACC_00686,6.54,pharmacy,0,0,0
TXN_48EB4821FBB24872,2026-08-01 21:09:34.016910+00:00,ACC_00206,299.22,online_services,0,0,0
TXN_E32309BFE0B6461C,2026-08-01 21:58:03.016910+00:00,ACC_00238,11.29,pharmacy,0,0,0
TXN_B8F8FF59FD5F4C29,2026-08-01 22:16:44.016910+00:00,ACC_00238,290.28,hotel,0,1,0
TXN_16D211C7800C45A3,2026-08-01 22:23:55.016910+00:00,ACC_00238,45.52,fuel,0,2,0
TXN_DBB22C1D27924265,2026-08-01 23:45:23.016910+00:00,ACC_00238,5.78,restaurant,0,0,0
TXN_269C26882C454989,2026-08-02 00:20:53.016910+00:00,ACC_00238,43.48,clothing,0,1,0
TXN_6AD75BC0167A47A9,2026-08-02 01:07:40.016910+00:00,ACC_00238,39.51,other,0,1,0
TXN_8C175501724E402B,2026-08-02 01:19:56.016910+00:00,ACC_00238,11.05,online_services,0,2,0
TXN_D1C33085FF3940CE,2026-08-02 01:54:41.016910+00:00,ACC_00054,164.88,hotel,0,0,0
TXN_9DAF2582BB534D70,2026-08-02 02:26:25.016910+00:00,ACC_00005,124.41,other,0,0,0
TXN_8D80BB66E3AA4489,2026-08-02 02:34:34.016910+00:00,ACC_00312,30.9,pharmacy,0,0,0
TXN_E7608873C8434160,2026-08-02 03:25:40.016910+00:00,ACC_00057,77.11,hotel,0,0,0
TXN_011E687CB2844BBF,2026-08-02 03:56:26.016910+00:00,ACC_00711,222.11,travel,0,0,0
TXN_F4484C0F714E499D,2026-08-02 04:27:27.016910+00:00,ACC_00720,9.2,hotel,0,0,0
TXN_52ED5FFB2DAF4C8A,2026-08-02 05:15:11.016910+00:00,ACC_00845,31.29,clothing,0,0,0
TXN_CD75AD20820F4C02,2026-08-02 05:35:12.016910+00:00,ACC_00872,148.58,jewelry,0,0,0
TXN_5902D6D4E0D04D16,2026-08-02 05:53:24.016910+00:00,ACC_00351,47.78,clothing,0,0,0
TXN_A0E2539E530D4BFD,2026-08-02 06:36:14.016910+00:00,ACC_00351,52.49,jewelry,0,1,0
TXN_98960652267A4AFF,2026-08-02 06:53:50.016910+00:00,ACC_00351,6.1,fuel,0,1,0
TXN_7570E604F3594E14,2026-08-02 07:11:26.016910+00:00,ACC_00351,50.92,travel,0,2,0
TXN_B3503BB9C3434EE7,2026-08-02 07:11:46.016910+00:00,ACC_00043,48.7,pharmacy,0,0,0
TXN_2E1CF7C4A78B44CD,2026-08-02 07:30:08.016910+00:00,ACC_00950,29.26,online_services,0,0,0
TXN_F56D8F3AFF0C4D0B,2026-08-02 07:55:13.016910+00:00,ACC_00200,20.25,other,0,0,0
TXN_4FA3CD0569064E2C,2026-08-02 08:14:05.016910+00:00,ACC_00646,153.52,restaurant,0,0,0
TXN_81B0315BA0AE42D2,2026-08-02 08:59:43.016910+00:00,ACC_00646,19.26,restaurant,0,1,0
TXN_8571BE9887414CB8,2026-08-02 09:48:10.016910+00:00,ACC_00646,37.37,fuel,0,1,0
TXN_E84371F061CA4902,2026-08-02 10:50:00.016910+00:00,ACC_00646,142.04,gaming,0,0,0
TXN_AD6B04B45E5E4555,2026-08-02 10:55:30.016910+00:00,ACC_00646,42.73,fuel,0,1,0
TXN_0343B0AF4EF54136,2026-08-02 11:23:44.016910+00:00,ACC_00646,52.78,pharmacy,0,2,0
TXN_394D58B723734ADA,2026-08-02 11:33:29.016910+00:00,ACC_00646,17.27,grocery,0,3,0
TXN_30231863ED624222,2026-08-02 11:44:06.016910+00:00,ACC_00571,39.31,fuel,0,0,0
TXN_FCCB38F43CA34915,2026-08-02 12:28:19.016910+00:00,ACC_00789,157.65,pharmacy,0,0,0
TXN_2187B2B79BB54CCF,2026-08-02 13:01:57.016910+00:00,ACC_00246,54.12,fuel,0,0,0
TXN_50C93AFFE5894605,2026-08-02 13:55:43.016910+00:00,ACC_00621,60.26,clothing,0,0,0
TXN_2D71F87B926F47D3,2026-08-02 14:25:13.016910+00:00,ACC_00190,37.89,clothing,0,0,0
TXN_B0560E2E39674FFE,2026-08-02 14:42:13.016910+00:00,ACC_00314,9.65,pharmacy,0,0,0
TXN_86F3EC4C13EB4A56,2026-08-02 14:51:15.016910+00:00,ACC_00638,141.61,clothing,0,0,0
TXN_7EF24AB6FBDB4993,2026-08-02 14:52:32.016910+00:00,ACC_00268,39.62,gaming,0,0,0
TXN_85ED5A9EE90F45EA,2026-08-02 15:21:16.016910+00:00,ACC_00638,22.27,online_services,0,1,0
TXN_FFD1E29316344B29,2026-08-02 15:26:50.016910+00:00,ACC_00630,11.76,gaming,0,0,0
TXN_F437D0AC362745C4,2026-08-02 15:59:26.016910+00:00,ACC_00092,63.32,clothing,0,0,0
TXN_3934B2AD36B44939,2026-08-02 16:22:14.016910+00:00,ACC_00092,12.8,fuel,0,1,0
TXN_0F5CA888BCBC44FF,2026-08-02 16:57:44.016910+00:00,ACC_00092,397.15,travel,0,2,0
TXN_176EDEAD71D74DAF,2026-08-02 17:03:26.016910+00:00,ACC_00092,73.26,travel,0,2,0
TXN_C630AA7446034F51,2026-08-02 18:18:09.016910+00:00,ACC_00092,57.34,other,0,0,0
TXN_2219957980EB40C8,2026-08-02 18:18:26.016910+00:00,ACC_00092,151.66,hotel,0,1,0
TXN_1D2CF72EC03348F2,2026-08-02 18:48:24.016910+00:00,ACC_00092,47.35,grocery,0,2,0
TXN_DB836D16CD96474E,2026-08-02 19:01:19.016910+00:00,ACC_00974,74.91,pharmacy,0,0,0
TXN_6209495675644D06,2026-08-02 19:12:07.016910+00:00,ACC_00564,25.42,online_services,1,0,0
TXN_88403820AC404308,2026-08-02 19:43:12.016910+00:00,ACC_00108,53.74,other,0,0,0
TXN_C753E432B3B846C2,2026-08-02 19:49:46.016910+00:00,ACC_00194,185.72,electronics,0,0,0
TXN_5BFE8E388B134AA7,2026-08-02 20:01:56.016910+00:00,ACC_00631,468.53,electronics,0,0,0
TXN_21E06B1778914FC4,2026-08-02 20:06:30.016910+00:00,ACC_00612,463.05,jewelry,0,0,0
TXN_E34210F04633445E,2026-08-02 20:11:34.016910+00:00,ACC_00214,139.9,other,0,0,0
TXN_D3B5D9A82F00447F,2026-08-02 20:32:57.016910+00:00,ACC_00499,19.71,restaurant,0,0,0
TXN_8498DB5F48C141CA,2026-08-02 20:51:12.016910+00:00,ACC_00612,61.82,gaming,0,1,0
TXN_21C30DA417324906,2026-08-02 20:57:58.016910+00:00,ACC_00366,98.74,restaurant,0,0,0
TXN_985E303AE951470A,2026-08-02 21:13:28.016910+00:00,ACC_00058,41.01,gaming,0,0,0
TXN_DAEDB8F858DC4EF4,2026-08-02 21:28:44.016910+00:00,ACC_00217,54.41,grocery,0,0,0
TXN_262AA5CBD04141ED,2026-08-02 21:28:53.016910+00:00,ACC_00397,48.39,jewelry,0,0,0
TXN_A9108773837B4D14,2026-08-02 22:10:58.016910+00:00,ACC_00501,204.47,electronics,0,0,0
TXN_F073347029964854,2026-08-02 22:19:05.016910+00:00,ACC_00591,132.54,hotel,0,0,0
TXN_5D4CCD7C58504FF0,2026-08-02 22:46:40.016910+00:00,ACC_00986,191.01,hotel,0,0,0
TXN_74E91C11F3F54014,2026-08-02 23:10:57.016910+00:00,ACC_00613,80.58,hotel,1,0,0
TXN_5B1EF328A2DE43BE,2026-08-02 23:36:49.016910+00:00,ACC_00896,24.88,travel,0,0,0
TXN_7919D9D9FCA84F21,2026-08-03 00:21:50.016910+00:00,ACC_00438,85.81,online_services,0,0,0
TXN_380F22D9B5AD48A7,2026-08-03 00:22:32.016910+00:00,ACC_00180,19.33,fuel,0,0,0
TXN_B6F08547DE514B2B,2026-08-03 00:32:05.016910+00:00,ACC_00439,10.56,online_services,0,0,0
TXN_9E7498E7AF6A4A1E,2026-08-03 00:54:31.016910+00:00,ACC_00332,49.59,online_services,0,0,0
TXN_AA4DAEB6AD474DAD,2026-08-03 01:28:30.016910+00:00,ACC_00883,189.75,grocery,0,0,0
TXN_E9789903B94D4DC2,2026-08-03 01:39:28.016910+00:00,ACC_00424,48.33,hotel,0,0,0
TXN_691035CA37C34F7B,2026-08-03 01:50:29.016910+00:00,ACC_00321,57.23,hotel,0,0,0
TXN_D9112FD703EE4823,2026-08-03 01:54:49.016910+00:00,ACC_00170,79.02,fuel,0,0,0
TXN_54813835F8B84596,2026-08-03 02:06:03.016910+00:00,ACC_00869,30.68,grocery,0,0,0
TXN_E65E25BFD836418F,2026-08-03 02:55:52.016910+00:00,ACC_00860,96.19,clothing,0,0,0
TXN_9CC08631D9F542BC,2026-08-03 03:03:06.016910+00:00,ACC_00860,166.81,jewelry,0,1,0
TXN_2434AC85541A480E,2026-08-03 03:29:16.016910+00:00,ACC_00860,71.91,electronics,0,2,0
TXN_6736686FB6B649CD,2026-08-03 03:38:00.016910+00:00,ACC_00860,15.12,pharmacy,1,3,0
TXN_E6903A9C5A0A47ED,2026-08-03 03:40:53.016910+00:00,ACC_00860,144.15,hotel,0,4,0
TXN_E4C88C7B87B7441D,2026-08-03 03:54:57.016910+00:00,ACC_00860,22.55,clothing,0,5,0
TXN_C63EAFD8177B4030,2026-08-03 04:09:40.016910+00:00,ACC_00860,34.04,other,0,4,0
TXN_66ED97A8630845E0,2026-08-03 04:32:24.016910+00:00,ACC_00900,124.89,online_services,0,0,0
TXN_30987518227E4A88,2026-08-03 05:01:08.016910+00:00,ACC_00909,1734.44,jewelry,0,0,0
TXN_697782D733AF4404,2026-08-03 05:07:50.016910+00:00,ACC_00094,40.67,restaurant,0,0,0
TXN_1760EC0DCB08429F,2026-08-03 05:36:42.016910+00:00,ACC_00379,651.14,jewelry,0,0,0
TXN_0F6B638490DF48B1,2026-08-03 05:43:28.016910+00:00,ACC_00229,34.04,clothing,0,0,0
TXN_F6170CD35E254A2D,2026-08-03 06:21:10.016910+00:00,ACC_00624,34.09,gaming,0,0,0
TXN_399C5B3272214E0D,2026-08-03 06:29:05.016910+00:00,ACC_00605,129.63,hotel,0,0,0
TXN_41829FAB80564D18,2026-08-03 06:35:26.016910+00:00,ACC_00348,111.92,jewelry,0,0,0
TXN_3A3886882A144DB2,2026-08-03 06:39:31.016910+00:00,ACC_00133,28.4,gaming,0,0,0
TXN_F253F3B2B4304DF2,2026-08-03 08:12:56.016910+00:00,ACC_00684,82.54,gaming,0,0,0
TXN_E8F255759E1D4F8E,2026-08-03 08:45:36.016910+00:00,ACC_00295,38.45,fuel,0,0,0
TXN_E3818DA495764EC8,2026-08-03 09:06:11.016910+00:00,ACC_00556,23.43,restaurant,0,0,0
TXN_F30B405B6BD948A8,2026-08-03 09:23:40.016910+00:00,ACC_00289,89.6,hotel,0,0,0
TXN_729F910A42AE499C,2026-08-03 09:27:50.016910+00:00,ACC_00634,12.3,pharmacy,0,0,0
TXN_70CB4E376AF548D1,2026-08-03 10:34:48.016910+00:00,ACC_00371,125.06,hotel,0,0,0
TXN_0D781AEA6F2546B9,2026-08-03 10:53:30.016910+00:00,ACC_00298,28.0,other,0,0,0
TXN_783A1EBA9C404EE2,2026-08-03 10:58:01.016910+00:00,ACC_00167,30.0,travel,0,0,0
TXN_E38A7E5348AB4D47,2026-08-03 11:14:07.016910+00:00,ACC_00167,10.9,pharmacy,0,1,0
TXN_75AE90F5D89A4B4B,2026-08-03 11:24:55.016910+00:00,ACC_00167,31.91,grocery,0,2,0
TXN_6ABA5ED10C1D4F9B,2026-08-03 11:37:03.016910+00:00,ACC_00167,189.75,hotel,0,3,0
TXN_08B41DC8148244AC,2026-08-03 11:37:13.016910+00:00,ACC_00167,61.18,restaurant,0,4,1
TXN_336284EEA3CA4C46,2026-08-03 11:49:51.016910+00:00,ACC_00167,11.86,online_services,0,5,0
TXN_955F09AF2F1D49B5,2026-08-03 12:35:38.016910+00:00,ACC_00167,68.6,online_services,0,3,0
TXN_977BD893B92D4EF3,2026-08-03 13:20:20.016910+00:00,ACC_00167,203.64,grocery,0,1,0
TXN_C4BB21AF1F134971,2026-08-03 13:36:34.016910+00:00,ACC_00687,322.24,travel,0,0,0
TXN_7BD23E817E294A88,2026-08-03 14:17:25.016910+00:00,ACC_00176,150.67,travel,0,0,0
TXN_4C5C92A8EDA94972,2026-08-03 14:49:29.016910+00:00,ACC_00616,130.19,hotel,0,0,0
TXN_95FA165A1E3F427B,2026-08-03 15:59:51.016910+00:00,ACC_00497,41.05,grocery,0,0,0
TXN_74329177801E4649,2026-08-03 16:01:35.016910+00:00,ACC_00908,26.61,gaming,0,0,0
TXN_F160025F702D4725,2026-08-03 16:26:15.016910+00:00,ACC_00577,338.92,travel,0,0,0
TXN_4DA2DCD3C8EA45D7,2026-08-03 16:32:58.016910+00:00,ACC_00537,17.62,online_services,1,0,0
TXN_B31CDCBEE67643B1,2026-08-03 16:44:30.016910+00:00,ACC_00363,38.0,pharmacy,0,0,0
TXN_486B8852E5E64D7C,2026-08-03 16:54:28.016910+00:00,ACC_00266,9.46,gaming,0,0,0
TXN_6C333F201452475F,2026-08-03 16:59:25.016910+00:00,ACC_00975,134.2,clothing,0,0,0
TXN_96783C81943A4FA2,2026-08-03 17:43:56.016910+00:00,ACC_00576,36.56,pharmacy,0,0,0
TXN_F95C415790C3447A,2026-08-03 18:03:28.016910+00:00,ACC_00581,13.96,other,0,0,0
TXN_3EC20509CA574ACF,2026-08-03 18:05:53.016910+00:00,ACC_00750,167.69,online_services,0,0,0
TXN_E9510D52C84544C3,2026-08-03 18:08:30.016910+00:00,ACC_00116,24.42,restaurant,0,0,0
TXN_D18857F8CF294B9C,2026-08-03 18:17:53.016910+00:00,ACC_00698,14.97,clothing,0,0,0
TXN_C078497ECBD948DD,2026-08-03 18:49:38.016910+00:00,ACC_00698,646.08,electronics,0,1,0
TXN_8F9D409842064299,2026-08-03 19:00:09.016910+00:00,ACC_00698,104.5,travel,0,2,0
TXN_3E7B8AC76CBA4F00,2026-08-03 19:02:19.016910+00:00,ACC_00698,20.45,online_services,0,3,0
TXN_0E8BB76C9690498E,2026-08-03 19:12:18.016910+00:00,ACC_00698,265.38,jewelry,0,4,1
TXN_11CED10C036B46AB,2026-08-03 19:56:44.016910+00:00,ACC_00764,14.62,gaming,0,0,0
TXN_DAB42ADCF7BF4853,2026-08-03 20:18:56.016910+00:00,ACC_00197,66.52,electronics,0,0,0
TXN_680770B330294ED6,2026-08-03 20:30:55.016910+00:00,ACC_00146,128.26,grocery,0,0,0
TXN_6D448AE673774F84,2026-08-03 21:26:49.016910+00:00,ACC_00734,696.43,hotel,0,0,0
TXN_39B96B5FF8174356,2026-08-03 21:45:57.016910+00:00,ACC_00797,29.91,fuel,0,0,0
TXN_9C77D344F0E34F43,2026-08-03 22:11:29.016910+00:00,ACC_00823,202.14,travel,0,0,0
TXN_89462DBA68024C4C,2026-08-03 22:22:31.016910+00:00,ACC_00638,134.76,grocery,0,0,0
TXN_33B3634A22D34AAC,2026-08-03 22:46:45.016910+00:00,ACC_00302,103.82,travel,0,0,0
TXN_42E3F84ECD554803,2026-08-03 23:09:55.016910+00:00,ACC_00553,14.78,pharmacy,0,0,0
TXN_212C0C543CB04A9E,2026-08-03 23:29:23.016910+00:00,ACC_00805,77.34,online_services,0,0,0
TXN_1BB05C33049C4282,2026-08-03 23:36:56.016910+00:00,ACC_00805,11.26,grocery,0,1,0
TXN_7B971BC79B174DAA,2026-08-04 00:28:34.016910+00:00,ACC_00805,44.78,electronics,0,2,0
TXN_5A9CC33793664A95,2026-08-04 00:30:06.016910+00:00,ACC_00805,12.29,clothing,0,2,0
TXN_D2D6AC9ED15B455D,2026-08-04 00:38:34.016910+00:00,ACC_00805,159.78,clothing,0,2,0
TXN_BAF1144D7E6449EA,2026-08-04 00:38:46.016910+00:00,ACC_00805,28.33,restaurant,0,3,0
TXN_4326ABA82E644494,2026-08-04 00:45:00.016910+00:00,ACC_00805,100.4,other,0,4,0
TXN_217A65DC638D412D,2026-08-04 01:14:09.016910+00:00,ACC_00295,11.83,restaurant,0,0,0
TXN_0D16F74E50A64BAB,2026-08-04 01:14:59.016910+00:00,ACC_00055,13371.18,travel,0,0,1
TXN_F97D4F88217541A8,2026-08-04 02:30:08.016910+00:00,ACC_00387,80.44,other,0,0,0
TXN_7D132611EE3D44E8,2026-08-04 02:38:47.016910+00:00,ACC_00399,256.84,gaming,0,0,0
TXN_84904DB6AC084818,2026-08-04 02:48:07.016910+00:00,ACC_00742,55.18,pharmacy,0,0,0
TXN_FB17B2A88F95429B,2026-08-04 03:00:31.016910+00:00,ACC_00947,488.21,jewelry,0,0,0
TXN_96AECCFE48EA4E98,2026-08-04 03:08:01.016910+00:00,ACC_00594,48.8,gaming,0,0,0
TXN_F47D4DB0357F4EDC,2026-08-04 03:17:01.016910+00:00,ACC_00540,4.08,gaming,0,0,0
TXN_4A11573287D34F9C,2026-08-04 03:32:56.016910+00:00,ACC_00934,177.98,travel,0,0,0
TXN_D3604D68072F4B40,2026-08-04 03:34:25.016910+00:00,ACC_00478,27.17,pharmacy,0,0,0
TXN_B2EA9280BCD64197,2026-08-04 03:41:48.016910+00:00,ACC_00806,86.58,electronics,0,0,0
TXN_5B06917980D04AD9,2026-08-04 04:02:54.016910+00:00,ACC_00237,499.64,gaming,0,0,0
TXN_1F73590878364345,2026-08-04 04:24:17.016910+00:00,ACC_00291,108.22,travel,0,0,0
TXN_C432363591764E42,2026-08-04 04:38:33.016910+00:00,ACC_00530,29.13,other,0,0,0
TXN_F36F2C86CA4E4F2E,2026-08-04 04:45:22.016910+00:00,ACC_00530,441.61,jewelry,0,1,0
TXN_C8A9D9F1E0CF4844,2026-08-04 05:11:34.016910+00:00,ACC_00530,51.81,travel,0,2,0
TXN_B8A0059DA3F34E16,2026-08-04 05:35:52.016910+00:00,ACC_00530,218.34,gaming,0,3,0
TXN_ED4A8F7E55354289,2026-08-04 05:55:45.016910+00:00,ACC_00530,80.89,online_services,0,2,0
TXN_8940214F724348E2,2026-08-04 06:01:49.016910+00:00,ACC_00530,114.68,gaming,0,3,0
TXN_A48732B6FB3543BB,2026-08-04 07:29:02.016910+00:00,ACC_00633,44.06,hotel,0,0,0
TXN_4FDF55054F6741BA,2026-08-04 08:12:19.016910+00:00,ACC_00497,65.0,electronics,0,0,0
TXN_9D83C124E9934C49,2026-08-04 08:55:40.016910+00:00,ACC_00371,117.49,electronics,0,0,0
TXN_A0835C69CA9E4245,2026-08-04 08:55:46.016910+00:00,ACC_00994,37.49,grocery,0,0,0
TXN_1131A44168B64407,2026-08-04 09:01:59.016910+00:00,ACC_00282,202.73,electronics,0,0,0
TXN_753120B0666943CD,2026-08-04 09:50:52.016910+00:00,ACC_00886,107.53,electronics,0,0,0
TXN_66D85B8E69F9400D,2026-08-04 10:45:40.016910+00:00,ACC_00495,232.46,online_services,0,0,0
TXN_EE337AFD0A304B2D,2026-08-04 10:48:18.016910+00:00,ACC_00242,17.94,gaming,0,0,0
TXN_AD535C6E2B044DB5,2026-08-04 10:52:31.016910+00:00,ACC_00569,15.0,online_services,0,0,0
TXN_6B4E245658844CEF,2026-08-04 11:06:39.016910+00:00,ACC_00001,124.54,jewelry,0,0,0
TXN_BC3F6D2F36554E33,2026-08-04 11:55:16.016910+00:00,ACC_00699,86.74,electronics,0,0,0
TXN_58D69D6FB76C45F9,2026-08-04 12:12:19.016910+00:00,ACC_00090,393.08,travel,0,0,0
TXN_FA624680D7884DA8,2026-08-04 13:12:47.016910+00:00,ACC_00103,302.83,jewelry,0,0,0
TXN_D612C0E016E2460E,2026-08-04 13:37:01.016910+00:00,ACC_00706,5.86,other,0,0,0
TXN_900ECF687F1B45B2,2026-08-04 13:48:10.016910+00:00,ACC_00819,5.05,gaming,0,0,0
TXN_28F2C1D3ABBC46B9,2026-08-04 14:23:51.016910+00:00,ACC_00911,42.45,clothing,0,0,0
TXN_F078799C93A343EE,2026-08-04 14:26:46.016910+00:00,ACC_00262,15000.0,travel,1,7,0
TXN_182163732AF84E0B,2026-08-04 15:03:33.016910+00:00,ACC_00465,38.77,gaming,0,0,0
TXN_F19CC83683AC4897,2026-08-04 15:22:17.016910+00:00,ACC_00849,34.72,gaming,0,0,0
TXN_058F1B69B90E4E1D,2026-08-04 15:26:25.016910+00:00,ACC_00284,145.96,pharmacy,0,0,0
TXN_05318D2C7BA3451A,2026-08-04 15:29:57.016910+00:00,ACC_00026,66.54,restaurant,0,0,0
TXN_8A5A1B16CBC74199,2026-08-04 15:35:43.016910+00:00,ACC_00115,29.35,clothing,0,0,0
TXN_43FF735A104E46F6,2026-08-04 15:37:36.016910+00:00,ACC_00529,15000.0,travel,1,6,0
TXN_C5C5651C1D094342,2026-08-04 15:44:56.016910+00:00,ACC_00755,20.12,restaurant,0,0,0
TXN_64389EF3E5084D50,2026-08-04 15:59:36.016910+00:00,ACC_00755,16.71,hotel,0,1,0
TXN_B3AFDA9475C848FB,2026-08-04 16:04:06.016910+00:00,ACC_00755,23.79,fuel,0,2,0
TXN_91FB1D69B10D42B1,2026-08-04 16:45:31.016910+00:00,ACC_00755,86.01,travel,0,2,0
TXN_B7CD0ECF572440EB,2026-08-04 17:43:03.016910+00:00,ACC_00755,16.87,pharmacy,0,1,0
TXN_03598008BD6649BD,2026-08-04 18:12:14.016910+00:00,ACC_00755,82.73,travel,0,1,0
TXN_EBA56C705B0D4CB9,2026-08-04 18:28:48.016910+00:00,ACC_00755,32.76,online_services,0,2,0
TXN_AD46711A17F649AD,2026-08-04 19:16:54.016910+00:00,ACC_00365,327.53,jewelry,0,0,0
TXN_A865C8ED124B476C,2026-08-04 19:17:28.016910+00:00,ACC_00475,24.1,gaming,0,0,0
TXN_6F4A60C9CAAF4D44,2026-08-04 19:44:23.016910+00:00,ACC_00937,736.3,jewelry,0,0,0
TXN_5A0DC48938034B9C,2026-08-04 20:23:54.016910+00:00,ACC_00937,15.54,grocery,0,1,0
TXN_3750E5C9E78A4251,2026-08-04 20:48:00.016910+00:00,ACC_00937,75.85,restaurant,0,1,0
TXN_20751862218941CB,2026-08-04 21:02:33.016910+00:00,ACC_00937,139.57,electronics,0,2,0
TXN_8764CB4060F04B0B,2026-08-04 21:08:52.016910+00:00,ACC_00035,12.2,fuel,0,0,0
TXN_9F06734E590A445C,2026-08-04 21:37:48.016910+00:00,ACC_00035,36.01,clothing,0,1,0
TXN_D840B864F6D748EA,2026-08-04 22:04:06.016910+00:00,ACC_00035,152.5,pharmacy,0,2,0
TXN_42EBDD50A98F4A22,2026-08-04 22:06:17.016910+00:00,ACC_00035,13.54,pharmacy,0,3,0
TXN_0735AE7AF7CB4F73,2026-08-04 22:45:38.016910+00:00,ACC_00035,656.63,travel,0,2,0
TXN_00738524A7A84A67,2026-08-04 22:46:26.016910+00:00,ACC_00035,58.93,fuel,0,3,0
TXN_4256E9337DE04561,2026-08-04 23:09:11.016910+00:00,ACC_00035,141.88,electronics,0,2,0
TXN_8FBDBCDC13484467,2026-08-04 23:11:50.016910+00:00,ACC_00417,63.56,online_services,0,0,0
TXN_4929739130CD4627,2026-08-05 00:37:43.016910+00:00,ACC_00143,156.38,jewelry,0,0,0
TXN_6D86335A76444FA7,2026-08-05 00:43:08.016910+00:00,ACC_00773,2.0,grocery,0,0,0
TXN_09012B28E2174324,2026-08-05 01:01:28.016910+00:00,ACC_00372,14.05,pharmacy,0,0,0
TXN_8DF70661382447BB,2026-08-05 01:10:39.016910+00:00,ACC_00372,110.18,hotel,0,1,0
TXN_BB2BEDEAD88D44C2,2026-08-05 01:16:36.016910+00:00,ACC_00372,146.93,hotel,0,2,0
TXN_66A7B8E663BC4C69,2026-08-05 02:21:46.016910+00:00,ACC_00372,88.07,other,0,0,0
TXN_71CB3B29846F4189,2026-08-05 02:26:48.016910+00:00,ACC_00372,42.34,restaurant,0,1,0
TXN_071C592689DA4A6F,2026-08-05 02:30:42.016910+00:00,ACC_00372,86.48,gaming,0,2,0
TXN_8EEE200206E1402A,2026-08-05 02:58:17.016910+00:00,ACC_00372,360.17,clothing,0,3,0
TXN_7F8FAE039F8945EA,2026-08-05 03:11:27.016910+00:00,ACC_00289,60.84,clothing,0,0,0
TXN_E68420EA567E4B2E,2026-08-05 03:34:41.016910+00:00,ACC_00435,121.57,fuel,0,0,0
TXN_2374F570ACDD4D7A,2026-08-05 03:38:57.016910+00:00,ACC_00715,45.67,restaurant,0,0,0
TXN_12DAEEE6F5E8460A,2026-08-05 03:41:55.016910+00:00,ACC_00285,911.93,hotel,0,0,0
TXN_B775321F6ECA4DC6,2026-08-05 03:46:53.016910+00:00,ACC_00775,41.11,grocery,0,0,0
TXN_8D7DAB764AA54CE6,2026-08-05 03:53:42.016910+00:00,ACC_00151,42.31,gaming,0,0,0
TXN_5CF235FC9FF040A2,2026-08-05 03:57:28.016910+00:00,ACC_00494,113.41,grocery,0,0,0
TXN_B2B5137959CC4D32,2026-08-05 06:29:29.016910+00:00,ACC_00494,648.93,jewelry,0,0,0
TXN_3FB9AE67C1BE4ACD,2026-08-05 06:47:18.016910+00:00,ACC_00494,21.04,restaurant,0,1,0
TXN_BF8179372A864743,2026-08-05 08:02:54.016910+00:00,ACC_00494,176.14,hotel,0,0,0
TXN_DDAC564EB9754918,2026-08-05 08:39:35.016910+00:00,ACC_00494,218.46,electronics,0,1,0
TXN_CAB83D9869F3465E,2026-08-05 09:30:20.016910+00:00,ACC_00494,103.09,other,0,1,0
TXN_AA99BEA9E65B4613,2026-08-05 10:38:17.016910+00:00,ACC_00494,3976.27,travel,0,0,0
TXN_F5C4C46947E0482E,2026-08-05 11:14:17.016910+00:00,ACC_00861,8.92,gaming,0,0,0
TXN_87F8986D3B854FA6,2026-08-05 12:01:24.016910+00:00,ACC_00858,418.45,jewelry,0,0,0
TXN_CC2F304C4E86405F,2026-08-05 12:17:39.016910+00:00,ACC_00767,219.25,hotel,0,0,0
TXN_CD044957EE9D40E3,2026-08-05 12:47:35.016910+00:00,ACC_00438,206.89,travel,0,0,0
TXN_A55B317CC0CF4C6A,2026-08-05 14:37:00.016910+00:00,ACC_00460,38.04,other,0,0,0
TXN_6FB7B22463DA455A,2026-08-05 14:40:17.016910+00:00,ACC_00945,180.71,gaming,0,0,0
TXN_BCCFF54EE8C64BBE,2026-08-05 14:43:24.016910+00:00,ACC_00311,92.14,jewelry,0,0,0
TXN_885168D5035D4ED8,2026-08-05 15:37:20.016910+00:00,ACC_00262,132.37,online_services,0,0,0
TXN_DDA7E319E85F4F0A,2026-08-05 15:58:47.016910+00:00,ACC_00710,18.23,online_services,0,0,0
TXN_6126A7CF033D4E9D,2026-08-05 16:16:07.016910+00:00,ACC_00822,288.84,electronics,0,0,0
TXN_A5582441DB524923,2026-08-05 16:35:19.016910+00:00,ACC_00110,16.58,grocery,0,0,0
TXN_EFF9BAD741554F8C,2026-08-05 16:36:04.016910+00:00,ACC_00691,108.52,gaming,0,0,0
TXN_B2C900531B594D18,2026-08-05 16:44:02.016910+00:00,ACC_00917,259.69,clothing,0,0,0
TXN_22DAE3878C5D4AA3,2026-08-05 16:45:36.016910+00:00,ACC_00423,173.92,pharmacy,0,0,0
TXN_9A7D6D18011E4284,2026-08-05 17:22:41.016910+00:00,ACC_00476,199.31,clothing,0,0,0
TXN_D185F1F47C6B460E,2026-08-05 17:25:28.016910+00:00,ACC_00742,12.93,gaming,0,0,0
TXN_6224FE11174D4590,2026-08-05 17:32:23.016910+00:00,ACC_00395,29.19,restaurant,0,0,0
TXN_AD9572650F5A4C99,2026-08-05 17:38:27.016910+00:00,ACC_00464,65.22,electronics,0,0,0
TXN_9878AB39F49F4440,2026-08-05 17:39:48.016910+00:00,ACC_00464,4.85,clothing,1,1,0
TXN_9F91C1C9B00843EA,2026-08-05 18:39:28.016910+00:00,ACC_00464,35.06,fuel,0,1,0
TXN_A8B976F1C541436A,2026-08-05 19:19:39.016910+00:00,ACC_00464,121.83,online_services,0,1,0
TXN_4932E75BADAE4F00,2026-08-05 19:24:49.016910+00:00,ACC_00464,257.39,travel,0,2,0
TXN_AD44B828BAAD4611,2026-08-05 20:00:40.016910+00:00,ACC_00336,357.55,grocery,0,0,0
TXN_EB0E31A4F2714B08,2026-08-05 20:22:55.016910+00:00,ACC_00727,35.55,other,0,0,0
TXN_AF8A4525CD984A2A,2026-08-05 20:43:33.016910+00:00,ACC_00984,281.38,clothing,0,0,0
TXN_1DEB6F8B01134A43,2026-08-05 20:44:34.016910+00:00,ACC_00984,43.09,online_services,0,1,0
TXN_A66F27E774234A1B,2026-08-05 20:44:38.016910+00:00,ACC_00984,15.9,fuel,0,2,0
TXN_05EF58B4804F4AFB,2026-08-05 21:14:31.016910+00:00,ACC_00984,61.58,online_services,0,3,0
TXN_A229BF0944254258,2026-08-05 22:06:13.016910+00:00,ACC_00653,80.25,gaming,0,0,0
TXN_4BE77185DDD34FEF,2026-08-05 22:45:39.016910+00:00,ACC_00653,159.25,online_services,0,1,0
TXN_DD48F2A5C34D4EB1,2026-08-05 22:57:03.016910+00:00,ACC_00653,24.79,grocery,0,2,0
TXN_0348457E3E3C475D,2026-08-05 22:58:34.016910+00:00,ACC_00653,61.56,online_services,0,3,0
TXN_4524EE1C59B94950,2026-08-05 23:56:32.016910+00:00,ACC_00653,47.5,online_services,0,2,0
TXN_6F4A6FC867C64C11,2026-08-06 00:56:37.016910+00:00,ACC_00653,25.17,pharmacy,0,0,0
TXN_5721DC899157481B,2026-08-06 00:59:06.016910+00:00,ACC_00653,138.0,restaurant,0,1,0
TXN_B404D83475B44F49,2026-08-06 01:16:26.016910+00:00,ACC_00933,15000.0,travel,1,5,1
TXN_22E278407CDE4FEB,2026-08-06 01:27:27.016910+00:00,ACC_00154,14621.91,travel,0,0,0
TXN_9CD4EE233D78401E,2026-08-06 01:50:45.016910+00:00,ACC_00043,78.2,other,0,0,0
TXN_9BE8DB7010974B40,2026-08-06 01:54:09.016910+00:00,ACC_00780,53.11,jewelry,0,0,0
TXN_09BAD1E29B5C40C6,2026-08-06 02:00:34.016910+00:00,ACC_00809,56.67,gaming,0,0,0
TXN_84D3045D1A7A4F1B,2026-08-06 02:04:30.016910+00:00,ACC_00447,12.16,online_services,0,0,0
TXN_075299671BD648D7,2026-08-06 02:34:32.016910+00:00,ACC_00289,51.13,restaurant,0,0,0
TXN_2D27E262369B45A9,2026-08-06 02:46:25.016910+00:00,ACC_00436,26.23,electronics,0,0,0
TXN_D7B7179FBED847BA,2026-08-06 03:30:59.016910+00:00,ACC_00582,47.64,electronics,0,0,0
TXN_ACD84C79DA314960,2026-08-06 03:38:59.016910+00:00,ACC_00520,63.88,restaurant,0,0,0
TXN_40C6EA858B254ECB,2026-08-06 04:09:18.016910+00:00,ACC_00896,116.8,electronics,0,0,0
TXN_897013DAE7A342B2,2026-08-06 04:13:25.016910+00:00,ACC_00835,32.76,hotel,0,0,0
TXN_454FDC2C1ED7407E,2026-08-06 05:23:29.016910+00:00,ACC_00946,256.1,other,0,0,0
TXN_CFD961ABCDD34249,2026-08-06 06:27:49.016910+00:00,ACC_00146,99.26,travel,0,0,0
TXN_12473468D2764CC2,2026-08-06 06:44:12.016910+00:00,ACC_00971,2971.91,hotel,0,0,0
TXN_3BB0CB75E4554C95,2026-08-06 07:56:44.016910+00:00,ACC_00667,35.05,fuel,0,0,0
TXN_4C7008F3EDB5484C,2026-08-06 08:27:33.016910+00:00,ACC_00119,66.66,pharmacy,0,0,0
TXN_6576D921FB14477F,2026-08-06 08:35:04.016910+00:00,ACC_00128,38.31,clothing,0,0,0
TXN_EB81C8A9000F418C,2026-08-06 09:18:56.016910+00:00,ACC_00707,31.17,pharmacy,0,0,0
TXN_C0511BF86EAE4245,2026-08-06 09:34:24.016910+00:00,ACC_00426,178.23,other,0,0,0
TXN_5A38DC5C416046B0,2026-08-06 09:57:47.016910+00:00,ACC_00906,620.35,jewelry,0,0,0
TXN_D84C9E61DA154CD4,2026-08-06 11:04:09.016910+00:00,ACC_00200,34.32,grocery,0,0,0
TXN_CE1E835B57C84F95,2026-08-06 11:27:23.016910+00:00,ACC_00236,35.44,fuel,0,0,0
TXN_028B46EEF26C4166,2026-08-06 12:01:33.016910+00:00,ACC_00236,3.99,fuel,0,1,0
TXN_35ACABD1A3304134,2026-08-06 12:34:28.016910+00:00,ACC_00236,69.61,other,0,1,0
TXN_BEE6CFEC425941A0,2026-08-06 13:43:53.016910+00:00,ACC_00236,106.32,gaming,0,0,0
TXN_DE61693568774041,2026-08-06 14:04:16.016910+00:00,ACC_00236,101.33,travel,0,1,0
TXN_05E0949992D34AD1,2026-08-06 15:04:18.016910+00:00,ACC_00236,536.21,travel,0,0,0
TXN_022CA00635954965,2026-08-06 15:11:27.016910+00:00,ACC_00236,669.88,hotel,0,1,0
TXN_07F7B26052D043BB,2026-08-06 15:14:47.016910+00:00,ACC_00236,8.37,fuel,0,2,0
TXN_63A11835A7514F62,2026-08-06 15:15:08.016910+00:00,ACC_00252,15.16,pharmacy,0,0,0
TXN_7D47134CE8734868,2026-08-06 15:33:46.016910+00:00,ACC_00477,156.75,gaming,0,0,0
TXN_9611CEE07D3D4C5C,2026-08-06 15:39:47.016910+00:00,ACC_00870,114.68,clothing,0,0,0
TXN_AEEDF073FFC4456D,2026-08-06 15:39:56.016910+00:00,ACC_00480,7.96,fuel,0,0,0
TXN_F3FA259393D74B01,2026-08-06 15:59:16.016910+00:00,ACC_00647,10.59,online_services,0,0,0
TXN_E08C1EB70AAF4C1E,2026-08-06 16:07:33.016910+00:00,ACC_00297,103.9,other,0,0,0
TXN_F569445BE62F41D6,2026-08-06 16:18:56.016910+00:00,ACC_00194,58.59,grocery,0,0,0
TXN_2B2E03E55A6247C9,2026-08-06 16:19:24.016910+00:00,ACC_00308,31.77,fuel,0,0,0
TXN_C4440002869A4E51,2026-08-06 17:26:07.016910+00:00,ACC_00301,185.64,clothing,0,0,0
TXN_C4DC22AA7005493A,2026-08-06 17:36:30.016910+00:00,ACC_00221,27.99,clothing,0,0,0
TXN_EE176BA9ECC94741,2026-08-06 17:38:24.016910+00:00,ACC_00224,5.64,fuel,0,0,0
TXN_5181A241135F4B40,2026-08-06 17:50:33.016910+00:00,ACC_00780,111.04,other,0,0,0
TXN_44DFB56529AC439F,2026-08-06 17:54:08.016910+00:00,ACC_00687,110.97,gaming,0,0,0
TXN_5A2A7E896F1942D3,2026-08-06 17:55:50.016910+00:00,ACC_00807,13916.49,travel,0,0,1
TXN_072085B0BE6A47DD,2026-08-06 18:13:17.016910+00:00,ACC_00627,11.76,pharmacy,0,0,0
TXN_066B2EE9AF3540AB,2026-08-06 18:32:27.016910+00:00,ACC_00627,20.91,travel,0,1,0
TXN_EEF42516848847E7,2026-08-06 19:43:09.016910+00:00,ACC_00627,57.34,other,0,0,0
TXN_BB3950421FA54817,2026-08-06 20:08:06.016910+00:00,ACC_00627,159.27,electronics,0,1,0
TXN_2B19A6A798B84540,2026-08-06 20:15:43.016910+00:00,ACC_00627,299.6,electronics,0,2,0
TXN_E3E50267001E47B1,2026-08-06 20:21:27.016910+00:00,ACC_00627,84.55,other,0,3,0
TXN_28661CA42FEC4CC9,2026-08-06 20:34:34.016910+00:00,ACC_00066,28.1,gaming,0,0,0
TXN_5A9DBEB3F86542CB,2026-08-06 20:56:16.016910+00:00,ACC_00909,69.63,other,0,0,0
TXN_C48EF31348954276,2026-08-06 21:49:12.016910+00:00,ACC_00893,79.05,restaurant,0,0,0
TXN_98DAEEC132054C32,2026-08-06 22:23:20.016910+00:00,ACC_00095,196.53,travel,1,0,0
TXN_4A77B4364D654DEF,2026-08-06 22:36:58.016910+00:00,ACC_00095,121.27,clothing,1,1,0
TXN_192EE588170F4C19,2026-08-06 23:07:49.016910+00:00,ACC_00095,16.34,gaming,0,2,0
TXN_9460887674BF4477,2026-08-06 23:19:03.016910+00:00,ACC_00095,96.04,clothing,0,3,0
TXN_5C2E9516517F40DD,2026-08-06 23:54:49.016910+00:00,ACC_00095,59.29,fuel,0,2,0
TXN_CA5CF9138EFD4FC5,2026-08-07 00:03:28.016910+00:00,ACC_00095,33.74,online_services,0,3,0
TXN_57DD8C53B2104098,2026-08-07 00:13:03.016910+00:00,ACC_00095,80.65,restaurant,0,3,0
TXN_9D2E6F6896CF4B2F,2026-08-07 00:18:44.016910+00:00,ACC_00095,787.92,hotel,0,4,0
TXN_0902490BE3724AFB,2026-08-07 00:35:13.016910+00:00,ACC_00902,7.31,restaurant,0,0,0
TXN_4F22BD658885495B,2026-08-07 00:52:32.016910+00:00,ACC_00191,27.67,travel,0,0,0
TXN_23ACCE1DC8124715,2026-08-07 01:52:32.016910+00:00,ACC_00687,110.3,travel,0,0,0
TXN_D967D52AF8A34007,2026-08-07 02:42:04.016910+00:00,ACC_00204,48.17,clothing,0,0,0
TXN_CB9D9AC23D2F4C17,2026-08-07 03:12:50.016910+00:00,ACC_00065,143.49,travel,0,0,0
TXN_0E16824209184E91,2026-08-07 03:25:09.016910+00:00,ACC_00610,79.44,travel,0,0,0
TXN_8EF6DA27356A44B0,2026-08-07 04:03:49.016910+00:00,ACC_00486,51.35,jewelry,0,0,0
TXN_3297520E55DB4CD8,2026-08-07 05:12:02.016910+00:00,ACC_00137,37.03,gaming,0,0,0
TXN_2FA9EFA60A914FAB,2026-08-07 05:20:22.016910+00:00,ACC_00342,43.14,online_services,0,0,0
TXN_3B5289287B934555,2026-08-07 05:39:15.016910+00:00,ACC_00183,106.73,travel,0,0,0
TXN_D49AE9BFACDC4920,2026-08-07 05:47:04.016910+00:00,ACC_00667,110.25,electronics,1,0,0
TXN_E6C2A61018894097,2026-08-07 06:03:21.016910+00:00,ACC_00626,35.62,restaurant,0,0,0
TXN_1539897E37AF49D9,2026-08-07 06:07:11.016910+00:00,ACC_00330,95.82,hotel,0,0,0
TXN_0E79CC90792F437F,2026-08-07 06:15:04.016910+00:00,ACC_00739,31.45,other,0,0,0
TXN_56DDACF41799426B,2026-08-07 06:51:19.016910+00:00,ACC_01000,44.34,gaming,0,0,0
TXN_512A693863B247FE,2026-08-07 07:35:29.016910+00:00,ACC_00347,76.7,other,1,0,0
TXN_4D14079F15324B9A,2026-08-07 07:40:51.016910+00:00,ACC_00131,60.19,other,0,0,0
TXN_4615FF9445D74AFF,2026-08-07 07:53:08.016910+00:00,ACC_00675,256.61,pharmacy,0,0,0
TXN_D7CE08396E98466D,2026-08-07 09:22:56.016910+00:00,ACC_00843,82.17,other,0,0,0
TXN_DAA81864B17E42F1,2026-08-07 09:47:10.016910+00:00,ACC_00319,57.67,other,0,0,0
TXN_2807DF87C6874CA0,2026-08-07 10:38:05.016910+00:00,ACC_00098,13.8,restaurant,0,0,0
TXN_E8C17F966C764454,2026-08-07 11:14:23.016910+00:00,ACC_00684,112.68,jewelry,0,0,0
TXN_8C9B174C14FF4197,2026-08-07 11:20:17.016910+00:00,ACC_00577,21.39,restaurant,0,0,0
TXN_E134E6B7200048C1,2026-08-07 11:22:42.016910+00:00,ACC_00319,35.2,online_services,0,0,0
TXN_6B20346A3C4B4E76,2026-08-07 11:40:47.016910+00:00,ACC_00071,25.5,pharmacy,0,0,0
TXN_E0401891A25241D2,2026-08-07 12:14:00.016910+00:00,ACC_00686,68.59,gaming,0,0,0
TXN_986482FD651C45D3,2026-08-07 12:49:46.016910+00:00,ACC_00841,311.4,electronics,0,0,0
TXN_18CA938F08124444,2026-08-07 13:14:30.016910+00:00,ACC_00219,278.61,travel,0,0,0
TXN_90CE10FC45634D11,2026-08-07 13:26:12.016910+00:00,ACC_00441,69.14,grocery,0,0,0
TXN_0DFD8FBF0D7D40BB,2026-08-07 13:49:06.016910+00:00,ACC_00441,17.52,fuel,0,1,0
TXN_E263A6F548414D28,2026-08-07 13:52:32.016910+00:00,ACC_00441,727.95,jewelry,0,2,0
TXN_05F80D3BD31B494A,2026-08-07 14:13:13.016910+00:00,ACC_00441,54.16,hotel,0,3,0
TXN_1267A4BEBECE4491,2026-08-07 14:26:50.016910+00:00,ACC_00441,149.75,electronics,0,3,0
TXN_581E75621D004471,2026-08-07 15:08:42.016910+00:00,ACC_00767,65.01,grocery,0,0,0
TXN_676A46550F7F4376,2026-08-07 15:50:11.016910+00:00,ACC_00701,375.83,electronics,0,0,0
TXN_00073C874C604DCF,2026-08-07 16:08:55.016910+00:00,ACC_00756,677.2,hotel,0,0,0
TXN_F17DD91A06CA4968,2026-08-07 16:21:25.016910+00:00,ACC_00293,37.06,clothing,0,0,0
TXN_F52DFFB8EBAD41BC,2026-08-07 16:32:10.016910+00:00,ACC_00328,41.41,pharmacy,0,0,0
TXN_B38DBA24128F4AB1,2026-08-07 16:43:34.016910+00:00,ACC_00175,339.45,electronics,0,0,0
TXN_0DDCB5D7CE074653,2026-08-07 16:49:48.016910+00:00,ACC_00673,375.1,other,0,0,0
TXN_EEEBDDD9E0664427,2026-08-07 17:06:06.016910+00:00,ACC_00237,45.33,other,0,0,0
TXN_41D3DE256A0A4462,2026-08-07 17:26:51.016910+00:00,ACC_00609,18.3,fuel,0,0,0
TXN_53978F1B0F7E41BF,2026-08-07 17:46:30.016910+00:00,ACC_00917,16.36,other,0,0,0
TXN_C9E0B9AED99A4CCB,2026-08-07 18:01:39.016910+00:00,ACC_00917,9.2,online_services,0,1,0
TXN_939E8603CA554898,2026-08-07 18:04:04.016910+00:00,ACC_00917,18.06,pharmacy,0,2,0
TXN_23D65E0511DA43F4,2026-08-07 18:36:01.016910+00:00,ACC_00917,122.62,clothing,0,3,0
TXN_4455679651784FCC,2026-08-07 19:28:50.016910+00:00,ACC_00917,289.59,hotel,0,1,0
TXN_365C8BF43A614B5A,2026-08-07 19:42:40.016910+00:00,ACC_00917,82.16,other,0,1,0
TXN_55DCBD9755F649EF,2026-08-07 20:04:03.016910+00:00,ACC_00917,108.78,travel,0,2,0
TXN_09C3497ABDA84B11,2026-08-07 21:03:00.016910+00:00,ACC_00811,42.99,restaurant,0,0,0
TXN_CAF8E4BF5275414A,2026-08-07 21:52:39.016910+00:00,ACC_00776,122.17,hotel,0,0,0
TXN_57DDFD32521C4C3A,2026-08-07 22:27:37.016910+00:00,ACC_00723,31.8,grocery,0,0,0
TXN_660B32AA901F4ACF,2026-08-07 23:29:55.016910+00:00,ACC_00518,54.95,fuel,0,0,0
TXN_7CAFE23BD5244EB6,2026-08-07 23:42:59.016910+00:00,ACC_00848,83.64,hotel,0,0,0
TXN_6186FFA2C88249CD,2026-08-08 01:02:35.016910+00:00,ACC_00437,62.51,gaming,0,0,0
TXN_F503A62632214321,2026-08-08 01:06:35.016910+00:00,ACC_00437,181.65,hotel,0,1,0
TXN_442520948FFD4E02,2026-08-08 01:09:24.016910+00:00,ACC_00437,80.33,fuel,0,2,0
TXN_70C53F26A1B545CE,2026-08-08 01:18:30.016910+00:00,ACC_00437,13.25,other,0,3,0
TXN_808BD094C6964AA9,2026-08-08 01:49:21.016910+00:00,ACC_00437,147.78,online_services,0,4,0
TXN_594898E7BA8F49B0,2026-08-08 01:54:17.016910+00:00,ACC_00437,26.94,restaurant,0,5,0
TXN_8832A1F267124D6E,2026-08-08 02:34:23.016910+00:00,ACC_00437,857.97,travel,0,2,0
TXN_EBE440810444490C,2026-08-08 02:46:43.016910+00:00,ACC_00865,109.76,gaming,0,0,0
TXN_95C5E1A760004D57,2026-08-08 02:56:43.016910+00:00,ACC_00904,15000.0,travel,1,5,0
TXN_245A0DFB0A7A4ACD,2026-08-08 02:58:20.016910+00:00,ACC_00904,100.4,other,0,1,0
TXN_85CC19D4461644F2,2026-08-08 03:01:34.016910+00:00,ACC_00904,85.19,restaurant,0,2,0
TXN_D07CDF5637B845B3,2026-08-08 03:05:05.016910+00:00,ACC_00904,42.76,clothing,0,3,0
TXN_4F2FB568368144AD,2026-08-08 03:53:03.016910+00:00,ACC_00904,100.44,jewelry,0,4,0
TXN_A2367CF795954FE2,2026-08-08 04:26:59.016910+00:00,ACC_00341,10.86,restaurant,0,0,0
TXN_EC63017884D044E2,2026-08-08 04:36:38.016910+00:00,ACC_00341,11.17,grocery,1,1,0
TXN_886C8B3F07F54AEC,2026-08-08 04:43:33.016910+00:00,ACC_00341,6.99,online_services,0,2,0
TXN_14115F33DA9B4D08,2026-08-08 05:45:56.016910+00:00,ACC_00341,38.41,fuel,0,0,0
TXN_045EB767C1C34624,2026-08-08 06:03:08.016910+00:00,ACC_00341,45.35,electronics,0,1,0
TXN_F204B2959D6D45E7,2026-08-08 06:34:53.016910+00:00,ACC_00341,16.39,restaurant,0,2,0
TXN_162F208FF06743E2,2026-08-08 07:28:05.016910+00:00,ACC_00341,247.2,fuel,0,1,0
TXN_37B04405332848F3,2026-08-08 07:36:39.016910+00:00,ACC_00341,73.0,online_services,0,1,0
TXN_CA4F9431ACFB4701,2026-08-08 08:31:25.016910+00:00,ACC_00787,65.26,travel,0,0,0
TXN_7173C8248F9942F0,2026-08-08 08:52:06.016910+00:00,ACC_00731,593.52,other,0,0,0
TXN_4DCA2F22A46A4412,2026-08-08 08:54:16.016910+00:00,ACC_00803,155.07,hotel,0,0,0
TXN_2BC78BBC7392440D,2026-08-08 09:40:24.016910+00:00,ACC_00379,8.03,electronics,0,0,0
TXN_CB594F697D244225,2026-08-08 10:22:38.016910+00:00,ACC_00379,1055.91,hotel,0,1,0
TXN_70A219D543314431,2026-08-08 10:34:04.016910+00:00,ACC_00379,522.88,electronics,0,2,0
TXN_04D4AACF79A5450E,2026-08-08 10:35:38.016910+00:00,ACC_00379,5.86,other,0,3,0
TXN_EE604A0F91764A51,2026-08-08 11:56:02.016910+00:00,ACC_00379,80.2,other,0,0,0
TXN_E8E13BE855FE4916,2026-08-08 13:09:32.016910+00:00,ACC_00379,108.92,hotel,0,0,0
TXN_D1FA30966ACE480F,2026-08-08 13:21:55.016910+00:00,ACC_00379,134.3,other,0,1,0
TXN_499292944B004D30,2026-08-08 13:22:07.016910+00:00,ACC_00379,44.21,pharmacy,0,2,0
TXN_55B2742C59E44EA0,2026-08-08 13:44:45.016910+00:00,ACC_00662,27.13,fuel,0,0,0
TXN_640449B0C8884B1C,2026-08-08 13:53:37.016910+00:00,ACC_00146,32.98,clothing,0,0,0
TXN_67756DDB50EF4558,2026-08-08 14:18:36.016910+00:00,ACC_00146,316.49,electronics,0,1,0
TXN_030CF7748CEF4CB8,2026-08-08 15:46:53.016910+00:00,ACC_00146,20.84,online_services,0,0,0
TXN_DB3F514C29074C27,2026-08-08 15:56:36.016910+00:00,ACC_00146,311.73,hotel,0,1,0
TXN_8065457E170A4F55,2026-08-08 16:23:45.016910+00:00,ACC_00146,56.39,clothing,0,2,0
TXN_A9211757E3F84B3B,2026-08-08 16:35:59.016910+00:00,ACC_00146,54.76,jewelry,0,3,0
TXN_C68AE8FB58A541F7,2026-08-08 16:54:41.016910+00:00,ACC_00146,135.78,gaming,0,3,0
TXN_156E50463F184664,2026-08-08 17:00:41.016910+00:00,ACC_00559,66.63,travel,0,0,0
TXN_C5D49FA5A46E4C53,2026-08-08 17:24:55.016910+00:00,ACC_00316,29.89,other,0,0,0
TXN_183E0754480D4E2D,2026-08-08 17:34:12.016910+00:00,ACC_00316,29.75,pharmacy,0,1,0
TXN_05CA278C4AA74A70,2026-08-08 17:39:05.016910+00:00,ACC_00316,40.19,fuel,0,2,0
TXN_06816CE0721444F2,2026-08-08 18:43:27.016910+00:00,ACC_00316,64.58,gaming,0,0,0
TXN_3A7DF5DAED4A4218,2026-08-08 18:57:42.016910+00:00,ACC_00316,128.26,online_services,0,1,0
TXN_D3418DBAFF354162,2026-08-08 19:08:38.016910+00:00,ACC_00316,309.26,electronics,0,2,0
TXN_51A398E0595645B1,2026-08-08 19:19:35.016910+00:00,ACC_00838,24.96,grocery,0,0,0
TXN_8D8C4E5487624005,2026-08-08 19:31:13.016910+00:00,ACC_00385,22.02,pharmacy,0,0,0
TXN_E3A552EB6B5E43CA,2026-08-08 19:39:12.016910+00:00,ACC_00035,85.51,pharmacy,0,0,0
TXN_8C7883DE8BEB4A0A,2026-08-08 19:56:17.016910+00:00,ACC_00125,11.4,restaurant,0,0,0
TXN_461B7284CF074219,2026-08-08 21:19:47.016910+00:00,ACC_00013,156.57,travel,0,0,0
TXN_BCDC23F987BA4748,2026-08-08 22:28:41.016910+00:00,ACC_00774,191.78,online_services,0,0,0
TXN_8D4B937B870E41EF,2026-08-08 22:30:06.016910+00:00,ACC_00203,81.25,electronics,0,0,0
TXN_D6581821474D4C1E,2026-08-08 22:36:00.016910+00:00,ACC_00681,11.02,fuel,0,0,0
TXN_CD224C3AAE3A45C6,2026-08-08 23:05:19.016910+00:00,ACC_00681,106.63,jewelry,0,1,0
TXN_13FF9FD758054D0F,2026-08-08 23:32:45.016910+00:00,ACC_00681,22.53,online_services,0,2,0
TXN_B6305927CA544592,2026-08-08 23:58:40.016910+00:00,ACC_00681,99.15,jewelry,0,2,0
TXN_E2EE3DF0B48E4157,2026-08-09 00:08:19.016910+00:00,ACC_00681,28.47,pharmacy,0,2,0
TXN_8C02A0131AB54FCC,2026-08-09 01:03:49.016910+00:00,ACC_00681,1029.24,hotel,0,1,0
TXN_93457037AAE744FE,2026-08-09 01:10:40.016910+00:00,ACC_00681,244.28,travel,0,1,0
TXN_1380707F4C6940AB,2026-08-09 01:38:15.016910+00:00,ACC_00617,36.27,fuel,0,0,0
TXN_ED552A2F7DBA43F7,2026-08-09 02:22:01.016910+00:00,ACC_00385,112.18,electronics,0,0,0
TXN_C1F0459940354E10,2026-08-09 02:57:27.016910+00:00,ACC_00363,18.9,pharmacy,0,0,0
TXN_92D3707CF8CE4EB8,2026-08-09 03:30:54.016910+00:00,ACC_00363,50.3,clothing,0,1,0
TXN_CBA983582C5C44A8,2026-08-09 03:37:07.016910+00:00,ACC_00363,159.48,fuel,0,2,0
TXN_87053938F81A4D25,2026-08-09 03:37:57.016910+00:00,ACC_00363,38.8,pharmacy,0,3,0
TXN_E74EFCDFA41A4535,2026-08-09 03:40:38.016910+00:00,ACC_00363,107.52,grocery,0,4,0
TXN_7AA8C155835C4C96,2026-08-09 03:41:29.016910+00:00,ACC_00363,265.69,hotel,0,5,0
TXN_43EE837C040E41CA,2026-08-09 03:59:10.016910+00:00,ACC_00363,969.39,hotel,0,5,0
TXN_3B568D1DAE844C10,2026-08-09 04:20:23.016910+00:00,ACC_00363,260.67,electronics,0,6,0
TXN_E9F713B72A7840A1,2026-08-09 04:58:12.016910+00:00,ACC_00865,398.95,clothing,0,0,0
TXN_3A03DA25F3824026,2026-08-09 05:41:02.016910+00:00,ACC_00865,332.72,hotel,0,1,0
TXN_889FE5E926D24C73,2026-08-09 05:56:49.016910+00:00,ACC_00865,48.45,pharmacy,0,2,0
TXN_01277D8D2AD747C0,2026-08-09 06:07:01.016910+00:00,ACC_00865,20.43,grocery,0,2,0
TXN_0E515DE03DD149CE,2026-08-09 06:12:06.016910+00:00,ACC_00865,91.58,pharmacy,0,3,0
TXN_871D89F606334B7E,2026-08-09 06:34:55.016910+00:00,ACC_00056,334.15,hotel,0,0,0
TXN_5EE9F51B794D43AB,2026-08-09 07:01:11.016910+00:00,ACC_00408,137.61,online_services,0,0,0
TXN_403943C86F324D4D,2026-08-09 07:57:22.016910+00:00,ACC_00408,3.17,pharmacy,0,1,0
TXN_A7802A450D87472F,2026-08-09 08:17:01.016910+00:00,ACC_00408,79.36,hotel,0,1,0
TXN_0E9B83EFE7B9449C,2026-08-09 09:15:27.016910+00:00,ACC_00408,86.8,clothing,0,1,0
TXN_93A85D712BF64D0E,2026-08-09 09:30:12.016910+00:00,ACC_00408,25.48,pharmacy,0,1,0
TXN_3D0114CA855C4549,2026-08-09 09:40:44.016910+00:00,ACC_00408,91.14,travel,0,2,0
TXN_ED35D31B0B864915,2026-08-09 09:52:46.016910+00:00,ACC_00408,25.11,gaming,0,3,0
TXN_C55C3910B1A745E6,2026-08-09 10:27:43.016910+00:00,ACC_00408,7.02,restaurant,0,3,0
TXN_5D4061928821412D,2026-08-09 11:48:58.016910+00:00,ACC_00533,73.08,gaming,0,0,0
TXN_9A3B426377424517,2026-08-09 13:15:05.016910+00:00,ACC_00031,85.61,travel,0,0,0
TXN_CCDC9206ADA94DE6,2026-08-09 14:11:59.016910+00:00,ACC_00415,81.38,electronics,0,0,0
TXN_016640D0191C4884,2026-08-09 14:53:55.016910+00:00,ACC_00223,31.09,pharmacy,0,0,0
TXN_52013AC59D234E67,2026-08-09 14:59:19.016910+00:00,ACC_00223,85.66,online_services,0,1,0
TXN_3167FAAE34294A53,2026-08-09 15:20:24.016910+00:00,ACC_00223,55.04,fuel,0,2,0
TXN_EDBE6AE4D1AF4DE0,2026-08-09 15:40:40.016910+00:00,ACC_00223,60.08,online_services,0,3,0
TXN_5C7F41342E644233,2026-08-09 15:48:56.016910+00:00,ACC_00223,7.72,other,0,4,0
TXN_FE8A7687CF7249C0,2026-08-09 16:14:12.016910+00:00,ACC_00223,94.11,pharmacy,0,3,0
TXN_023C56E509194E9D,2026-08-09 16:25:23.016910+00:00,ACC_00507,796.05,travel,0,0,0
TXN_7E61406AD39A4D89,2026-08-09 16:34:36.016910+00:00,ACC_00915,146.22,hotel,0,0,0
TXN_EB4019EFC2F748BF,2026-08-09 16:42:43.016910+00:00,ACC_00915,17.7,gaming,0,1,0
TXN_D0C820E80FA944D6,2026-08-09 16:46:02.016910+00:00,ACC_00915,22.39,pharmacy,0,2,0
TXN_C342229E27A345DF,2026-08-09 17:09:29.016910+00:00,ACC_00915,18.39,gaming,0,3,0
TXN_8715469178734CF1,2026-08-09 18:10:12.016910+00:00,ACC_00915,275.65,other,0,0,0
TXN_3924BA9AC221482F,2026-08-09 18:16:19.016910+00:00,ACC_00915,28.34,fuel,0,1,0
TXN_D71724744CD64B17,2026-08-09 18:17:39.016910+00:00,ACC_00915,61.16,online_services,0,2,0
TXN_087AAE0F444648B6,2026-08-09 18:20:08.016910+00:00,ACC_00545,34.91,fuel,0,0,0
TXN_C3FCDC0D456A4665,2026-08-09 18:33:06.016910+00:00,ACC_00946,81.67,online_services,0,0,0
TXN_5EC698E1EDE9485F,2026-08-09 18:55:01.016910+00:00,ACC_00099,22.03,online_services,0,0,0
TXN_27B2AAF14CBE4423,2026-08-09 18:58:33.016910+00:00,ACC_00991,73.55,other,0,0,0
TXN_FA616FCD67EF4D85,2026-08-09 19:13:55.016910+00:00,ACC_00389,1040.52,online_services,0,0,0
TXN_25C2913BF6A34462,2026-08-09 19:29:40.016910+00:00,ACC_00002,108.3,pharmacy,0,0,0
TXN_B698987FA0064E3D,2026-08-09 20:50:28.016910+00:00,ACC_00755,16.65,hotel,0,0,0
TXN_3FEAE8FB323841EC,2026-08-09 21:36:03.016910+00:00,ACC_00972,45.1,other,0,0,0
TXN_888CF6FAED9B4FC7,2026-08-09 22:32:56.016910+00:00,ACC_00513,113.52,grocery,0,0,0
TXN_5DF5465885F84215,2026-08-09 22:43:16.016910+00:00,ACC_00920,114.08,gaming,0,0,0
TXN_B771626F12F7446F,2026-08-09 22:46:21.016910+00:00,ACC_00876,59.55,jewelry,0,0,0
TXN_CD880ABF9A3A41BA,2026-08-09 23:19:45.016910+00:00,ACC_00667,126.67,other,0,0,0
TXN_8DB0A7537EE44305,2026-08-09 23:29:44.016910+00:00,ACC_00008,20.29,gaming,0,0,0
TXN_56DF07B4FE7240AD,2026-08-09 23:51:00.016910+00:00,ACC_00413,22.67,grocery,0,0,0
TXN_1E2C69B589F04AE6,2026-08-10 00:05:34.016910+00:00,ACC_00994,122.17,online_services,0,0,0
TXN_53EBDD1CB55E4CD1,2026-08-10 00:16:05.016910+00:00,ACC_00496,30.97,fuel,0,0,0
TXN_331732F1E764475A,2026-08-10 00:36:39.016910+00:00,ACC_00267,9.85,fuel,1,0,0
TXN_5EB51A8534214E6A,2026-08-10 00:37:13.016910+00:00,ACC_00133,40.61,hotel,0,0,0
TXN_0B93756FF4984B4C,2026-08-10 00:54:14.016910+00:00,ACC_00142,44.34,fuel,0,0,0
TXN_FE970BCDA68B42E7,2026-08-10 02:10:50.016910+00:00,ACC_00749,34.33,gaming,0,0,0
TXN_40AB6C9CBABB4EB5,2026-08-10 04:00:44.016910+00:00,ACC_00757,33.75,online_services,0,0,0
TXN_F7D22F3C84BD4382,2026-08-10 04:02:23.016910+00:00,ACC_00676,70.2,fuel,0,0,0
TXN_FDB80B14BC874874,2026-08-10 04:50:47.016910+00:00,ACC_00449,74.84,clothing,0,0,0
TXN_7080558D6D6F4715,2026-08-10 05:17:49.016910+00:00,ACC_00515,32.05,grocery,0,0,0
TXN_793AC87090A34264,2026-08-10 05:27:43.016910+00:00,ACC_00515,145.19,other,0,1,0
TXN_D4E5C0EFA2474926,2026-08-10 05:32:14.016910+00:00,ACC_00515,60.7,pharmacy,0,2,0
TXN_C0015FB7B4C14D5C,2026-08-10 05:41:47.016910+00:00,ACC_00515,54.85,fuel,0,3,0
TXN_F2B168D3D03E4504,2026-08-10 05:45:29.016910+00:00,ACC_00775,22.23,pharmacy,0,0,0
TXN_7BBF66EA9B10494B,2026-08-10 06:02:28.016910+00:00,ACC_00252,171.17,other,0,0,0
TXN_B3C19F9B4E034903,2026-08-10 06:05:48.016910+00:00,ACC_00525,41.74,other,0,0,0
TXN_70794D61EA1C40D7,2026-08-10 06:46:02.016910+00:00,ACC_00154,22.66,restaurant,0,0,0
TXN_D325D913E6F840F2,2026-08-10 07:46:22.016910+00:00,ACC_00445,141.52,restaurant,0,0,0
TXN_0C237ADB4F904268,2026-08-10 07:52:07.016910+00:00,ACC_00146,18.6,grocery,0,0,0
TXN_66477FF992074EFC,2026-08-10 07:52:09.016910+00:00,ACC_00728,23.63,clothing,0,0,0
TXN_31DA521563004F39,2026-08-10 08:27:15.016910+00:00,ACC_00647,23.47,restaurant,0,0,0
TXN_9801928F69154E2D,2026-08-10 09:15:41.016910+00:00,ACC_00529,17.57,gaming,0,0,0
TXN_D4965F27A1D64154,2026-08-10 09:39:20.016910+00:00,ACC_00952,17.96,gaming,0,0,0
TXN_C8E8E3AF5CED45DD,2026-08-10 11:13:53.016910+00:00,ACC_00059,218.78,online_services,0,0,0
TXN_351F4BC61E7C41DF,2026-08-10 11:45:52.016910+00:00,ACC_00647,185.01,jewelry,0,0,0
TXN_76F0AF3DD58D40F2,2026-08-10 11:48:26.016910+00:00,ACC_00468,64.74,online_services,0,0,0
TXN_F90B79AAA87A49FB,2026-08-10 11:55:05.016910+00:00,ACC_00454,14.44,clothing,0,0,0
TXN_AC37936CA1AD48B9,2026-08-10 12:54:09.016910+00:00,ACC_00070,17.26,grocery,0,0,0
TXN_9CB01E20C6314FB9,2026-08-10 12:57:50.016910+00:00,ACC_00441,256.42,gaming,0,0,0
TXN_A03AC24FF90E4CD7,2026-08-10 13:13:28.016910+00:00,ACC_00221,55.34,travel,0,0,0
TXN_66B257018DDB410C,2026-08-10 13:23:49.016910+00:00,ACC_00144,58.42,grocery,0,0,0
TXN_1626D55150D8478B,2026-08-10 13:44:24.016910+00:00,ACC_00570,3.99,online_services,0,0,0
TXN_EF7EA017224C4F4F,2026-08-10 13:47:31.016910+00:00,ACC_00281,7.54,restaurant,0,0,0
TXN_4754308BCD12400C,2026-08-10 13:58:27.016910+00:00,ACC_00084,36.46,gaming,0,0,0
TXN_9C13D1273A58480B,2026-08-10 14:41:32.016910+00:00,ACC_00996,351.27,travel,0,0,0
TXN_8BEC525CCF044B0D,2026-08-10 14:43:19.016910+00:00,ACC_00357,120.06,electronics,0,0,0
TXN_960148EAB94146EB,2026-08-10 14:57:32.016910+00:00,ACC_00036,197.66,jewelry,0,0,0
TXN_B8D3D863646040CD,2026-08-10 15:06:18.016910+00:00,ACC_00036,438.64,jewelry,0,1,0
TXN_29FC6AD3ACDF42BC,2026-08-10 15:29:50.016910+00:00,ACC_00036,50.76,grocery,0,2,0
TXN_F4F8BE4EF1DC4288,2026-08-10 16:11:38.016910+00:00,ACC_00036,48.25,jewelry,0,1,0
TXN_35FDAC281BBB4F5F,2026-08-10 16:15:13.016910+00:00,ACC_00036,45.12,gaming,0,2,0
TXN_F64DD760A744450D,2026-08-10 16:16:40.016910+00:00,ACC_00817,75.51,hotel,0,0,0
TXN_1427FB34491C46E3,2026-08-10 16:24:57.016910+00:00,ACC_00274,119.35,travel,0,0,0
TXN_2D1F0FC3EF414F67,2026-08-10 16:35:26.016910+00:00,ACC_00739,73.58,hotel,0,0,0
TXN_61FB48BE8AFD4CA7,2026-08-10 16:40:56.016910+00:00,ACC_00330,39.98,fuel,0,0,0
TXN_32491888F7B0487C,2026-08-10 17:05:50.016910+00:00,ACC_00733,86.31,other,0,0,0
TXN_15B04064B0A14D81,2026-08-10 18:26:34.016910+00:00,ACC_00733,35.41,electronics,0,0,0
TXN_ECC83B37909C43FB,2026-08-10 18:45:37.016910+00:00,ACC_00733,21.31,fuel,0,1,0
TXN_DF9A1F600A0843A0,2026-08-10 20:02:50.016910+00:00,ACC_00733,95.45,clothing,0,0,0
TXN_F4AE3DF6F15346DD,2026-08-10 20:05:49.016910+00:00,ACC_00733,240.64,electronics,0,1,0
TXN_303886CE069648AD,2026-08-10 20:29:33.016910+00:00,ACC_00733,184.4,online_services,0,2,0
TXN_F16AE5486AFF41B2,2026-08-10 21:09:32.016910+00:00,ACC_00733,48.95,gaming,0,1,0
TXN_16B0D775D73D4D42,2026-08-10 21:10:46.016910+00:00,ACC_00577,115.78,jewelry,0,0,0
TXN_179B35B292C54F87,2026-08-10 21:39:40.016910+00:00,ACC_00367,123.63,jewelry,0,0,0
TXN_D1016B58F353435C,2026-08-10 21:57:58.016910+00:00,ACC_00953,14617.06,travel,0,0,0
TXN_F4E991C216754C96,2026-08-10 22:25:56.016910+00:00,ACC_00413,19.66,gaming,0,0,0
TXN_2A92B0310C1248FA,2026-08-10 22:30:11.016910+00:00,ACC_00906,170.34,gaming,0,0,0
TXN_420D4C4C8B834129,2026-08-10 22:54:26.016910+00:00,ACC_00886,91.43,travel,0,0,0
TXN_869C46EB6D47476B,2026-08-10 23:29:09.016910+00:00,ACC_00188,362.23,electronics,0,0,0
TXN_04DF43D632404D93,2026-08-10 23:38:14.016910+00:00,ACC_00630,10.97,restaurant,0,0,0
TXN_1964201CE07243A0,2026-08-10 23:41:03.016910+00:00,ACC_00383,38.34,online_services,0,0,0
TXN_ED335F4870B5482F,2026-08-11 00:46:48.016910+00:00,ACC_00054,20.81,restaurant,0,0,0
TXN_DF699B2D110C464B,2026-08-11 01:13:16.016910+00:00,ACC_00043,31.36,hotel,0,0,0
TXN_72B4AE1F80EB4575,2026-08-11 01:54:26.016910+00:00,ACC_00379,31.22,grocery,0,0,0
TXN_53E2C32D5E4443DA,2026-08-11 02:58:13.016910+00:00,ACC_00926,144.51,electronics,0,0,0
TXN_081DA27EF01345AD,2026-08-11 03:50:53.016910+00:00,ACC_00926,31.5,jewelry,0,1,0
TXN_76218232686A4BFF,2026-08-11 03:52:02.016910+00:00,ACC_00926,66.13,grocery,0,2,0
TXN_FDCE2EA3D36F42A7,2026-08-11 04:23:47.016910+00:00,ACC_00926,313.58,jewelry,0,2,0
TXN_0897AB4A20324232,2026-08-11 04:57:59.016910+00:00,ACC_00452,223.46,jewelry,0,0,0
TXN_421F20B771E34946,2026-08-11 04:59:33.016910+00:00,ACC_00407,91.84,gaming,0,0,0
TXN_6DD1E62E46D54B69,2026-08-11 05:17:02.016910+00:00,ACC_00192,86.19,grocery,0,0,0
TXN_151B7AA7DDB94757,2026-08-11 05:28:59.016910+00:00,ACC_00329,548.85,grocery,0,0,0
TXN_1474EC151E194757,2026-08-11 06:02:39.016910+00:00,ACC_00099,10.53,fuel,0,0,0
TXN_E92F42E63FCC40B4,2026-08-11 06:08:47.016910+00:00,ACC_00763,200.42,gaming,0,0,0
TXN_D9792CA334BD499C,2026-08-11 06:37:33.016910+00:00,ACC_00070,370.4,travel,0,0,0
TXN_B9971B32D74C4149,2026-08-11 06:42:24.016910+00:00,ACC_00964,156.68,hotel,0,0,0
TXN_A7C84392464444EA,2026-08-11 07:16:57.016910+00:00,ACC_00192,13.38,pharmacy,0,0,0
TXN_0EC831C73E254FA0,2026-08-11 07:56:01.016910+00:00,ACC_00260,97.36,travel,0,0,0
TXN_DAB6E2A8D74249DC,2026-08-11 08:18:18.016910+00:00,ACC_00157,34.21,other,0,0,0
TXN_37310E71D96C4C77,2026-08-11 08:51:53.016910+00:00,ACC_00599,126.69,travel,0,0,0
TXN_82A7F08BF1804501,2026-08-11 09:26:43.016910+00:00,ACC_00011,220.49,electronics,0,0,0
TXN_58F1010556E0477A,2026-08-11 09:32:49.016910+00:00,ACC_00744,400.09,hotel,0,0,0
TXN_C993E7C94A4E4C93,2026-08-11 09:36:54.016910+00:00,ACC_00386,240.39,grocery,0,0,0
TXN_E625DAF1C9734806,2026-08-11 09:37:39.016910+00:00,ACC_00358,156.87,jewelry,0,0,0
TXN_EB7884F8112849C3,2026-08-11 10:10:20.016910+00:00,ACC_00439,267.74,jewelry,0,0,0
TXN_D0F28CE14D7B461C,2026-08-11 10:55:57.016910+00:00,ACC_00587,23.42,clothing,0,0,0
TXN_5549DB9070E6454B,2026-08-11 11:04:20.016910+00:00,ACC_00273,311.16,electronics,0,0,0
TXN_1D66781560D442C0,2026-08-11 11:15:01.016910+00:00,ACC_00196,166.68,electronics,0,0,0
TXN_A0134BB978654B9F,2026-08-11 11:25:34.016910+00:00,ACC_00750,32.53,fuel,1,0,0
TXN_FFD3213FB8EB423C,2026-08-11 11:44:03.016910+00:00,ACC_00467,35.76,travel,0,0,0
TXN_6B07A7CEFDA34A6D,2026-08-11 11:47:08.016910+00:00,ACC_00316,40.7,pharmacy,0,0,0
TXN_028E23CAB4584020,2026-08-11 11:47:37.016910+00:00,ACC_00833,52.45,grocery,0,0,0
TXN_6F8845760F0B4831,2026-08-11 11:49:05.016910+00:00,ACC_00137,8.89,online_services,0,0,0
TXN_01DEFED057D44D91,2026-08-11 12:09:35.016910+00:00,ACC_00802,530.3,clothing,0,0,0
TXN_0610793FEBAB4CD1,2026-08-11 12:11:59.016910+00:00,ACC_00270,132.51,electronics,0,0,0
TXN_45B452C001B242D7,2026-08-11 12:22:31.016910+00:00,ACC_00014,215.87,fuel,0,0,0
TXN_33F8001ADD654709,2026-08-11 12:53:21.016910+00:00,ACC_00528,104.33,pharmacy,0,0,0
TXN_02AEA272929147D4,2026-08-11 14:04:38.016910+00:00,ACC_00988,190.77,jewelry,0,0,0
TXN_55D7892FF9C34109,2026-08-11 14:04:57.016910+00:00,ACC_00675,165.82,jewelry,0,0,0
TXN_3016CD64B05B4FBC,2026-08-11 14:54:50.016910+00:00,ACC_00570,59.3,hotel,0,0,0
TXN_E9703124CAEA46E0,2026-08-11 14:55:47.016910+00:00,ACC_00119,54.16,hotel,0,0,0
TXN_0E7C512371C84674,2026-08-11 15:15:52.016910+00:00,ACC_00322,26.55,pharmacy,0,0,0
TXN_462D05147EB4430B,2026-08-11 16:01:28.016910+00:00,ACC_00342,216.57,restaurant,0,0,0
TXN_C730275C70FE4DFD,2026-08-11 16:29:16.016910+00:00,ACC_00636,41.18,other,0,0,0
TXN_F967B002411F451C,2026-08-11 16:35:50.016910+00:00,ACC_00110,228.75,jewelry,0,0,0
TXN_E2D29843A81E404E,2026-08-11 17:25:11.016910+00:00,ACC_00686,11.4,pharmacy,0,0,0
TXN_F081E9E092BF4804,2026-08-11 17:28:51.016910+00:00,ACC_00278,49.08,restaurant,0,0,0
TXN_AECAEDE4190447F7,2026-08-11 18:12:44.016910+00:00,ACC_00114,1229.61,grocery,0,0,0
TXN_0E0EBF762E4B4315,2026-08-11 19:12:55.016910+00:00,ACC_00145,27.32,fuel,0,0,0
TXN_EA35CE7FE2264ABF,2026-08-11 19:44:15.016910+00:00,ACC_00803,45.92,hotel,0,0,0
TXN_A39E6717D8B14A56,2026-08-11 20:33:30.016910+00:00,ACC_00226,22.58,online_services,0,0,0
TXN_7C7838FDA89A485F,2026-08-11 20:37:14.016910+00:00,ACC_00361,25.72,grocery,0,0,0
TXN_A1B56C5DEF514CC0,2026-08-11 21:51:05.016910+00:00,ACC_00793,34.98,clothing,0,0,0
TXN_8534507473104BC0,2026-08-11 22:21:07.016910+00:00,ACC_00186,15.94,fuel,0,0,0
TXN_977F8C30E0F64744,2026-08-11 22:48:38.016910+00:00,ACC_00662,25.77,restaurant,0,0,0
TXN_5B1F1F3B1A594730,2026-08-12 00:08:12.016910+00:00,ACC_00662,62.43,clothing,0,0,0
TXN_77E9EC2138D745A9,2026-08-12 00:19:31.016910+00:00,ACC_00662,81.78,grocery,0,1,0
TXN_2997ED2C6B48420E,2026-08-12 00:26:03.016910+00:00,ACC_00662,173.06,pharmacy,0,2,0
TXN_05CCB0E24406496A,2026-08-12 01:35:28.016910+00:00,ACC_00662,9.81,clothing,0,0,0
TXN_B29F0649DA044D6E,2026-08-12 01:37:56.016910+00:00,ACC_00662,63.86,online_services,0,1,0
TXN_900129C9FA4549BA,2026-08-12 02:08:55.016910+00:00,ACC_00662,34.38,online_services,0,2,0
TXN_024B9396F9274596,2026-08-12 02:10:01.016910+00:00,ACC_00592,6.92,online_services,0,0,0
TXN_D8F682BCED344B45,2026-08-12 02:42:18.016910+00:00,ACC_00911,15.77,restaurant,0,0,0
TXN_79109E85D4AF44C5,2026-08-12 03:57:04.016910+00:00,ACC_00996,47.98,jewelry,0,0,0
TXN_2B526CF3EC4A45B2,2026-08-12 04:03:01.016910+00:00,ACC_00350,419.2,jewelry,0,0,0
TXN_688FBFDB97C743AF,2026-08-12 05:39:37.016910+00:00,ACC_00202,55.0,pharmacy,0,0,0
TXN_9BE3FE7968B043AB,2026-08-12 06:08:53.016910+00:00,ACC_00508,253.3,jewelry,0,0,0
TXN_098D32FE5BE84461,2026-08-12 06:23:55.016910+00:00,ACC_00463,23.06,online_services,0,0,0
TXN_8362CAC304D94AB7,2026-08-12 06:37:57.016910+00:00,ACC_00499,416.98,hotel,0,0,0
TXN_E369130C3D54483E,2026-08-12 07:34:25.016910+00:00,ACC_00057,82.01,jewelry,0,0,0
TXN_0EFE44A0E515445A,2026-08-12 08:00:48.016910+00:00,ACC_00337,158.1,jewelry,0,0,0
TXN_8C5A4D7423B94612,2026-08-12 08:03:34.016910+00:00,ACC_00080,27.77,pharmacy,0,0,0
TXN_A989D84A9F474E74,2026-08-12 08:09:29.016910+00:00,ACC_00527,47.24,clothing,0,0,0
TXN_3DA9C6B5B981429D,2026-08-12 08:11:16.016910+00:00,ACC_00437,272.22,restaurant,0,0,0
TXN_4602A3E629384180,2026-08-12 09:02:29.016910+00:00,ACC_00684,208.96,gaming,0,0,0
TXN_DDCFE1CA3CC04CC9,2026-08-12 09:33:13.016910+00:00,ACC_00252,177.57,hotel,1,0,0
TXN_660133A2A6DF464A,2026-08-12 09:41:53.016910+00:00,ACC_00098,33.99,pharmacy,0,0,0
TXN_13C3BEEF9663485E,2026-08-12 09:47:46.016910+00:00,ACC_00079,44.85,online_services,0,0,0
TXN_99E8C7E64A814D49,2026-08-12 10:46:02.016910+00:00,ACC_00531,112.82,other,0,0,0
TXN_541BCA677EE744CC,2026-08-12 11:08:21.016910+00:00,ACC_00504,117.0,grocery,0,0,0
TXN_FCC6F758B4D54CA0,2026-08-12 11:35:39.016910+00:00,ACC_00494,12.06,pharmacy,0,0,0
TXN_2474DA71D280418B,2026-08-12 12:06:33.016910+00:00,ACC_00597,729.16,travel,0,0,0
TXN_F59F7BF97BAE44B5,2026-08-12 12:17:53.016910+00:00,ACC_00545,338.09,jewelry,0,0,0
TXN_C59C77FD12F7413A,2026-08-12 12:45:49.016910+00:00,ACC_00979,68.18,electronics,0,0,0
TXN_D8C240B594634AA2,2026-08-12 12:52:32.016910+00:00,ACC_00890,198.91,jewelry,0,0,0
TXN_BB15E3D14BF14755,2026-08-12 14:06:14.016910+00:00,ACC_00071,356.3,jewelry,0,0,0
TXN_C328CF31D7414E14,2026-08-12 14:39:45.016910+00:00,ACC_00174,56.06,pharmacy,0,0,0
TXN_2223721CAE0746D2,2026-08-12 15:59:19.016910+00:00,ACC_00467,57.7,travel,0,0,0
TXN_FA217571250B43F8,2026-08-12 16:28:51.016910+00:00,ACC_00004,889.89,pharmacy,0,0,0
TXN_68309EFC62164C91,2026-08-12 16:49:11.016910+00:00,ACC_00128,55.32,gaming,0,0,0
TXN_F9BC8A294C1849D8,2026-08-12 17:29:26.016910+00:00,ACC_00237,118.96,grocery,0,0,0
TXN_2EC6CEE8CCE04C25,2026-08-12 17:38:47.016910+00:00,ACC_00732,152.59,online_services,0,0,0
TXN_DFCDF09E877945A6,2026-08-12 17:39:13.016910+00:00,ACC_00853,36.44,hotel,0,0,0
TXN_8C75682112F0475B,2026-08-12 17:47:07.016910+00:00,ACC_00665,41.55,grocery,0,0,0
TXN_51AD5E7FBA5D44D3,2026-08-12 18:25:02.016910+00:00,ACC_00366,65.07,electronics,0,0,0
TXN_21A9A07068084D92,2026-08-12 18:32:23.016910+00:00,ACC_00375,78.34,clothing,0,0,0
TXN_25F2746C98D74B6E,2026-08-12 18:51:48.016910+00:00,ACC_00882,407.64,gaming,0,0,0
TXN_D962EB24C7394299,2026-08-12 19:02:49.016910+00:00,ACC_00379,119.4,gaming,0,0,0
TXN_E70DEF6E92ED48D0,2026-08-12 20:08:14.016910+00:00,ACC_00379,56.95,pharmacy,0,0,0
TXN_4378C8DCC75D413D,2026-08-12 20:18:42.016910+00:00,ACC_00379,496.51,jewelry,0,1,0
TXN_F1386A1AF2974796,2026-08-12 21:22:34.016910+00:00,ACC_00379,168.11,grocery,0,0,0
TXN_E55ACBAEA27C4AA7,2026-08-12 22:38:12.016910+00:00,ACC_00379,121.98,clothing,0,0,0
TXN_6930CD80BD9646A2,2026-08-12 23:25:12.016910+00:00,ACC_00379,10.45,restaurant,0,1,0
TXN_1B408655D70A4CD4,2026-08-12 23:36:44.016910+00:00,ACC_00445,796.23,travel,0,0,0
TXN_42AAC1BC4B624ACA,2026-08-13 00:03:04.016910+00:00,ACC_00161,162.64,travel,0,0,0
TXN_8586376A73C64904,2026-08-13 00:35:06.016910+00:00,ACC_00423,50.21,pharmacy,0,0,0
TXN_B014BAEE677F42ED,2026-08-13 00:42:11.016910+00:00,ACC_00266,152.39,online_services,0,0,0
TXN_693071A03F5744D9,2026-08-13 00:49:24.016910+00:00,ACC_00612,382.77,gaming,0,0,0
TXN_CBAB3A4E2E1040F2,2026-08-13 01:27:40.016910+00:00,ACC_00172,19.69,restaurant,0,0,0
TXN_42E20A2F5B984D83,2026-08-13 01:45:31.016910+00:00,ACC_00181,143.36,gaming,0,0,0
TXN_741AF2D75CD6431D,2026-08-13 02:07:29.016910+00:00,ACC_00105,149.06,jewelry,0,0,0
TXN_AEA7F3FE41D34647,2026-08-13 02:08:54.016910+00:00,ACC_00447,69.4,clothing,0,0,0
TXN_71939D284F5844D0,2026-08-13 02:26:58.016910+00:00,ACC_00465,249.57,other,0,0,0
TXN_937CE1A6F6BA4B97,2026-08-13 02:28:34.016910+00:00,ACC_00465,22.47,pharmacy,0,1,0
TXN_1E1AE36454AB499E,2026-08-13 02:37:42.016910+00:00,ACC_00465,146.83,hotel,0,2,0
TXN_3CC226F7951C44EA,2026-08-13 03:04:17.016910+00:00,ACC_00465,250.37,travel,0,3,0
TXN_E097C4E7AA1B4B1A,2026-08-13 03:08:11.016910+00:00,ACC_00220,189.1,hotel,0,0,0
TXN_8CDE4E3DE9B44737,2026-08-13 03:46:00.016910+00:00,ACC_00803,124.31,gaming,0,0,0
TXN_FF7FD6BAA7364C9B,2026-08-13 04:01:40.016910+00:00,ACC_00436,38.31,clothing,0,0,0
TXN_4A020D0E8C854121,2026-08-13 04:09:37.016910+00:00,ACC_00889,38.31,grocery,0,0,0
TXN_57C2F0D8A9C74752,2026-08-13 04:32:41.016910+00:00,ACC_00255,114.49,hotel,0,0,0
TXN_53A04ADB4FA54EB0,2026-08-13 05:41:50.016910+00:00,ACC_00201,113.69,travel,0,0,0
TXN_9B54D794E68B451E,2026-08-13 06:31:11.016910+00:00,ACC_00963,106.34,jewelry,0,0,0
TXN_9A5D2FD1612A4A7E,2026-08-13 06:36:34.016910+00:00,ACC_00753,65.48,other,0,0,0
TXN_C362C15D48564F6A,2026-08-13 07:25:47.016910+00:00,ACC_00799,65.02,restaurant,0,0,0
TXN_0C04A096F7B54B7C,2026-08-13 07:56:13.016910+00:00,ACC_00040,57.41,grocery,0,0,0
TXN_2D37BE050FA04A53,2026-08-13 08:23:15.016910+00:00,ACC_00215,81.14,hotel,0,0,0
TXN_9FCD387421D1493F,2026-08-13 08:24:39.016910+00:00,ACC_00611,133.41,electronics,0,0,0
TXN_695B564192584FB2,2026-08-13 08:31:01.016910+00:00,ACC_00102,76.8,electronics,0,0,0
TXN_581087BAF71447A1,2026-08-13 08:37:04.016910+00:00,ACC_00137,102.7,other,0,0,0
TXN_6E8D23EF346C4C4E,2026-08-13 10:33:55.016910+00:00,ACC_00931,269.1,hotel,0,0,0
TXN_6CF2412350364B1E,2026-08-13 11:02:57.016910+00:00,ACC_00633,551.78,jewelry,0,0,0
TXN_ABCF90934F264D24,2026-08-13 11:07:42.016910+00:00,ACC_00034,24.83,restaurant,0,0,0
TXN_F9153F94F16447C5,2026-08-13 11:31:14.016910+00:00,ACC_00103,27.39,fuel,0,0,0
TXN_8BEF5E9BE3C04A28,2026-08-13 13:14:22.016910+00:00,ACC_00724,139.85,clothing,0,0,0
TXN_9A66C6F29A7B4ACF,2026-08-13 13:41:24.016910+00:00,ACC_00697,46.28,other,0,0,0
TXN_0AD7323873EF4EC4,2026-08-13 13:45:48.016910+00:00,ACC_00697,32.85,restaurant,0,1,0
TXN_832536F35B0A49B2,2026-08-13 14:01:19.016910+00:00,ACC_00697,40.59,restaurant,0,2,0
TXN_1CFF1D7152604F68,2026-08-13 15:19:24.016910+00:00,ACC_00697,242.99,jewelry,0,0,0
TXN_C2D1AAA20CEA487F,2026-08-13 15:46:34.016910+00:00,ACC_00697,94.46,online_services,0,1,0
TXN_2BDC237D554E47D9,2026-08-13 16:16:55.016910+00:00,ACC_00448,34.42,electronics,1,0,0
TXN_4A514FEA5D054A2A,2026-08-13 16:22:00.016910+00:00,ACC_00338,65.5,grocery,0,0,0
TXN_B659F26339184CD8,2026-08-13 16:30:53.016910+00:00,ACC_00627,1764.72,jewelry,0,0,0
TXN_8FA2D7F5BB864971,2026-08-13 16:34:24.016910+00:00,ACC_00742,23.84,online_services,0,0,0
TXN_9E9A26A2ABDE4A82,2026-08-13 17:00:54.016910+00:00,ACC_00402,33.53,gaming,0,0,0
TXN_AA16621EB51F4C7D,2026-08-13 17:10:58.016910+00:00,ACC_00584,35.91,restaurant,0,0,0
TXN_5CAE1D98704D41BD,2026-08-13 18:03:40.016910+00:00,ACC_00994,8.38,pharmacy,0,0,0
TXN_EED52D6FAA6A4E86,2026-08-13 19:10:05.016910+00:00,ACC_00987,41.71,gaming,1,0,0
TXN_14290549F8CE4890,2026-08-13 19:23:39.016910+00:00,ACC_00371,35.65,online_services,0,0,0
TXN_579032067FD5406C,2026-08-13 19:27:35.016910+00:00,ACC_00928,43.82,online_services,0,0,0
TXN_CA6B4F96F4BB45E7,2026-08-13 20:09:16.016910+00:00,ACC_00485,33.94,gaming,0,0,0
TXN_817826C0DC2F493B,2026-08-13 20:41:26.016910+00:00,ACC_00485,46.27,fuel,0,1,0
TXN_11CDFDF6551C4E12,2026-08-13 20:57:27.016910+00:00,ACC_00485,148.8,jewelry,0,2,0
TXN_B1255A48F7FD4801,2026-08-13 21:58:01.016910+00:00,ACC_00485,41.04,fuel,0,0,0
TXN_65FAAC9C890F4310,2026-08-13 22:01:23.016910+00:00,ACC_00485,71.67,other,0,1,0
TXN_FF46849C034D445F,2026-08-13 23:19:53.016910+00:00,ACC_00485,403.49,travel,0,0,0
TXN_7CFE5A435E30444B,2026-08-13 23:22:05.016910+00:00,ACC_00485,161.48,gaming,0,1,0
TXN_D6F0A64E36F84C13,2026-08-13 23:29:44.016910+00:00,ACC_00485,45.98,travel,0,2,0
TXN_73B0AAE2412442A0,2026-08-13 23:41:28.016910+00:00,ACC_00450,104.99,pharmacy,0,0,0
TXN_AEDBBD2742B5470F,2026-08-13 23:41:37.016910+00:00,ACC_00678,21.16,online_services,0,0,0
TXN_70F3A37BAF6D42EF,2026-08-13 23:48:13.016910+00:00,ACC_00645,47.26,gaming,0,0,0
TXN_5DA3CE41FA63441E,2026-08-13 23:51:53.016910+00:00,ACC_00623,29.45,hotel,0,0,0
TXN_51CDD3C0B3334E91,2026-08-13 23:58:57.016910+00:00,ACC_00165,24.62,travel,0,0,0
TXN_0BBCF57BF45242F9,2026-08-14 00:31:04.016910+00:00,ACC_00104,472.47,other,0,0,0
TXN_421E1CB436C04894,2026-08-14 00:59:23.016910+00:00,ACC_00435,42.38,grocery,0,0,0
TXN_F9D6721070C9473F,2026-08-14 01:22:38.016910+00:00,ACC_00046,34.47,grocery,0,0,0
TXN_72723E4F880B4023,2026-08-14 01:23:36.016910+00:00,ACC_00746,63.87,gaming,0,0,0
TXN_7F7179CADC534538,2026-08-14 01:46:41.016910+00:00,ACC_00764,100.6,hotel,0,0,0
TXN_3ADFD476525747C2,2026-08-14 01:50:24.016910+00:00,ACC_00764,66.44,restaurant,0,1,0
TXN_C59D377B3D194016,2026-08-14 01:54:55.016910+00:00,ACC_00764,189.1,travel,0,2,0
TXN_3A8864D1CBF14B7A,2026-08-14 02:50:33.016910+00:00,ACC_00764,100.95,clothing,0,1,0
TXN_9FDCDAD19D4E4B82,2026-08-14 02:51:37.016910+00:00,ACC_00176,75.16,travel,0,0,0
TXN_DDAD2273FAFC4C5C,2026-08-14 03:37:55.016910+00:00,ACC_00225,16.38,other,0,0,0
TXN_E924D461E84741E8,2026-08-14 03:53:54.016910+00:00,ACC_00951,104.3,grocery,0,0,0
TXN_472813460CDD4B79,2026-08-14 04:07:01.016910+00:00,ACC_00978,83.16,other,0,0,0
TXN_D955528FBC82487D,2026-08-14 04:59:40.016910+00:00,ACC_00978,16.75,gaming,0,1,0
TXN_38919D050DD24D8F,2026-08-14 07:07:14.016910+00:00,ACC_00978,14.86,fuel,0,0,0
TXN_6437FDD2365C4482,2026-08-14 07:14:53.016910+00:00,ACC_00978,53.96,online_services,0,1,0
TXN_F409A17746824047,2026-08-14 07:23:50.016910+00:00,ACC_00978,207.34,electronics,0,2,0
TXN_25F7FB9B81DF4E70,2026-08-14 07:30:42.016910+00:00,ACC_00978,13.14,restaurant,0,3,0
TXN_9F638AEB81754726,2026-08-14 07:36:35.016910+00:00,ACC_00394,633.96,travel,0,0,0
TXN_2BF8C1620F8545C2,2026-08-14 08:17:22.016910+00:00,ACC_00620,82.33,grocery,0,0,0
TXN_5B6584846E81401D,2026-08-14 08:25:28.016910+00:00,ACC_00602,128.22,gaming,0,0,0
TXN_5DED47B26E4D4CA2,2026-08-14 08:55:35.016910+00:00,ACC_00104,39.51,pharmacy,0,0,0
TXN_809992943F5046EF,2026-08-14 09:04:06.016910+00:00,ACC_00665,30.43,restaurant,0,0,0
TXN_095EA2F9DF4141A3,2026-08-14 09:08:18.016910+00:00,ACC_00917,15.56,online_services,1,0,1
TXN_F1A8B0E4310E4938,2026-08-14 09:14:32.016910+00:00,ACC_00920,24.23,online_services,0,0,0
TXN_A766E0CAD6354E0F,2026-08-14 09:22:26.016910+00:00,ACC_00185,48.77,clothing,0,0,0
TXN_5C1738DB4CA94002,2026-08-14 09:51:45.016910+00:00,ACC_00118,76.73,clothing,1,0,0
TXN_C73A919847F64435,2026-08-14 10:06:43.016910+00:00,ACC_00392,50.09,fuel,0,0,0
TXN_40A1E97DDE024707,2026-08-14 10:09:42.016910+00:00,ACC_00069,10.02,clothing,0,0,0
TXN_1BC3B35E9305402B,2026-08-14 10:26:53.016910+00:00,ACC_00425,20.07,gaming,0,0,0
TXN_AD427C61D0124C2C,2026-08-14 12:02:20.016910+00:00,ACC_00309,53.2,fuel,0,0,0
TXN_D2C42ADE30414397,2026-08-14 12:07:17.016910+00:00,ACC_00905,69.88,gaming,0,0,0
TXN_3F0A421AE58E4F31,2026-08-14 13:10:22.016910+00:00,ACC_00658,104.46,travel,0,0,0
TXN_E9F3347F08864F08,2026-08-14 14:32:27.016910+00:00,ACC_00841,215.54,hotel,0,0,0
TXN_DEB77D1214844033,2026-08-14 16:21:07.016910+00:00,ACC_00509,265.47,travel,0,0,0
TXN_5F7DCA8E2E9C4C93,2026-08-14 16:25:39.016910+00:00,ACC_00509,217.07,restaurant,0,1,0
TXN_0FB489C9F18E4167,2026-08-14 16:42:00.016910+00:00,ACC_00509,244.97,jewelry,0,2,0
TXN_79E72B018EAB4C88,2026-08-14 16:42:06.016910+00:00,ACC_00509,80.83,hotel,0,3,0
TXN_A9F9D8BCA6C44E2C,2026-08-14 17:01:02.016910+00:00,ACC_00509,52.84,hotel,0,4,0
TXN_C8C31E228989442C,2026-08-14 18:03:48.016910+00:00,ACC_00509,14.01,gaming,0,0,0
TXN_690B09CC6288462E,2026-08-14 18:32:15.016910+00:00,ACC_00509,71.29,fuel,0,1,0
TXN_7AC735FE7DCE4861,2026-08-14 19:05:16.016910+00:00,ACC_00246,82.1,clothing,0,0,0
TXN_3D517DF2BF824627,2026-08-14 19:29:09.016910+00:00,ACC_00001,13.53,fuel,0,0,0
TXN_E4156338B0174EB1,2026-08-14 19:53:50.016910+00:00,ACC_00148,102.51,other,0,0,0
TXN_E347BD3C819B4F55,2026-08-14 20:38:00.016910+00:00,ACC_00288,173.04,travel,0,0,0
TXN_42400DFD31AA476B,2026-08-14 21:04:06.016910+00:00,ACC_00288,15000.0,travel,1,5,1
TXN_AD653E7240224963,2026-08-14 21:42:47.016910+00:00,ACC_00288,6.28,pharmacy,0,1,0
TXN_6F7D6B3FEF4743AD,2026-08-14 21:57:05.016910+00:00,ACC_00288,63.24,grocery,0,2,0
TXN_5982FC86E55B4A69,2026-08-14 21:58:44.016910+00:00,ACC_00288,177.19,pharmacy,0,3,0
TXN_A0D66D5305F14FC4,2026-08-14 22:09:53.016910+00:00,ACC_00288,73.37,travel,0,3,0
TXN_D715B8C919254C3E,2026-08-14 22:18:27.016910+00:00,ACC_00192,48.53,fuel,0,0,0
TXN_BAE75A108F794D26,2026-08-14 23:44:31.016910+00:00,ACC_00292,78.0,online_services,0,0,0
TXN_28669A20062B4F0F,2026-08-15 00:31:26.016910+00:00,ACC_00626,5.88,online_services,0,0,0
TXN_398FF226BE4D4178,2026-08-15 00:37:07.016910+00:00,ACC_00950,20.41,gaming,0,0,0
TXN_1FA8117221E54C8E,2026-08-15 01:38:16.016910+00:00,ACC_00807,14407.26,travel,0,0,1
TXN_5DC1899AD32B4128,2026-08-15 02:31:31.016910+00:00,ACC_00807,586.5,electronics,0,1,0
TXN_63B6662520D74008,2026-08-15 03:00:11.016910+00:00,ACC_00807,15000.0,travel,1,8,0
TXN_B09CCD428D924574,2026-08-15 03:27:56.016910+00:00,ACC_00807,36.57,gaming,0,2,0
TXN_64265C8C15194334,2026-08-15 05:00:24.016910+00:00,ACC_00807,38.48,restaurant,0,0,0
TXN_9D11F722AD22463C,2026-08-15 05:31:16.016910+00:00,ACC_00127,29.14,other,0,0,0
TXN_64D23D154FC04FB7,2026-08-15 06:24:23.016910+00:00,ACC_00972,8.14,other,1,0,0
TXN_EBF801502E094E47,2026-08-15 06:34:49.016910+00:00,ACC_00189,189.79,jewelry,0,0,0
TXN_C892278B8FB44CBD,2026-08-15 06:49:59.016910+00:00,ACC_00315,20.12,grocery,0,0,0
TXN_2314B16BB2C54B9D,2026-08-15 07:13:16.016910+00:00,ACC_00959,170.74,electronics,0,0,0
TXN_FBB8D3AD63244423,2026-08-15 07:28:38.016910+00:00,ACC_00977,477.85,jewelry,0,0,0
TXN_99930926D6054C7D,2026-08-15 08:43:15.016910+00:00,ACC_00816,13.61,fuel,0,0,0
TXN_3BFF66C25F184D9F,2026-08-15 08:50:21.016910+00:00,ACC_00900,78.4,travel,0,0,0
TXN_BDE4D62E2AB1429A,2026-08-15 08:59:33.016910+00:00,ACC_00838,32.75,other,0,0,0
TXN_136782182BB542E7,2026-08-15 09:42:03.016910+00:00,ACC_00218,105.93,clothing,0,0,0
TXN_76483E0F64724073,2026-08-15 09:48:23.016910+00:00,ACC_00218,37.4,pharmacy,0,1,0
TXN_DF8DC99BC4854DC8,2026-08-15 10:08:33.016910+00:00,ACC_00218,10.04,restaurant,0,2,0
TXN_135AB2F870D84AB5,2026-08-15 11:33:07.016910+00:00,ACC_00218,112.03,grocery,0,0,0
TXN_CA6E2D195244448C,2026-08-15 11:47:08.016910+00:00,ACC_00218,26.16,clothing,0,1,0
TXN_61D67D320FFC4C32,2026-08-15 12:01:27.016910+00:00,ACC_00230,29.01,gaming,0,0,0
TXN_0A4D50A6542444EE,2026-08-15 12:02:22.016910+00:00,ACC_00981,19.34,gaming,0,0,0
TXN_D06D3F0091CD43A4,2026-08-15 12:30:04.016910+00:00,ACC_00815,40.13,pharmacy,0,0,0
TXN_F52399B494504154,2026-08-15 12:54:29.016910+00:00,ACC_00480,33.4,online_services,0,0,0
TXN_3CA43311F06A436A,2026-08-15 13:26:29.016910+00:00,ACC_00008,215.94,other,0,0,0
TXN_65EE78505A924B34,2026-08-15 13:27:23.016910+00:00,ACC_00830,44.18,fuel,0,0,0
TXN_95AB430DE1244B60,2026-08-15 13:42:13.016910+00:00,ACC_00816,50.87,hotel,0,0,0
TXN_16E101208E584122,2026-08-15 14:00:41.016910+00:00,ACC_00159,39.86,fuel,0,0,0
TXN_4636AF82477549ED,2026-08-15 14:03:22.016910+00:00,ACC_00865,630.42,travel,0,0,0
TXN_C033D08782A84065,2026-08-15 14:28:32.016910+00:00,ACC_00518,36.5,electronics,0,0,0
TXN_6F94D1B4EF404C4B,2026-08-15 14:52:55.016910+00:00,ACC_00065,63.18,grocery,0,0,0
TXN_794EB03A0E594D4E,2026-08-15 15:33:05.016910+00:00,ACC_00600,5.29,restaurant,0,0,0
TXN_B26B9FBEBA764123,2026-08-15 16:00:31.016910+00:00,ACC_00600,99.73,restaurant,0,1,0
TXN_9D24224120D14A8E,2026-08-15 16:14:49.016910+00:00,ACC_00600,33.39,clothing,1,2,0
TXN_A3379A5F35054D14,2026-08-15 16:17:15.016910+00:00,ACC_00600,19.87,online_services,0,3,0
TXN_815A3220796B4FB6,2026-08-15 16:20:25.016910+00:00,ACC_00600,164.48,grocery,0,4,0
TXN_25DCB48F3F414FC1,2026-08-15 17:35:40.016910+00:00,ACC_00600,107.01,electronics,0,0,0
TXN_970A6565647B4751,2026-08-15 18:36:28.016910+00:00,ACC_00585,33.26,pharmacy,0,0,0
TXN_8BBA103C58194926,2026-08-15 19:25:50.016910+00:00,ACC_01000,93.98,travel,0,0,0
TXN_822F3504CAA04525,2026-08-15 19:43:40.016910+00:00,ACC_00089,31.26,gaming,0,0,0
TXN_0666D8BC3A3B4127,2026-08-15 20:31:34.016910+00:00,ACC_00184,6.82,grocery,0,0,0
TXN_112C53FBF57A42AD,2026-08-15 20:41:37.016910+00:00,ACC_00885,80.05,clothing,0,0,0
TXN_0C8AE942A9B3419D,2026-08-15 20:49:15.016910+00:00,ACC_00885,10.86,grocery,0,1,0
TXN_FE7DD552BA144B40,2026-08-15 20:50:31.016910+00:00,ACC_00885,82.68,pharmacy,0,2,0
TXN_597AE360322B4245,2026-08-15 21:02:03.016910+00:00,ACC_00885,42.27,electronics,0,3,0
TXN_025E4C2D4DB44BDD,2026-08-15 21:09:08.016910+00:00,ACC_00885,150.8,travel,0,4,0
TXN_64548CDD5E53434D,2026-08-15 21:32:15.016910+00:00,ACC_00885,129.3,jewelry,0,5,0
TXN_0D6FBBBDCDBE4D26,2026-08-15 21:53:09.016910+00:00,ACC_00885,33.83,clothing,0,3,0
TXN_F5296AECEA244BF5,2026-08-15 22:25:34.016910+00:00,ACC_00122,111.14,travel,0,0,0
TXN_2E7E6791B5B242A5,2026-08-15 22:27:34.016910+00:00,ACC_00826,68.5,clothing,0,0,0
TXN_133881C9D85B449F,2026-08-15 22:48:36.016910+00:00,ACC_00924,454.76,electronics,0,0,0
TXN_959542350B824451,2026-08-15 23:24:23.016910+00:00,ACC_00924,147.1,jewelry,0,1,0
TXN_FD7CBDAF9B374E20,2026-08-15 23:59:38.016910+00:00,ACC_00924,16.97,hotel,0,1,0
TXN_CA49586F4FAC4984,2026-08-16 00:04:21.016910+00:00,ACC_00924,707.05,jewelry,0,2,0
TXN_2B5EA6D6232D4DE0,2026-08-16 00:14:07.016910+00:00,ACC_00097,72.08,grocery,0,0,0
TXN_5EEE39D6FC6E40C6,2026-08-16 00:41:54.016910+00:00,ACC_00912,16.37,gaming,0,0,0
TXN_002762839A1D4E6D,2026-08-16 01:11:43.016910+00:00,ACC_00016,12.31,grocery,0,0,0
TXN_0D3C35984E7444B1,2026-08-16 01:25:50.016910+00:00,ACC_00016,159.01,hotel,0,1,0
TXN_3D6BDDC893B34C52,2026-08-16 01:56:45.016910+00:00,ACC_00016,46.85,fuel,0,2,0
TXN_9A5503C72C3448ED,2026-08-16 04:12:25.016910+00:00,ACC_00016,1191.34,jewelry,0,0,0
TXN_E371F22E82E847B8,2026-08-16 05:35:57.016910+00:00,ACC_00016,359.29,jewelry,0,0,0
TXN_89DF8BA549D04F1D,2026-08-16 06:11:03.016910+00:00,ACC_00016,18.34,pharmacy,0,1,0
TXN_9227FD6905814233,2026-08-16 06:13:26.016910+00:00,ACC_00875,99.83,jewelry,0,0,0
TXN_D3EC6662CD654E5E,2026-08-16 06:14:04.016910+00:00,ACC_00766,40.94,grocery,0,0,0
TXN_316047BDE07A4060,2026-08-16 08:22:47.016910+00:00,ACC_00766,8.11,online_services,1,0,0
TXN_E3739E1AF80C4819,2026-08-16 09:41:52.016910+00:00,ACC_00766,26.42,electronics,0,0,0
TXN_0154EB1C482D4D96,2026-08-16 10:19:36.016910+00:00,ACC_00766,9.24,restaurant,0,1,0
TXN_3828D166E6894ED0,2026-08-16 10:21:37.016910+00:00,ACC_00177,14.94,restaurant,0,0,0
TXN_80D492831D6E48B8,2026-08-16 11:19:16.016910+00:00,ACC_00281,131.78,travel,0,0,0
TXN_EA4636C5D59846DD,2026-08-16 11:38:50.016910+00:00,ACC_00304,191.67,hotel,0,0,0
TXN_FB789CB7C4D54F09,2026-08-16 11:55:16.016910+00:00,ACC_00857,131.96,grocery,0,0,0
TXN_E326BDA78FBB4E22,2026-08-16 12:13:32.016910+00:00,ACC_00738,136.58,clothing,0,0,0
TXN_C8F877CF560B4F79,2026-08-16 12:39:09.016910+00:00,ACC_00107,64.05,restaurant,0,0,0
TXN_727A32FEE5D941BA,2026-08-16 12:40:53.016910+00:00,ACC_00027,25.41,fuel,0,0,0
TXN_03CF90A6BDFD47FF,2026-08-16 13:01:22.016910+00:00,ACC_00720,15000.0,travel,1,6,1
TXN_3E8051E9E3F34051,2026-08-16 13:15:32.016910+00:00,ACC_00998,311.73,jewelry,0,0,0
TXN_25DF76DFA29E415B,2026-08-16 13:34:36.016910+00:00,ACC_00998,41.43,restaurant,0,1,0
TXN_25451971AB3A4938,2026-08-16 13:36:34.016910+00:00,ACC_00998,16.08,gaming,0,2,0
TXN_BE0D8080D2DE4C6A,2026-08-16 13:40:56.016910+00:00,ACC_00998,110.65,travel,0,3,0
TXN_9C70760DB0D6454F,2026-08-16 14:20:49.016910+00:00,ACC_00998,59.57,travel,0,3,0
TXN_407FEFFE48934637,2026-08-16 14:22:57.016910+00:00,ACC_00998,11.53,clothing,0,4,0
TXN_92AF02D61FF84B0C,2026-08-16 14:24:45.016910+00:00,ACC_00998,50.66,fuel,0,5,0
TXN_6B1F904E1DDA44FF,2026-08-16 14:45:19.016910+00:00,ACC_00998,2389.68,fuel,0,3,0
TXN_35FDC54E6D8147D1,2026-08-16 14:56:10.016910+00:00,ACC_00302,213.35,online_services,0,0,0
TXN_3BB0442419AB456D,2026-08-16 15:29:43.016910+00:00,ACC_00916,23.7,restaurant,0,0,0
TXN_308E7C97A1364CDF,2026-08-16 15:59:38.016910+00:00,ACC_00844,7.69,fuel,0,0,0
TXN_5B2DBD160D6A4388,2026-08-16 16:02:25.016910+00:00,ACC_00559,1303.16,jewelry,0,0,0
TXN_F0643344CCFD40FB,2026-08-16 16:14:17.016910+00:00,ACC_00257,217.21,pharmacy,0,0,0
TXN_E70BB4EFC0BA469D,2026-08-16 16:57:13.016910+00:00,ACC_00798,1892.88,hotel,0,0,0
TXN_15D5E39809A94DC6,2026-08-16 17:09:19.016910+00:00,ACC_00163,1033.5,hotel,0,0,0
TXN_1F77746637C6424B,2026-08-16 18:01:46.016910+00:00,ACC_00710,40.99,pharmacy,0,0,0
TXN_58CC36F9E7B042B0,2026-08-16 18:09:50.016910+00:00,ACC_00098,27.5,restaurant,0,0,0
TXN_B97B496098A643D7,2026-08-16 19:04:26.016910+00:00,ACC_00960,56.19,restaurant,0,0,0
TXN_05A0A9069A564F2D,2026-08-16 19:19:38.016910+00:00,ACC_00642,11.89,gaming,0,0,0
TXN_4E133B5DD08B494A,2026-08-16 19:27:41.016910+00:00,ACC_00647,56.96,electronics,0,0,0
TXN_5E219A980D974FC6,2026-08-16 19:54:37.016910+00:00,ACC_00739,96.05,electronics,0,0,0
TXN_7F594AA8FF2F4A2F,2026-08-16 20:04:28.016910+00:00,ACC_00729,142.1,clothing,0,0,0
TXN_4F316BE3A8664FD7,2026-08-16 20:30:17.016910+00:00,ACC_00644,414.08,travel,0,0,0
TXN_D098AF8AD1F8442F,2026-08-16 21:43:10.016910+00:00,ACC_00517,30.34,pharmacy,0,0,0
TXN_C8E7CFB814414A99,2026-08-16 21:45:43.016910+00:00,ACC_00770,14.51,clothing,0,0,0
TXN_428D104C91C14845,2026-08-16 21:47:13.016910+00:00,ACC_00770,73.94,pharmacy,0,1,0
TXN_45B5413F97E04448,2026-08-16 22:00:05.016910+00:00,ACC_00770,7.61,restaurant,1,2,0
TXN_86F384B5990446C8,2026-08-16 22:52:05.016910+00:00,ACC_00770,26.42,gaming,0,1,0
TXN_3E52F2F09B0C4102,2026-08-16 23:03:58.016910+00:00,ACC_00770,15000.0,travel,1,7,1
TXN_E195BE87D8154ED0,2026-08-16 23:07:25.016910+00:00,ACC_00770,13.83,other,0,2,0
TXN_B099D683A752492B,2026-08-16 23:32:31.016910+00:00,ACC_00017,18.85,grocery,0,0,0
TXN_5D61915F76574382,2026-08-17 00:03:46.016910+00:00,ACC_00017,287.84,electronics,0,1,0
TXN_EA1B67D694ED4356,2026-08-17 00:55:57.016910+00:00,ACC_00017,67.49,pharmacy,0,1,0
TXN_F9BB490F101549D7,2026-08-17 01:20:51.016910+00:00,ACC_00017,35.87,hotel,0,1,0
TXN_2F36F1D2012B4D0E,2026-08-17 01:59:38.016910+00:00,ACC_00017,76.03,other,0,1,0
TXN_3AF924D830E4458F,2026-08-17 02:02:14.016910+00:00,ACC_00017,8.66,gaming,0,2,0
TXN_E81FBF470ED641D0,2026-08-17 02:13:18.016910+00:00,ACC_00933,402.65,jewelry,0,0,0
TXN_B8E5F18CF2DC4804,2026-08-17 03:54:09.016910+00:00,ACC_00933,26.22,clothing,0,0,0
TXN_C875ACF4188B43CD,2026-08-17 04:20:37.016910+00:00,ACC_00933,31.57,fuel,0,1,0
TXN_DD50A4B0F2A34F7C,2026-08-17 06:14:53.016910+00:00,ACC_00933,48.25,online_services,0,0,0
TXN_7036C6C94C144B60,2026-08-17 06:20:07.016910+00:00,ACC_00933,18.89,other,0,1,0
TXN_50BB67D0C1924AEA,2026-08-17 06:58:45.016910+00:00,ACC_00946,27.17,other,0,0,0
TXN_B688336CED334E2D,2026-08-17 07:38:19.016910+00:00,ACC_00394,557.29,hotel,0,0,0
TXN_DF50CA4DF0A64F13,2026-08-17 08:21:49.016910+00:00,ACC_00474,168.7,jewelry,0,0,0
TXN_3F38DADCDBA24648,2026-08-17 08:22:16.016910+00:00,ACC_00707,127.22,hotel,0,0,0
TXN_462AA927C892438C,2026-08-17 08:38:58.016910+00:00,ACC_00484,258.48,jewelry,0,0,0
TXN_4CA301EABD2A4603,2026-08-17 08:48:53.016910+00:00,ACC_00484,136.0,grocery,0,1,0
TXN_EB8650A0A424467B,2026-08-17 09:19:01.016910+00:00,ACC_00484,479.25,jewelry,0,2,0
TXN_F807A2F8358B4A1B,2026-08-17 09:31:52.016910+00:00,ACC_00484,3.58,other,0,3,0
TXN_5FBE96E0757E454A,2026-08-17 10:02:28.016910+00:00,ACC_00841,15.8,online_services,0,0,0
TXN_81DC906A21384BC3,2026-08-17 10:15:33.016910+00:00,ACC_00026,111.61,restaurant,0,0,0
TXN_15400FA39D844860,2026-08-17 10:16:30.016910+00:00,ACC_00026,265.64,online_services,0,1,0
TXN_75BF72D185F143F9,2026-08-17 10:55:50.016910+00:00,ACC_00026,39.29,electronics,0,2,0
TXN_3E1900DFC09348AE,2026-08-17 11:10:14.016910+00:00,ACC_00026,23.86,pharmacy,0,3,0
TXN_36B3E304DBAE4E1C,2026-08-17 11:54:11.016910+00:00,ACC_00026,49.43,other,0,2,0
TXN_F9031369A5814614,2026-08-17 12:16:21.016910+00:00,ACC_00026,102.99,travel,0,1,0
TXN_2A206CFCEB924367,2026-08-17 12:28:40.016910+00:00,ACC_00026,404.72,jewelry,0,2,0
TXN_486FA2023C134749,2026-08-17 12:39:06.016910+00:00,ACC_00026,36.3,online_services,0,3,0
TXN_72027E9416AA4112,2026-08-17 12:58:55.016910+00:00,ACC_00167,30.13,clothing,0,0,0
TXN_196FF6DF165C40AD,2026-08-17 13:40:07.016910+00:00,ACC_00248,264.92,travel,0,0,0
TXN_8588FFB353974914,2026-08-17 14:55:44.016910+00:00,ACC_00925,17.37,electronics,0,0,0
TXN_9E021BAA757D4EEB,2026-08-17 16:07:56.016910+00:00,ACC_00044,54.75,gaming,0,0,0
TXN_9222635FDD284437,2026-08-17 16:36:02.016910+00:00,ACC_00429,89.69,other,0,0,0
TXN_0F20EA99C798472D,2026-08-17 16:52:15.016910+00:00,ACC_00429,165.96,gaming,0,1,0
TXN_471D82208CB5443F,2026-08-17 17:14:33.016910+00:00,ACC_00429,59.21,other,0,2,0
TXN_8EEAE54EB9844E0B,2026-08-17 18:05:16.016910+00:00,ACC_00429,6.89,pharmacy,0,1,0
TXN_4D43858C50CB4A25,2026-08-17 18:14:11.016910+00:00,ACC_00429,156.69,travel,0,2,0
TXN_A8CCC2E3638A481E,2026-08-17 18:35:42.016910+00:00,ACC_00429,8.63,gaming,0,2,0
TXN_148364F271B34FD1,2026-08-17 18:39:45.016910+00:00,ACC_00429,72.41,clothing,0,3,0
TXN_65DB345ECF6E44B8,2026-08-17 19:37:50.016910+00:00,ACC_00167,169.72,other,0,0,0
TXN_4B5FE1E0C391402C,2026-08-17 20:19:46.016910+00:00,ACC_00744,36.34,grocery,1,0,0
TXN_A8A920ED28174FE5,2026-08-17 20:40:29.016910+00:00,ACC_00882,45.42,other,1,0,0
TXN_C9F071747BD1460B,2026-08-17 21:30:42.016910+00:00,ACC_00305,234.05,hotel,0,0,0
TXN_B431B67E5B3E4ABE,2026-08-17 21:41:54.016910+00:00,ACC_00697,155.15,hotel,0,0,0
TXN_7D5E01031C914FC6,2026-08-17 22:02:50.016910+00:00,ACC_00445,216.38,electronics,0,0,0
TXN_3CC04C53ACBD4446,2026-08-17 22:24:27.016910+00:00,ACC_00582,2009.52,jewelry,0,0,0
TXN_D709D1D0C3FA47A0,2026-08-18 00:22:03.016910+00:00,ACC_00471,21.29,pharmacy,0,0,0
TXN_9B583C01E1864FF5,2026-08-18 00:56:47.016910+00:00,ACC_00471,51.52,pharmacy,1,1,0
TXN_55E084CA4AB044E9,2026-08-18 01:00:54.016910+00:00,ACC_00471,227.6,other,0,2,0
TXN_203E43FC4D3949B3,2026-08-18 01:16:54.016910+00:00,ACC_00471,463.42,electronics,0,3,0
TXN_AD7FCB7821404C54,2026-08-18 01:58:23.016910+00:00,ACC_00471,188.7,hotel,0,2,0
TXN_7E5886378E7A45DF,2026-08-18 02:25:18.016910+00:00,ACC_00958,174.87,jewelry,0,0,0
TXN_7C072EB4340D4BC1,2026-08-18 02:26:10.016910+00:00,ACC_00991,426.96,jewelry,0,0,0
TXN_DA8E4E0FCD9E417B,2026-08-18 03:29:01.016910+00:00,ACC_00619,436.29,jewelry,0,0,0
TXN_0850534A98AC475F,2026-08-18 03:47:21.016910+00:00,ACC_00488,322.82,travel,0,0,0
TXN_880D049933EF4298,2026-08-18 04:27:36.016910+00:00,ACC_00768,41.57,hotel,0,0,0
TXN_C9BA217CFCB64329,2026-08-18 04:34:47.016910+00:00,ACC_00713,803.74,travel,0,0,0
TXN_22402D8995734772,2026-08-18 04:39:50.016910+00:00,ACC_00552,137.14,pharmacy,0,0,0
TXN_ED2E0345A23A4F55,2026-08-18 05:40:58.016910+00:00,ACC_00409,106.93,electronics,0,0,0
TXN_62F3651597724019,2026-08-18 05:43:35.016910+00:00,ACC_00335,163.11,online_services,0,0,0
TXN_7F88803FD8FF4951,2026-08-18 06:43:16.016910+00:00,ACC_00335,30.03,pharmacy,0,1,0
TXN_98EA699147174A59,2026-08-18 06:46:47.016910+00:00,ACC_00335,158.32,pharmacy,0,1,0
TXN_AA54C385057A4742,2026-08-18 07:56:05.016910+00:00,ACC_00335,55.99,clothing,0,0,0
TXN_B190EC93FEB94351,2026-08-18 08:01:34.016910+00:00,ACC_00335,17.29,grocery,0,1,0
TXN_46C159CA425247F9,2026-08-18 08:21:57.016910+00:00,ACC_00335,842.29,electronics,0,2,0
TXN_6BBAFDC2DC9D4570,2026-08-18 08:40:05.016910+00:00,ACC_00335,86.64,grocery,0,3,0
TXN_816F59E6404D4969,2026-08-18 08:54:44.016910+00:00,ACC_00335,188.3,jewelry,0,4,0
TXN_690861396A0A46D8,2026-08-18 09:07:16.016910+00:00,ACC_00290,581.42,electronics,0,0,0
TXN_D803F1E386884037,2026-08-18 09:16:36.016910+00:00,ACC_00681,215.9,hotel,0,0,0
TXN_B3198A0CF6544082,2026-08-18 09:25:39.016910+00:00,ACC_00148,29.25,fuel,0,0,0
TXN_56DA555BCBDE4E25,2026-08-18 09:47:37.016910+00:00,ACC_00545,590.17,hotel,0,0,0
TXN_5EE3F0F5E6B141BC,2026-08-18 10:03:16.016910+00:00,ACC_00066,64.27,restaurant,0,0,0
TXN_988EC691BFD04168,2026-08-18 11:44:32.016910+00:00,ACC_00644,47.73,pharmacy,0,0,0
TXN_97D967746D3F4A1C,2026-08-18 11:46:38.016910+00:00,ACC_00851,35.06,pharmacy,0,0,0
TXN_FDBD5AF21A7C451B,2026-08-18 12:26:01.016910+00:00,ACC_00655,16.72,fuel,0,0,0
TXN_F71AD9CED8DB4BC0,2026-08-18 13:10:50.016910+00:00,ACC_00015,6.23,other,0,0,0
TXN_D75F93817ADD40EE,2026-08-18 13:29:13.016910+00:00,ACC_00038,231.31,hotel,0,0,0
TXN_95361488B8494B1B,2026-08-18 13:45:46.016910+00:00,ACC_00038,9.91,restaurant,0,1,0
TXN_2BC3411A56D34243,2026-08-18 13:59:40.016910+00:00,ACC_00038,47.76,hotel,0,2,0
TXN_2EF5FD90D387448E,2026-08-18 14:11:52.016910+00:00,ACC_00038,39.42,gaming,0,3,0
TXN_49E4624AAF534666,2026-08-18 14:24:41.016910+00:00,ACC_00038,45.4,clothing,0,4,0
TXN_F68F5FF845884FE3,2026-08-18 14:48:27.016910+00:00,ACC_00038,1646.27,electronics,0,3,0
TXN_EDF07E22BC5E45A3,2026-08-18 14:51:06.016910+00:00,ACC_00734,103.99,clothing,0,0,0
TXN_DB2B8D671DDB495E,2026-08-18 14:52:14.016910+00:00,ACC_00085,9.68,gaming,1,0,0
TXN_5F66CB0755EC4CA8,2026-08-18 14:53:12.016910+00:00,ACC_00998,226.32,hotel,0,0,0
TXN_4E4C7BDC85954859,2026-08-18 16:00:39.016910+00:00,ACC_00704,88.32,electronics,0,0,0
TXN_F084182C01BA41DF,2026-08-18 16:01:43.016910+00:00,ACC_00193,15.34,pharmacy,0,0,0
TXN_0C9A2B3CF1994827,2026-08-18 16:28:21.016910+00:00,ACC_00650,9.14,fuel,0,0,0
TXN_224B91CBBB7C43BD,2026-08-18 16:36:57.016910+00:00,ACC_00530,54.72,gaming,1,0,0
TXN_C4E936B83F2844E2,2026-08-18 16:48:32.016910+00:00,ACC_00529,14.82,online_services,0,0,0
TXN_A87FE5B015EB4939,2026-08-18 16:57:50.016910+00:00,ACC_00914,40.82,travel,0,0,0
TXN_D2F14C19F2434821,2026-08-18 17:11:02.016910+00:00,ACC_00923,179.81,online_services,0,0,0
TXN_34D5483A309B404A,2026-08-18 17:26:34.016910+00:00,ACC_00402,60.1,jewelry,0,0,0
TXN_A23F03167DD249D1,2026-08-18 17:45:43.016910+00:00,ACC_00744,8.33,fuel,0,0,0
TXN_0E265C5D52DD4FFF,2026-08-18 19:17:58.016910+00:00,ACC_00744,83.23,online_services,0,0,0
TXN_897ABDAA56354C16,2026-08-18 19:21:32.016910+00:00,ACC_00744,148.0,electronics,0,1,0
TXN_5EFA7C8B0CC74100,2026-08-18 19:28:18.016910+00:00,ACC_00744,66.39,hotel,0,2,0
TXN_35C00CE25B1748C1,2026-08-18 20:22:04.016910+00:00,ACC_00567,56.42,travel,0,0,0
TXN_7E2639B5CF0945C7,2026-08-18 20:51:51.016910+00:00,ACC_00994,56.66,electronics,0,0,0
TXN_3148E1ED8A2547FD,2026-08-18 22:06:16.016910+00:00,ACC_00704,27.22,gaming,0,0,0
TXN_34E59089DD984862,2026-08-18 22:23:59.016910+00:00,ACC_00702,64.58,grocery,0,0,0
TXN_F1FEF690D16F4554,2026-08-18 22:33:29.016910+00:00,ACC_00142,140.05,hotel,0,0,0
TXN_D0CE626CD3D84FFE,2026-08-18 22:34:53.016910+00:00,ACC_00142,159.07,jewelry,0,1,0
TXN_DBB26B5D0B0A4DA5,2026-08-18 23:03:33.016910+00:00,ACC_00142,27.56,grocery,0,2,0
TXN_D963496B9F124DDA,2026-08-18 23:03:42.016910+00:00,ACC_00142,65.4,pharmacy,0,3,0
TXN_D445444AD06940E4,2026-08-18 23:10:10.016910+00:00,ACC_00002,20.39,online_services,0,0,0
TXN_DA364188EA9E43C6,2026-08-18 23:10:53.016910+00:00,ACC_00769,25.38,electronics,0,0,0
TXN_09F3C7D9DA494013,2026-08-18 23:20:07.016910+00:00,ACC_00769,494.87,travel,0,1,0
TXN_B6F782158AB047DC,2026-08-18 23:29:14.016910+00:00,ACC_00769,35.83,clothing,0,2,0
TXN_7D080A9F6030453F,2026-08-19 00:44:44.016910+00:00,ACC_00769,1478.28,jewelry,0,0,0
TXN_C249C7EE086D412C,2026-08-19 01:27:01.016910+00:00,ACC_00769,17.43,restaurant,0,1,0
TXN_A25F901078584CDA,2026-08-19 01:29:49.016910+00:00,ACC_00144,49.94,clothing,0,0,0
TXN_E5980B74574945F6,2026-08-19 01:49:09.016910+00:00,ACC_00264,23.71,other,0,0,0
TXN_761102B133B44DF3,2026-08-19 01:56:08.016910+00:00,ACC_00765,142.31,hotel,0,0,0
TXN_AF390796773542C6,2026-08-19 02:11:21.016910+00:00,ACC_00762,80.54,hotel,0,0,0
TXN_DBB5EDC1B1454E21,2026-08-19 02:21:14.016910+00:00,ACC_00142,22.46,restaurant,0,0,0
TXN_D3AE4C9DB2E9494A,2026-08-19 02:29:16.016910+00:00,ACC_00153,122.85,hotel,0,0,0
TXN_5014DB6923744C69,2026-08-19 02:45:50.016910+00:00,ACC_00754,35.59,other,0,0,0
TXN_2E896156E9BD4961,2026-08-19 03:00:59.016910+00:00,ACC_00114,137.87,hotel,0,0,0
TXN_FE35654F9DC9498A,2026-08-19 03:36:34.016910+00:00,ACC_00060,22.96,gaming,0,0,0
TXN_9B88CAEC2D4B4D53,2026-08-19 04:11:44.016910+00:00,ACC_00837,163.79,travel,0,0,0
TXN_FB357051A8D44CD5,2026-08-19 05:33:28.016910+00:00,ACC_00754,8.69,online_services,0,0,0
TXN_A8F1E09732324DE4,2026-08-19 06:22:45.016910+00:00,ACC_00106,7.51,restaurant,0,0,0
TXN_6923705FFFB24654,2026-08-19 06:38:11.016910+00:00,ACC_00820,18.7,online_services,0,0,0
TXN_E1245567822A4C84,2026-08-19 07:07:36.016910+00:00,ACC_00162,44.21,travel,0,0,0
TXN_B7C55D9F1ABE4C52,2026-08-19 07:56:16.016910+00:00,ACC_00237,47.26,travel,0,0,0
TXN_C2A4B6DA73214DD8,2026-08-19 08:41:16.016910+00:00,ACC_00219,60.7,grocery,1,0,0
TXN_B63076DC5A2846F7,2026-08-19 08:54:58.016910+00:00,ACC_00354,33.03,online_services,0,0,0
TXN_9A872F9043284BB3,2026-08-19 09:09:39.016910+00:00,ACC_00823,24.91,grocery,0,0,0
TXN_4551B6F6BD3F4E73,2026-08-19 09:12:09.016910+00:00,ACC_00159,139.13,electronics,1,0,0
TXN_D8E435198EB942CD,2026-08-19 09:16:38.016910+00:00,ACC_00450,299.47,jewelry,0,0,0
TXN_81C52E70BC9A4DAC,2026-08-19 09:19:38.016910+00:00,ACC_00446,32.05,other,0,0,0
TXN_8DCD337D5BBF44B0,2026-08-19 09:50:09.016910+00:00,ACC_00988,103.2,fuel,0,0,0
TXN_DB3FC5F11D3D40BB,2026-08-19 12:15:16.016910+00:00,ACC_00636,34.8,gaming,0,0,0
TXN_4A4A06AE91964335,2026-08-19 13:18:42.016910+00:00,ACC_00636,85.7,clothing,0,0,0
TXN_D83B986AA65249A9,2026-08-19 13:19:02.016910+00:00,ACC_00636,20.07,fuel,0,1,0
TXN_C533C0B04FAE42C7,2026-08-19 13:45:07.016910+00:00,ACC_00636,133.9,electronics,0,2,0
TXN_D408CF9A77B64690,2026-08-19 14:24:16.016910+00:00,ACC_00957,1088.76,online_services,1,0,0
TXN_DF02823038B540C0,2026-08-19 14:53:20.016910+00:00,ACC_00184,64.91,grocery,0,0,0
TXN_44C6A7F3E127421D,2026-08-19 15:17:13.016910+00:00,ACC_00555,67.56,gaming,0,0,0
TXN_959001CB663A4D7D,2026-08-19 16:01:03.016910+00:00,ACC_00542,19.21,grocery,0,0,0
TXN_F48C7E865B0D4BD6,2026-08-19 16:41:53.016910+00:00,ACC_00120,11.93,grocery,0,0,0
TXN_8E4E0C8642E8461F,2026-08-19 17:11:36.016910+00:00,ACC_00186,12.36,online_services,0,0,0
TXN_FFD32C5B7567457B,2026-08-19 17:24:59.016910+00:00,ACC_00103,27.27,online_services,0,0,0
TXN_B8585725B45846E6,2026-08-19 17:33:56.016910+00:00,ACC_00332,127.86,jewelry,0,0,0
TXN_B9085B23D14A4387,2026-08-19 17:47:45.016910+00:00,ACC_00332,76.1,other,0,1,0
TXN_44B9FCB1D04F4B54,2026-08-19 17:48:10.016910+00:00,ACC_00332,48.14,clothing,1,2,0
TXN_276EF5F2C6744084,2026-08-19 18:06:25.016910+00:00,ACC_00332,15.81,other,0,3,0
TXN_8A6CD6980AEC4D18,2026-08-19 18:13:35.016910+00:00,ACC_00332,112.13,clothing,0,4,0
TXN_CCFD11271EA945FF,2026-08-19 18:29:40.016910+00:00,ACC_00332,44.45,grocery,0,5,0
TXN_4F2D995FAAA34F93,2026-08-19 18:33:29.016910+00:00,ACC_00332,64.67,travel,0,6,0
TXN_BD5CF7F75EF34EDD,2026-08-19 19:03:31.016910+00:00,ACC_00624,17.92,pharmacy,0,0,0
TXN_F528243D4ACF47C8,2026-08-19 19:09:05.016910+00:00,ACC_00550,157.08,online_services,0,0,0
TXN_F4DE6ADD20A348D2,2026-08-19 19:27:18.016910+00:00,ACC_00729,14.15,gaming,0,0,0
TXN_7D19204D40FD4D8A,2026-08-19 20:28:46.016910+00:00,ACC_00518,4781.22,grocery,1,0,0
TXN_0E6F3550D4B343E2,2026-08-19 21:04:26.016910+00:00,ACC_00779,32.26,online_services,0,0,0
TXN_CF850F78E6FE4757,2026-08-19 21:27:59.016910+00:00,ACC_00750,38.58,clothing,0,0,0
TXN_1AB4CDF9A2744B7E,2026-08-19 21:40:59.016910+00:00,ACC_00750,139.88,electronics,0,1,0
TXN_608C50788F7344C3,2026-08-19 21:59:09.016910+00:00,ACC_00750,49.75,jewelry,0,2,0
TXN_86F0C76CB0A44136,2026-08-19 22:14:20.016910+00:00,ACC_00750,126.48,electronics,0,3,0
TXN_1711779824124A8E,2026-08-19 22:15:01.016910+00:00,ACC_00750,102.46,other,0,4,0
TXN_6448645E277947CF,2026-08-19 23:02:57.016910+00:00,ACC_00750,83.21,travel,0,2,0
TXN_E79650DE7B534C57,2026-08-19 23:19:37.016910+00:00,ACC_00750,198.22,jewelry,0,1,0
TXN_A58277B88D084077,2026-08-19 23:26:03.016910+00:00,ACC_00044,265.89,grocery,0,0,0
TXN_2E123673B09F4697,2026-08-19 23:30:29.016910+00:00,ACC_00873,456.98,jewelry,0,0,0
TXN_CE0A9951981C4C25,2026-08-20 00:38:28.016910+00:00,ACC_00512,19.68,clothing,0,0,0
TXN_EC18823E3AB04A91,2026-08-20 00:41:24.016910+00:00,ACC_00309,25.21,gaming,0,0,0
TXN_A9F9A8331BB44831,2026-08-20 00:46:27.016910+00:00,ACC_00603,27.44,fuel,0,0,0
TXN_BBC06B4E449D4CE4,2026-08-20 00:55:50.016910+00:00,ACC_00328,243.85,hotel,0,0,0
TXN_F09974B96AC84771,2026-08-20 01:09:16.016910+00:00,ACC_00020,43.61,hotel,0,0,0
TXN_05F52FFB401E4FBB,2026-08-20 03:20:04.016910+00:00,ACC_00970,46.49,restaurant,0,0,0
TXN_B035B5A760294452,2026-08-20 03:59:12.016910+00:00,ACC_00565,84.24,clothing,0,0,0
TXN_938BB49E43F942D4,2026-08-20 05:29:15.016910+00:00,ACC_00282,209.99,jewelry,0,0,0
TXN_BF55F3D813F54C87,2026-08-20 05:34:04.016910+00:00,ACC_00203,63.14,restaurant,0,0,0
TXN_E9B50D4F2E7D4627,2026-08-20 05:36:18.016910+00:00,ACC_00693,11.85,restaurant,0,0,0
TXN_3B4B2BA1FD884766,2026-08-20 06:07:12.016910+00:00,ACC_00165,154.93,other,0,0,0
TXN_B722CF0EB0B44FAC,2026-08-20 07:23:16.016910+00:00,ACC_00482,8.37,online_services,0,0,0
TXN_D923BE76347545FA,2026-08-20 07:31:05.016910+00:00,ACC_00039,43.41,hotel,0,0,0
TXN_61BD6A2FFB2B4DAF,2026-08-20 07:55:13.016910+00:00,ACC_00039,10.65,other,0,1,0
TXN_65C3E28C480548A0,2026-08-20 08:02:19.016910+00:00,ACC_00039,19.91,gaming,0,2,0
TXN_24DFFDA57D764DB2,2026-08-20 08:39:56.016910+00:00,ACC_00039,66.73,fuel,0,2,0
TXN_37BB3A21AD444E6A,2026-08-20 09:12:10.016910+00:00,ACC_00039,51.03,fuel,0,1,0
TXN_D422C5B970FB4EBB,2026-08-20 10:57:12.016910+00:00,ACC_00039,62.71,other,1,0,0
TXN_294F57A79DAA4967,2026-08-20 11:03:21.016910+00:00,ACC_00039,12.27,restaurant,0,1,0
TXN_C830A523575B4E37,2026-08-20 11:04:47.016910+00:00,ACC_00626,34.15,fuel,0,0,0
TXN_403E864B1B744CCF,2026-08-20 11:42:16.016910+00:00,ACC_00755,313.26,electronics,0,0,0
TXN_4E788A68D4624127,2026-08-20 12:25:41.016910+00:00,ACC_00018,50.91,hotel,0,0,0
TXN_6886A083CEF8459A,2026-08-20 12:45:54.016910+00:00,ACC_00829,21.19,gaming,0,0,0
TXN_57C2333B29034112,2026-08-20 12:58:36.016910+00:00,ACC_00387,68.7,travel,0,0,0
TXN_7DC303FFD4FF4410,2026-08-20 14:25:06.016910+00:00,ACC_00645,47.67,gaming,0,0,0
TXN_925A571F323E49DF,2026-08-20 16:24:14.016910+00:00,ACC_00487,60.92,fuel,0,0,0
TXN_0C9F68BCC8CA44EE,2026-08-20 17:09:36.016910+00:00,ACC_00676,86.8,gaming,0,0,0
TXN_A29EC926712C40B8,2026-08-20 17:46:32.016910+00:00,ACC_00174,27.38,fuel,0,0,0
TXN_EC0BD43231514905,2026-08-20 18:23:34.016910+00:00,ACC_00588,71.81,hotel,0,0,0
TXN_F7CC58884D374C2A,2026-08-20 18:28:02.016910+00:00,ACC_00012,60.57,hotel,0,0,0
TXN_805877AE1B6F4378,2026-08-20 18:37:48.016910+00:00,ACC_00796,57.21,fuel,0,0,0
TXN_E0F5CB358AD74259,2026-08-20 19:19:38.016910+00:00,ACC_00297,12.81,other,0,0,0
TXN_F717C999C91F43D1,2026-08-20 19:31:13.016910+00:00,ACC_00864,176.09,jewelry,0,0,0
TXN_BE0BB0B6D76842C8,2026-08-20 19:35:10.016910+00:00,ACC_00623,88.57,electronics,0,0,0
TXN_CDB33546D0BA4223,2026-08-20 20:15:33.016910+00:00,ACC_00866,75.94,online_services,0,0,0
TXN_3014CFDEF1E34141,2026-08-20 20:47:52.016910+00:00,ACC_00597,9.56,pharmacy,0,0,0
TXN_AF4A4EA087BC411D,2026-08-20 20:53:59.016910+00:00,ACC_00081,51.27,restaurant,0,0,0
TXN_6813A22DCF7D451C,2026-08-20 21:08:48.016910+00:00,ACC_00503,38.45,restaurant,0,0,0
TXN_31A8A8CE15BA4138,2026-08-20 21:51:04.016910+00:00,ACC_00055,227.45,online_services,0,0,0
TXN_3582BCAC636748D9,2026-08-20 22:38:34.016910+00:00,ACC_00328,564.45,travel,0,0,0
TXN_C5F6EFB262364C5C,2026-08-20 22:54:14.016910+00:00,ACC_00279,101.44,grocery,0,0,0
TXN_75F8D98C2BF14CAC,2026-08-20 23:25:06.016910+00:00,ACC_00898,7.57,clothing,0,0,0
TXN_414DC57A5C344FDF,2026-08-21 00:12:02.016910+00:00,ACC_00173,43.09,travel,0,0,0
TXN_5B6478EF740E413C,2026-08-21 00:22:55.016910+00:00,ACC_00009,76.09,pharmacy,0,0,0
TXN_5F799839108A4CA5,2026-08-21 00:40:44.016910+00:00,ACC_00009,172.23,jewelry,0,1,0
TXN_A76EDF40D44C43E4,2026-08-21 00:51:25.016910+00:00,ACC_00009,180.29,online_services,0,2,0
TXN_30E649D2F2064A7D,2026-08-21 01:07:13.016910+00:00,ACC_00009,48.32,clothing,0,3,0
TXN_A233AC1DA2794E58,2026-08-21 02:03:48.016910+00:00,ACC_00009,183.31,hotel,0,1,0
TXN_26BA4E64092E488A,2026-08-21 02:08:10.016910+00:00,ACC_00904,59.7,fuel,0,0,0
TXN_60DE5FAFB0FD4968,2026-08-21 02:41:58.016910+00:00,ACC_00705,52.39,other,0,0,0
TXN_A1EC07AF6DC34F5C,2026-08-21 02:56:04.016910+00:00,ACC_00337,103.24,online_services,0,0,0
TXN_E1CE10178C28438C,2026-08-21 03:22:53.016910+00:00,ACC_00645,49.53,restaurant,0,0,0
TXN_913DB3894ED84775,2026-08-21 04:15:10.016910+00:00,ACC_00122,18.61,other,0,0,0
TXN_9027F0B5C5694D0B,2026-08-21 04:22:04.016910+00:00,ACC_00808,1650.82,jewelry,0,0,0
TXN_9614EDD3E3244964,2026-08-21 05:57:01.016910+00:00,ACC_00433,13.8,online_services,0,0,0
TXN_8FB98D5155BF4EB9,2026-08-21 07:20:11.016910+00:00,ACC_00557,52.8,electronics,0,0,0
TXN_3AE773565E6D4835,2026-08-21 07:22:44.016910+00:00,ACC_00122,72.09,gaming,0,0,0
TXN_FE4EEB326D23423F,2026-08-21 07:36:12.016910+00:00,ACC_00469,44.77,pharmacy,0,0,0
TXN_E6131F108B7A4B1E,2026-08-21 08:04:19.016910+00:00,ACC_00435,75.38,fuel,0,0,0
TXN_45EACF4B47AE48C9,2026-08-21 08:25:26.016910+00:00,ACC_00949,3.29,fuel,0,0,0
TXN_277F594C04D14C8E,2026-08-21 08:27:35.016910+00:00,ACC_00977,33.41,online_services,0,0,0
TXN_2A120B314EC24905,2026-08-21 08:50:08.016910+00:00,ACC_00812,320.24,jewelry,0,0,0
TXN_79CAE67DFC0A4AC1,2026-08-21 10:11:17.016910+00:00,ACC_00750,112.01,jewelry,0,0,0
TXN_B544204447E34FC6,2026-08-21 11:04:28.016910+00:00,ACC_00487,48.31,clothing,0,0,0
TXN_34DAD02EF6024511,2026-08-21 11:13:45.016910+00:00,ACC_00708,137.24,fuel,0,0,0
TXN_1032912437AD4084,2026-08-21 11:41:53.016910+00:00,ACC_00708,13.74,online_services,0,1,0
TXN_1CEF89BF9B084EB3,2026-08-21 11:56:54.016910+00:00,ACC_00708,275.14,hotel,0,2,0
TXN_CFAD240AFF6748BF,2026-08-21 12:02:37.016910+00:00,ACC_00708,89.19,hotel,0,3,0
TXN_0A9DF01A43994E6A,2026-08-21 12:04:53.016910+00:00,ACC_00708,20.76,clothing,0,4,0
TXN_598F7928BEF64C3F,2026-08-21 12:08:45.016910+00:00,ACC_00341,14949.41,travel,0,0,1
TXN_ABDD5AA2F0334FD0,2026-08-21 12:13:38.016910+00:00,ACC_00795,86.79,electronics,0,0,0
TXN_EC0ED709DE4D4960,2026-08-21 12:26:07.016910+00:00,ACC_00770,115.52,online_services,0,0,0
TXN_BDF915C103EA43A6,2026-08-21 12:58:35.016910+00:00,ACC_00536,63.67,online_services,1,0,0
TXN_775A080F28664059,2026-08-21 13:28:57.016910+00:00,ACC_00744,16.02,other,0,0,0
TXN_05A64ED8523D4E77,2026-08-21 13:39:36.016910+00:00,ACC_00744,78.15,pharmacy,0,1,0
TXN_08FEF2907B88497A,2026-08-21 13:59:07.016910+00:00,ACC_00744,272.82,travel,0,2,0
TXN_CD44AAA9F2CF451A,2026-08-21 14:03:06.016910+00:00,ACC_00744,26.39,travel,0,3,0
TXN_8A193D3B83B141DB,2026-08-21 14:09:22.016910+00:00,ACC_00744,55.42,travel,0,4,0
TXN_8F55A4926E0E45A5,2026-08-21 15:14:59.016910+00:00,ACC_00744,160.97,other,0,0,0
TXN_B2B069AE1AD04E52,2026-08-21 15:28:18.016910+00:00,ACC_00744,210.6,jewelry,0,1,0
TXN_B634DBF787074B23,2026-08-21 16:10:41.016910+00:00,ACC_00744,323.56,travel,0,2,0
TXN_0C4560B4A28B4586,2026-08-21 17:17:01.016910+00:00,ACC_00742,5.39,gaming,0,0,0
TXN_0D662019C6B84EAE,2026-08-21 17:18:50.016910+00:00,ACC_00713,3.48,fuel,0,0,0
TXN_31019808ECB049B7,2026-08-21 18:35:06.016910+00:00,ACC_00622,15000.0,travel,1,5,0
TXN_16BC89CC952B46A3,2026-08-21 18:56:49.016910+00:00,ACC_00874,24.36,online_services,0,0,0
TXN_47EFB920E0C04EBC,2026-08-21 19:45:02.016910+00:00,ACC_00524,81.71,online_services,0,0,0
TXN_E4B4798651EB413A,2026-08-21 19:47:30.016910+00:00,ACC_00625,104.98,gaming,0,0,0
TXN_DDB241B353BC438A,2026-08-21 20:11:45.016910+00:00,ACC_00081,24.75,gaming,0,0,0
TXN_DAD5D0A29A1E44DE,2026-08-21 20:19:44.016910+00:00,ACC_00177,192.72,jewelry,0,0,0
TXN_79353AB6DABF4EF7,2026-08-21 20:36:27.016910+00:00,ACC_00177,35.15,clothing,0,1,0
TXN_1D498263123B4AE6,2026-08-21 20:36:39.016910+00:00,ACC_00177,18.29,pharmacy,0,2,0
TXN_A252F9A5FEF0494E,2026-08-21 20:36:49.016910+00:00,ACC_00177,51.79,online_services,0,3,0
TXN_E37370B56B504713,2026-08-21 21:31:09.016910+00:00,ACC_00418,235.34,hotel,0,0,0
TXN_468C8B8AA2F64922,2026-08-21 22:22:00.016910+00:00,ACC_00188,23.93,clothing,0,0,0
TXN_F5558EC273AE4EA5,2026-08-21 22:25:19.016910+00:00,ACC_00425,66.18,travel,0,0,0
TXN_16281472AFD44A12,2026-08-21 22:38:59.016910+00:00,ACC_00416,31.19,other,0,0,0
TXN_86204A995581437D,2026-08-21 22:49:02.016910+00:00,ACC_00733,63.18,fuel,0,0,0
TXN_86477446865B436F,2026-08-21 22:59:28.016910+00:00,ACC_00269,260.54,electronics,0,0,0
TXN_E47BD8789BE84889,2026-08-21 23:05:25.016910+00:00,ACC_00066,19.23,restaurant,0,0,0
TXN_6991B8B859E6482F,2026-08-21 23:26:30.016910+00:00,ACC_00021,5.27,pharmacy,0,0,0
TXN_67A25DECE96C42A1,2026-08-22 00:00:37.016910+00:00,ACC_00799,15.9,online_services,0,0,0
TXN_231C8B33D7D74E2C,2026-08-22 02:03:40.016910+00:00,ACC_00272,72.8,electronics,0,0,0
TXN_FCA3E05B0A2B4D4E,2026-08-22 03:24:31.016910+00:00,ACC_00272,16.58,fuel,0,0,0
TXN_2ABA8FCDBF5F4CCD,2026-08-22 03:41:26.016910+00:00,ACC_00272,31.82,hotel,0,1,0
TXN_5232236CEE1D4D3C,2026-08-22 03:44:48.016910+00:00,ACC_00272,33.0,pharmacy,0,2,0
TXN_7286A34E0D0A40CB,2026-08-22 03:59:03.016910+00:00,ACC_00272,277.41,restaurant,0,3,0
TXN_2230CF785C534F4C,2026-08-22 04:12:51.016910+00:00,ACC_00272,14.71,fuel,0,4,0
TXN_C3B93D8958834E7A,2026-08-22 05:14:25.016910+00:00,ACC_00264,45.72,fuel,0,0,0
TXN_1D5FE4E59CFA497F,2026-08-22 05:23:58.016910+00:00,ACC_00940,60.18,grocery,0,0,0
TXN_B08A10B9B1914F28,2026-08-22 05:46:03.016910+00:00,ACC_00887,232.55,travel,0,0,0
TXN_DB1A0ED9C20445D4,2026-08-22 06:07:40.016910+00:00,ACC_00775,34.69,grocery,0,0,0
TXN_2ECF5B110F514152,2026-08-22 06:09:16.016910+00:00,ACC_00163,33.18,hotel,0,0,0
TXN_112B341F9DEC4B4D,2026-08-22 06:10:09.016910+00:00,ACC_00880,93.54,gaming,0,0,0
TXN_FBF5CAC0F7A0470D,2026-08-22 06:19:10.016910+00:00,ACC_00838,8.31,fuel,0,0,0
TXN_9A2C29881BCC4172,2026-08-22 07:46:15.016910+00:00,ACC_00893,89.99,hotel,0,0,0
TXN_422962878A4649FC,2026-08-22 07:56:23.016910+00:00,ACC_00712,32.76,gaming,0,0,0
TXN_EE363CA1C0BB48B3,2026-08-22 08:46:47.016910+00:00,ACC_00111,17.75,other,0,0,0
TXN_25F14696F524446A,2026-08-22 08:55:32.016910+00:00,ACC_00438,28.07,clothing,0,0,0
TXN_FBA0E0CA76384413,2026-08-22 09:26:07.016910+00:00,ACC_00946,71.95,gaming,0,0,0
TXN_58B7E069FB4642AF,2026-08-22 10:42:35.016910+00:00,ACC_00585,31.49,fuel,0,0,0
TXN_330D44F6DFD647EF,2026-08-22 11:01:05.016910+00:00,ACC_00585,10.89,online_services,0,1,0
TXN_80BF475214CD4C47,2026-08-22 11:05:50.016910+00:00,ACC_00585,82.53,gaming,0,2,0
TXN_19C1351E2E1A49A5,2026-08-22 11:57:31.016910+00:00,ACC_00585,274.74,other,0,2,0
TXN_D7E99A9AFDCF48ED,2026-08-22 12:05:53.016910+00:00,ACC_00585,30.47,hotel,0,1,0
TXN_FA44CD19F3574395,2026-08-22 12:49:54.016910+00:00,ACC_00585,33.95,fuel,0,2,0
TXN_7815970182B748C0,2026-08-22 13:23:04.016910+00:00,ACC_00585,50.18,other,0,1,0
TXN_82EA893F264F46E8,2026-08-22 14:28:29.016910+00:00,ACC_00849,37.3,travel,0,0,0
TXN_91A79457D35046E1,2026-08-22 14:41:31.016910+00:00,ACC_00589,417.25,travel,0,0,0
TXN_30E83DE12BAF4141,2026-08-22 16:09:28.016910+00:00,ACC_00853,102.38,electronics,0,0,0
TXN_7F01B22C553F4C42,2026-08-22 16:24:43.016910+00:00,ACC_00550,302.75,travel,0,0,0
TXN_3DAE3E764C31465B,2026-08-22 17:55:33.016910+00:00,ACC_00100,48.49,fuel,0,0,0
TXN_11DFA5B0DF3A42AD,2026-08-22 17:56:09.016910+00:00,ACC_00442,400.6,travel,0,0,0
TXN_F76B6798F6CE41F3,2026-08-22 18:29:28.016910+00:00,ACC_00676,54.65,online_services,0,0,0
TXN_E875A440C22C4E0C,2026-08-22 18:53:45.016910+00:00,ACC_00223,68.55,electronics,0,0,0
TXN_472E7C70F2A44D9A,2026-08-22 19:12:24.016910+00:00,ACC_00892,74.99,clothing,0,0,0
TXN_04D32356B5E04324,2026-08-22 19:35:10.016910+00:00,ACC_00258,48.5,electronics,0,0,0
TXN_FFE79A12D1FF4BE3,2026-08-22 19:37:57.016910+00:00,ACC_00258,366.46,jewelry,0,1,0
TXN_6446BAA147004C0E,2026-08-22 19:47:08.016910+00:00,ACC_00258,15000.0,travel,1,6,0
TXN_7A492E9E557E41A2,2026-08-22 19:51:56.016910+00:00,ACC_00258,529.35,restaurant,0,3,0
TXN_BA07D608E06A4E22,2026-08-22 20:23:39.016910+00:00,ACC_00258,27.37,fuel,0,4,0
TXN_F6E03D0814BC4D18,2026-08-22 20:42:10.016910+00:00,ACC_00258,127.61,electronics,0,3,0
TXN_2307685A35ED41D8,2026-08-22 20:53:52.016910+00:00,ACC_00856,760.68,jewelry,0,0,0
TXN_A9A4FE9A4E4E4EF5,2026-08-22 21:11:59.016910+00:00,ACC_00591,60.53,hotel,1,0,0
TXN_FC67802FABE2465F,2026-08-22 21:18:17.016910+00:00,ACC_00619,226.61,hotel,0,0,0
TXN_2E09F25E3B844C74,2026-08-22 21:26:08.016910+00:00,ACC_00557,166.0,other,0,0,0
TXN_BDC885E4C9CF465E,2026-08-22 22:02:05.016910+00:00,ACC_00434,3100.61,other,0,0,0
TXN_1261DEB8AC264FF9,2026-08-22 22:04:10.016910+00:00,ACC_00308,50.69,online_services,0,0,0
TXN_A58D384F74594E57,2026-08-22 22:20:16.016910+00:00,ACC_00293,48.3,online_services,0,0,0
TXN_FD11BCD8ECC740DB,2026-08-22 22:51:29.016910+00:00,ACC_00133,57.32,hotel,0,0,0
TXN_DE2619D28BE54F7B,2026-08-22 23:48:36.016910+00:00,ACC_00695,24.08,hotel,0,0,0
TXN_2CF3168BC87A4845,2026-08-23 00:04:29.016910+00:00,ACC_00881,37.04,grocery,0,0,0
TXN_0B6835C8B9F5406E,2026-08-23 00:11:24.016910+00:00,ACC_00875,728.73,jewelry,0,0,0
TXN_88E04971D9EC4EEB,2026-08-23 00:37:54.016910+00:00,ACC_00875,423.28,electronics,0,1,0
TXN_2364F139E3794FDB,2026-08-23 00:39:25.016910+00:00,ACC_00875,15000.0,travel,1,7,1
TXN_B1980AF1A5284F52,2026-08-23 00:50:46.016910+00:00,ACC_00875,102.23,restaurant,0,3,0
TXN_8F57DC2BD7ED45ED,2026-08-23 01:11:38.016910+00:00,ACC_00875,69.75,gaming,0,3,0
TXN_164EDF8EFDE144D1,2026-08-23 01:15:27.016910+00:00,ACC_00875,155.68,electronics,1,4,0
TXN_EBA51FB7CF514D90,2026-08-23 03:09:05.016910+00:00,ACC_00875,361.39,electronics,0,0,0
TXN_A982E130930143AD,2026-08-23 03:13:42.016910+00:00,ACC_00875,261.03,hotel,0,1,0
TXN_E36D26C840004492,2026-08-23 03:27:36.016910+00:00,ACC_00849,82.76,jewelry,0,0,0
TXN_7B23B8353A1B45CE,2026-08-23 03:36:23.016910+00:00,ACC_00757,23.32,clothing,0,0,0
TXN_3ED9D8DE398B463A,2026-08-23 03:50:23.016910+00:00,ACC_00861,7.62,grocery,0,0,0
TXN_894F5068A3434234,2026-08-23 03:52:33.016910+00:00,ACC_00658,59.61,online_services,0,0,0
TXN_4811F7E092B7441C,2026-08-23 04:01:33.016910+00:00,ACC_00658,45.68,hotel,0,1,0
TXN_73ADA624EBC94978,2026-08-23 06:14:33.016910+00:00,ACC_00658,82.99,travel,0,0,0
TXN_1CA56EE398EA4290,2026-08-23 06:30:50.016910+00:00,ACC_00658,632.56,jewelry,0,1,0
TXN_D6E5C66462954D33,2026-08-23 07:11:47.016910+00:00,ACC_00658,50.74,pharmacy,0,2,0
TXN_0949E0385A044AA9,2026-08-23 07:15:32.016910+00:00,ACC_00087,173.59,electronics,0,0,0
TXN_F5AF5EE7F68F4740,2026-08-23 07:32:48.016910+00:00,ACC_00986,322.05,gaming,0,0,0
TXN_5941D37879874AD8,2026-08-23 07:58:16.016910+00:00,ACC_00986,3.09,gaming,0,1,0
TXN_59C0C98D32434D87,2026-08-23 08:19:34.016910+00:00,ACC_00986,11.97,restaurant,0,2,0
TXN_710F920D1EC64E53,2026-08-23 08:26:10.016910+00:00,ACC_00986,27.23,fuel,0,3,0
TXN_091E7E44654C4D17,2026-08-23 09:08:21.016910+00:00,ACC_00986,22.79,clothing,0,2,0
TXN_BB065ED46B214B06,2026-08-23 09:30:59.016910+00:00,ACC_00986,72.04,pharmacy,0,1,0
TXN_9E1547876481463B,2026-08-23 09:53:53.016910+00:00,ACC_00986,34.55,gaming,0,2,0
TXN_3BC464043AAE4B5E,2026-08-23 10:15:37.016910+00:00,ACC_00986,16.98,clothing,0,2,0
TXN_73C0CE0A0043495B,2026-08-23 11:12:23.016910+00:00,ACC_00578,68.43,other,0,0,0
TXN_E14A1F91BC6D4A51,2026-08-23 11:24:36.016910+00:00,ACC_00503,48.08,pharmacy,0,0,0
TXN_0493E4C3F01B42CA,2026-08-23 12:55:24.016910+00:00,ACC_00503,16.16,gaming,0,0,0
TXN_F57B25578CBF4412,2026-08-23 13:09:08.016910+00:00,ACC_00503,36.12,gaming,0,1,0
TXN_4B9F477110854703,2026-08-23 14:14:19.016910+00:00,ACC_00503,65.6,gaming,0,0,0
TXN_336382ED56D744D2,2026-08-23 15:02:58.016910+00:00,ACC_00503,117.59,grocery,0,1,0
TXN_6D76C6859C084AC6,2026-08-23 15:38:26.016910+00:00,ACC_00503,13.84,restaurant,0,1,0
TXN_C607F279E4FF4F95,2026-08-23 16:11:52.016910+00:00,ACC_00238,82.13,clothing,0,0,0
TXN_622AD7A9D9DE41C6,2026-08-23 17:19:31.016910+00:00,ACC_00153,62.86,electronics,0,0,0
TXN_915E1FD814364365,2026-08-23 17:20:59.016910+00:00,ACC_00153,28.53,restaurant,0,1,0
TXN_155BB13A7B0B4AC0,2026-08-23 17:42:16.016910+00:00,ACC_00153,87.09,jewelry,0,2,0
TXN_74480DA1E9774AA0,2026-08-23 18:11:25.016910+00:00,ACC_00153,44.26,restaurant,0,3,0
TXN_50001F67139F452E,2026-08-23 18:44:55.016910+00:00,ACC_00153,556.79,jewelry,0,1,0
TXN_34034FEA99204CAE,2026-08-23 19:11:46.016910+00:00,ACC_00153,117.51,travel,0,1,0
TXN_8C17BAD011064FB8,2026-08-23 19:16:36.016910+00:00,ACC_00153,41.73,other,0,2,0
TXN_1172317FFE5848B2,2026-08-23 19:38:29.016910+00:00,ACC_00627,38.28,other,0,0,0
TXN_C8A1AA74FFEE49B7,2026-08-23 20:21:06.016910+00:00,ACC_00396,13.71,gaming,0,0,0
TXN_6F3CCE17E8D74FFA,2026-08-23 21:04:33.016910+00:00,ACC_00670,267.66,travel,0,0,0
TXN_0DB7B151E4064DE9,2026-08-23 21:33:21.016910+00:00,ACC_00808,408.41,travel,0,0,0
TXN_404256E48B6F4A41,2026-08-23 21:42:55.016910+00:00,ACC_00096,12543.5,travel,0,0,0
TXN_395727A028A846F4,2026-08-23 21:44:49.016910+00:00,ACC_00241,129.23,hotel,0,0,0
TXN_14EFE67330AD4B0C,2026-08-23 22:05:51.016910+00:00,ACC_00752,51.7,pharmacy,0,0,0
TXN_BA67904CFE944287,2026-08-23 22:57:21.016910+00:00,ACC_00658,123.83,jewelry,0,0,0
TXN_F91B6FD24BD3490A,2026-08-23 23:34:35.016910+00:00,ACC_00461,421.31,hotel,0,0,0
TXN_72613E1A6536422E,2026-08-23 23:36:58.016910+00:00,ACC_00925,39.46,pharmacy,0,0,0
TXN_1E49B0B78BFC419C,2026-08-24 00:15:01.016910+00:00,ACC_00263,11.28,gaming,0,0,0
TXN_85988AD6CED2459D,2026-08-24 00:29:30.016910+00:00,ACC_00280,117.77,gaming,1,0,0
TXN_2F3B3CB2D8184D86,2026-08-24 01:05:28.016910+00:00,ACC_00280,12.67,hotel,0,1,0
TXN_DF6A6DD242304469,2026-08-24 01:07:12.016910+00:00,ACC_00280,48.74,other,0,2,0
TXN_9536C65523A8470B,2026-08-24 01:14:37.016910+00:00,ACC_00280,32.25,clothing,0,3,0
TXN_15283F291E474F62,2026-08-24 01:46:39.016910+00:00,ACC_00173,69.35,fuel,0,0,0
TXN_A3F0EFB14D0A4FF4,2026-08-24 01:50:19.016910+00:00,ACC_00244,25.5,online_services,0,0,0
TXN_5B64C67DA0974214,2026-08-24 03:02:38.016910+00:00,ACC_00581,490.38,travel,0,0,0
TXN_BD895BF3302342EC,2026-08-24 04:09:08.016910+00:00,ACC_00581,76.39,restaurant,0,0,0
TXN_2B0CC42AFF1546CA,2026-08-24 04:15:43.016910+00:00,ACC_00581,455.23,hotel,0,1,0
TXN_E8D156BF25CC4894,2026-08-24 04:32:06.016910+00:00,ACC_00581,300.46,gaming,0,2,0
TXN_6A41590A0B004137,2026-08-24 04:47:51.016910+00:00,ACC_00581,169.74,hotel,0,3,0
TXN_2D0C169249DE470C,2026-08-24 05:00:49.016910+00:00,ACC_00581,106.1,hotel,0,4,0
TXN_EF53CD4667E647D6,2026-08-24 05:34:49.016910+00:00,ACC_00581,27.71,clothing,0,2,0
TXN_FDB84060D7714910,2026-08-24 05:55:30.016910+00:00,ACC_00446,93.27,other,0,0,0
TXN_FD99B0BC4C7B49D6,2026-08-24 06:11:16.016910+00:00,ACC_00262,1452.3,jewelry,0,0,0
TXN_3B4FC3A6C2854B84,2026-08-24 07:10:53.016910+00:00,ACC_00530,13.37,other,0,0,0
TXN_166421B99B314B34,2026-08-24 07:22:53.016910+00:00,ACC_00646,12.07,fuel,0,0,0
TXN_62A9133B627B49B0,2026-08-24 07:26:56.016910+00:00,ACC_00181,56.96,online_services,0,0,0
TXN_EA4B3156E93043DE,2026-08-24 08:14:08.016910+00:00,ACC_00181,8.36,pharmacy,0,1,0
TXN_4D04CD1BCC4248D0,2026-08-24 09:06:33.016910+00:00,ACC_00181,26.94,electronics,0,1,0
TXN_1B838185053B45B5,2026-08-24 09:14:16.016910+00:00,ACC_00181,677.11,jewelry,0,1,0
TXN_AA96D0FE87814D7B,2026-08-24 11:55:00.016910+00:00,ACC_00181,113.3,gaming,0,0,0
TXN_E8B2EF2B9E6B4263,2026-08-24 12:07:21.016910+00:00,ACC_00181,20.58,fuel,0,1,0
TXN_2713DDAE7FC54380,2026-08-24 13:27:17.016910+00:00,ACC_00181,13.91,grocery,0,0,0
TXN_349AB1ADA759420E,2026-08-24 14:07:55.016910+00:00,ACC_00181,475.83,electronics,0,1,0
TXN_4A4893719D184503,2026-08-24 14:45:30.016910+00:00,ACC_00816,14.79,grocery,0,0,0
TXN_6886991141C244B5,2026-08-24 15:14:02.016910+00:00,ACC_00354,11.25,fuel,0,0,0
TXN_239D8C9CCFBC42E6,2026-08-24 15:27:50.016910+00:00,ACC_00306,86.91,jewelry,0,0,0
TXN_D1247660CD4B43C0,2026-08-24 15:42:04.016910+00:00,ACC_00818,62.86,gaming,0,0,0
TXN_FA75A8D70B5F442A,2026-08-24 16:23:29.016910+00:00,ACC_00631,266.24,pharmacy,1,0,0
TXN_5E4BBBD649584BDE,2026-08-24 16:29:57.016910+00:00,ACC_00631,62.41,hotel,0,1,0
TXN_004EBD3E88144018,2026-08-24 17:31:09.016910+00:00,ACC_00631,133.56,gaming,0,0,0
TXN_99A70E84739C4E6B,2026-08-24 17:32:51.016910+00:00,ACC_00631,119.52,electronics,0,1,0
TXN_60774BEE0AE54FCF,2026-08-24 17:48:56.016910+00:00,ACC_00925,7.07,online_services,0,0,0
TXN_334C0185FB9D4916,2026-08-24 18:30:50.016910+00:00,ACC_00814,19.24,pharmacy,0,0,0
TXN_6D352FE3A32E4A12,2026-08-24 18:57:26.016910+00:00,ACC_00412,143.31,other,0,0,0
TXN_5F9B91DFE0E34C08,2026-08-24 19:04:02.016910+00:00,ACC_00015,121.77,clothing,0,0,0
TXN_384A8E8DA27E4068,2026-08-24 19:34:14.016910+00:00,ACC_00604,19.71,grocery,0,0,0
TXN_DFF6134DD4C94E81,2026-08-24 19:48:45.016910+00:00,ACC_00068,266.23,travel,0,0,0
TXN_2EF17AA367264634,2026-08-24 20:52:46.016910+00:00,ACC_00068,191.17,jewelry,0,0,0
TXN_DFEA827B7E0745B5,2026-08-24 21:05:45.016910+00:00,ACC_00068,60.53,gaming,0,1,0
TXN_77FAD8CEBBE246F4,2026-08-24 21:09:46.016910+00:00,ACC_00068,141.92,gaming,0,2,0
TXN_324FB63ABEFB49D2,2026-08-24 21:13:23.016910+00:00,ACC_00068,20.41,fuel,0,3,0
TXN_9CB3BABB7142440D,2026-08-24 21:43:00.016910+00:00,ACC_00662,74.7,electronics,1,0,0
TXN_55CE1348E9834CB6,2026-08-24 21:45:09.016910+00:00,ACC_00982,126.73,fuel,0,0,0
TXN_6C4BA3A504144C60,2026-08-24 22:03:47.016910+00:00,ACC_00209,271.52,fuel,0,0,0
TXN_E9AB53D5F7C44651,2026-08-24 23:43:38.016910+00:00,ACC_00961,100.24,online_services,0,0,0
TXN_06FB45923E53430B,2026-08-25 00:06:40.016910+00:00,ACC_00995,142.35,electronics,0,0,0
TXN_5340AC81AA50473A,2026-08-25 00:27:53.016910+00:00,ACC_00660,86.87,grocery,0,0,0
TXN_AFFDEB5DCF7240F8,2026-08-25 00:37:14.016910+00:00,ACC_00229,25.53,online_services,1,0,0
TXN_EA0CAD59DCCF4E37,2026-08-25 01:13:06.016910+00:00,ACC_00229,56.56,other,0,1,0
TXN_0ED7306E84594EAE,2026-08-25 01:24:18.016910+00:00,ACC_00229,6.68,restaurant,0,2,0
TXN_CF4BC1846FA145D6,2026-08-25 01:28:08.016910+00:00,ACC_00229,65.11,hotel,0,3,0
TXN_990F8EE9742346D8,2026-08-25 02:42:42.016910+00:00,ACC_00229,80.34,other,0,0,0
TXN_A772FC49396842DB,2026-08-25 03:15:42.016910+00:00,ACC_00229,32.32,restaurant,0,1,0
TXN_E1FF986D32044B84,2026-08-25 04:27:32.016910+00:00,ACC_00229,6.17,clothing,0,0,0
TXN_2294E3C0093A45BB,2026-08-25 05:49:51.016910+00:00,ACC_00353,42.75,other,0,0,0
TXN_B589C2EB0AB64A6E,2026-08-25 05:52:58.016910+00:00,ACC_00975,31.69,restaurant,0,0,0
TXN_88B33FD78BE64DB9,2026-08-25 06:14:09.016910+00:00,ACC_00736,131.53,electronics,0,0,0
TXN_62BDB719C5454A2D,2026-08-25 06:36:08.016910+00:00,ACC_00736,63.16,jewelry,1,1,0
TXN_95172DCA821A418E,2026-08-25 07:20:15.016910+00:00,ACC_00736,54.3,restaurant,0,1,0
TXN_9106DF25247649AB,2026-08-25 08:09:08.016910+00:00,ACC_00736,648.71,hotel,0,1,0
TXN_2DD19DE213274E98,2026-08-25 08:09:18.016910+00:00,ACC_00736,73.57,pharmacy,0,2,0
TXN_7DE71FBEA7514D1F,2026-08-25 08:11:02.016910+00:00,ACC_00377,226.38,jewelry,0,0,0
TXN_E414F5E38EE04D88,2026-08-25 08:12:08.016910+00:00,ACC_00377,611.45,travel,0,1,0
TXN_5880109AE5654993,2026-08-25 10:35:12.016910+00:00,ACC_00377,31.99,other,0,0,0
TXN_2DC11E1B175A431A,2026-08-25 11:31:04.016910+00:00,ACC_00377,94.85,other,0,1,0
TXN_A118665332DE4CFB,2026-08-25 11:44:52.016910+00:00,ACC_00917,35.77,fuel,0,0,0
TXN_8A28CF7A517849F4,2026-08-25 12:10:13.016910+00:00,ACC_00353,198.18,online_services,0,0,0
TXN_3A6A7818BF8A4473,2026-08-25 12:10:42.016910+00:00,ACC_00140,44.98,hotel,0,0,0
TXN_E22E521847FB447C,2026-08-25 14:02:59.016910+00:00,ACC_00140,13.47,pharmacy,0,0,0
TXN_BA6D1F168AD346CB,2026-08-25 14:48:08.016910+00:00,ACC_00140,148.56,gaming,0,1,0
TXN_DABF48E0B4054684,2026-08-25 15:08:55.016910+00:00,ACC_00140,61.69,grocery,0,1,0
TXN_4998D59DFEC44490,2026-08-25 15:16:37.016910+00:00,ACC_00140,35.45,electronics,0,2,0
TXN_2931AF2DCA604EC1,2026-08-25 15:49:16.016910+00:00,ACC_00140,142.12,fuel,0,2,0
TXN_9D2C22D272654D95,2026-08-25 17:02:59.016910+00:00,ACC_00198,24.39,other,0,0,0
TXN_1E693D1C62D647AF,2026-08-25 17:06:52.016910+00:00,ACC_00636,28.49,other,0,0,0
TXN_60B613A3C6F74914,2026-08-25 17:34:43.016910+00:00,ACC_00137,59.06,gaming,0,0,0
TXN_8D010983FB4F44B8,2026-08-25 17:38:43.016910+00:00,ACC_00813,13891.66,travel,0,0,0
TXN_959DC22412B54276,2026-08-25 17:40:20.016910+00:00,ACC_00650,68.92,other,0,0,0
TXN_A5D39D976D8348BA,2026-08-25 18:01:54.016910+00:00,ACC_00943,36.82,other,0,0,0
TXN_0C2F49D138FE473F,2026-08-25 18:28:19.016910+00:00,ACC_00042,25.41,restaurant,0,0,0
TXN_C237134DB03746E9,2026-08-25 18:46:20.016910+00:00,ACC_00037,215.84,electronics,0,0,0
TXN_A10B7627AA2F44A5,2026-08-25 19:00:50.016910+00:00,ACC_00037,79.63,fuel,0,1,0
TXN_2B66582DBAA24CB4,2026-08-25 19:26:45.016910+00:00,ACC_00037,610.31,hotel,0,2,0
TXN_73306D11E29244CF,2026-08-25 20:07:59.016910+00:00,ACC_00037,312.54,hotel,0,1,0
TXN_E5C8AB9A48D0478F,2026-08-25 20:09:57.016910+00:00,ACC_00037,7.24,online_services,0,2,0
TXN_6497131B91F04921,2026-08-25 20:31:06.016910+00:00,ACC_00037,19.3,gaming,0,2,0
TXN_53F475ED07884451,2026-08-25 20:40:26.016910+00:00,ACC_00349,15000.0,travel,1,5,0
TXN_BB339F3D529F485C,2026-08-25 20:43:49.016910+00:00,ACC_00420,139.67,other,0,0,0
TXN_7F2B8CF3EE97447F,2026-08-25 21:14:07.016910+00:00,ACC_00409,230.5,clothing,0,0,0
TXN_D092035962184FA4,2026-08-25 22:00:15.016910+00:00,ACC_00568,44.02,travel,0,0,0
TXN_ADC4A673FF1C4DC2,2026-08-25 22:09:28.016910+00:00,ACC_00672,287.01,hotel,0,0,0
TXN_C61154397CFA4DD8,2026-08-25 23:08:42.016910+00:00,ACC_00721,28.35,restaurant,0,0,0
TXN_A98CD88FD2624291,2026-08-25 23:23:57.016910+00:00,ACC_00272,7.01,online_services,0,0,0
TXN_2372B2BD78CE4447,2026-08-25 23:25:31.016910+00:00,ACC_00149,29.67,pharmacy,0,0,0
TXN_851F44129C104683,2026-08-25 23:31:31.016910+00:00,ACC_00818,25.24,online_services,0,0,0
TXN_86E72D89FA914830,2026-08-26 00:38:36.016910+00:00,ACC_00312,25.98,pharmacy,0,0,0
TXN_92EF091FFA8E4891,2026-08-26 00:43:46.016910+00:00,ACC_00318,138.5,hotel,0,0,0
TXN_D0D6DCF5DBDA41AD,2026-08-26 01:04:35.016910+00:00,ACC_00377,27.96,gaming,0,0,0
TXN_ACFB9224220542D1,2026-08-26 02:06:46.016910+00:00,ACC_00736,75.44,clothing,0,0,0
TXN_A85FFC47E69B40CD,2026-08-26 03:21:33.016910+00:00,ACC_00736,198.64,jewelry,0,0,0
TXN_57493036CADA44B7,2026-08-26 04:03:49.016910+00:00,ACC_00736,31.29,fuel,0,1,0
TXN_9FB33F929E764CFF,2026-08-26 04:46:59.016910+00:00,ACC_00736,80.41,gaming,0,1,0
TXN_30E6D151C64E4EDE,2026-08-26 04:50:35.016910+00:00,ACC_00974,151.78,electronics,0,0,0
TXN_3C8007CC48354ED1,2026-08-26 05:08:44.016910+00:00,ACC_00857,14.25,electronics,1,0,0
TXN_37F681BFC0A54C9E,2026-08-26 05:15:06.016910+00:00,ACC_00452,52.48,pharmacy,0,0,0
TXN_823C0AE816B54014,2026-08-26 05:28:26.016910+00:00,ACC_00472,64.62,clothing,0,0,0
TXN_EB568B0B120A40EA,2026-08-26 06:21:08.016910+00:00,ACC_00410,334.68,electronics,0,0,0
TXN_224B8CC7CD6D415F,2026-08-26 07:52:09.016910+00:00,ACC_00971,37.33,restaurant,0,0,0
TXN_307DA5B18751434B,2026-08-26 08:21:49.016910+00:00,ACC_00656,36.99,clothing,0,0,0
TXN_96326F12284E4A2B,2026-08-26 09:04:03.016910+00:00,ACC_00578,121.94,jewelry,0,0,0
TXN_CF2B7F88A662433B,2026-08-26 09:10:02.016910+00:00,ACC_00329,9.53,gaming,0,0,0
TXN_45BA26DE699B4763,2026-08-26 09:56:51.016910+00:00,ACC_00329,111.87,hotel,0,1,0
TXN_D4EBA7FFD1944EBA,2026-08-26 10:13:24.016910+00:00,ACC_00329,52.4,hotel,0,1,0
TXN_0200E05D329E4E93,2026-08-26 10:33:16.016910+00:00,ACC_00329,157.23,online_services,0,2,0
TXN_C481548468BB4B1B,2026-08-26 12:06:31.016910+00:00,ACC_00329,34.96,pharmacy,0,0,0
TXN_5A55A274913540CE,2026-08-26 13:05:47.016910+00:00,ACC_00724,40.66,electronics,0,0,0
TXN_7A60724C4B984990,2026-08-26 13:26:14.016910+00:00,ACC_00236,4.76,restaurant,0,0,0
TXN_0878EB16225F4CBD,2026-08-26 13:27:51.016910+00:00,ACC_00420,24.93,hotel,0,0,0
TXN_F6EA11E78FBE46BB,2026-08-26 13:34:02.016910+00:00,ACC_00617,72.39,clothing,0,0,0
TXN_1D04CDA9F11A4BC5,2026-08-26 14:34:37.016910+00:00,ACC_00768,891.72,jewelry,0,0,0
TXN_BEA6991145A34EC0,2026-08-26 15:27:45.016910+00:00,ACC_00004,196.29,electronics,0,0,0
TXN_2AF1E83A3B2B4114,2026-08-26 15:47:46.016910+00:00,ACC_00004,202.7,jewelry,0,1,0
TXN_3DB2F7B8F07444C7,2026-08-26 16:05:23.016910+00:00,ACC_00004,357.72,clothing,0,2,0
TXN_665F156C69404B66,2026-08-26 16:59:35.016910+00:00,ACC_00004,97.15,gaming,0,1,0
TXN_3D3559E7B0BF4A75,2026-08-26 17:24:38.016910+00:00,ACC_00004,75.33,other,0,1,0
TXN_36509A69FA4E4C29,2026-08-26 18:36:47.016910+00:00,ACC_00670,80.16,electronics,0,0,0
TXN_6B5E961D76C64EC9,2026-08-26 18:46:30.016910+00:00,ACC_00317,189.1,online_services,0,0,0
TXN_5917652CA6C34A78,2026-08-26 18:55:37.016910+00:00,ACC_00047,26.23,pharmacy,0,0,0
TXN_3C110BADA5384C15,2026-08-26 18:57:35.016910+00:00,ACC_00163,18.28,fuel,0,0,0
TXN_5AD1151EE6F34336,2026-08-26 19:24:57.016910+00:00,ACC_00953,42.19,gaming,0,0,0
TXN_ECFA9C5AD8DF46F9,2026-08-26 19:55:36.016910+00:00,ACC_00953,126.76,hotel,0,1,0
TXN_B2DF6366C21448E3,2026-08-26 19:56:34.016910+00:00,ACC_00953,265.58,electronics,0,2,0
TXN_D8ACBFE1EC8A4FAF,2026-08-26 20:31:54.016910+00:00,ACC_00953,17.91,grocery,0,2,0
TXN_1A20513FC17A4558,2026-08-26 20:43:52.016910+00:00,ACC_00341,20.97,grocery,0,0,0
TXN_51A96142BD5949D8,2026-08-26 20:44:57.016910+00:00,ACC_00204,78.48,travel,0,0,0
TXN_2204CB1C9A5D4C51,2026-08-26 20:59:22.016910+00:00,ACC_00437,100.3,hotel,0,0,0
TXN_B1EA32B91761416F,2026-08-26 21:16:34.016910+00:00,ACC_00645,41.4,electronics,0,0,0
TXN_60F2AD31FB234D36,2026-08-27 00:13:43.016910+00:00,ACC_00645,387.76,hotel,0,0,0
TXN_CB9A15F3375A483F,2026-08-27 01:29:52.016910+00:00,ACC_00645,8.8,grocery,0,0,0
TXN_82AD36DF412D4212,2026-08-27 01:42:18.016910+00:00,ACC_00645,219.92,clothing,0,1,0
TXN_737E0218B0EF4008,2026-08-27 02:22:43.016910+00:00,ACC_00645,119.34,other,0,2,0
TXN_E4E276C656634B4E,2026-08-27 02:43:26.016910+00:00,ACC_00645,96.96,jewelry,0,1,0
TXN_B6818C76A8244A92,2026-08-27 03:12:40.016910+00:00,ACC_00645,32.51,grocery,0,2,0
TXN_095F4B9892AC4B3C,2026-08-27 03:29:53.016910+00:00,ACC_00645,55.55,hotel,0,2,0
TXN_1DF29204F0B54604,2026-08-27 03:46:47.016910+00:00,ACC_00745,97.21,online_services,0,0,0
TXN_DE38730D6AEE4C74,2026-08-27 04:11:18.016910+00:00,ACC_00801,194.52,clothing,0,0,0
TXN_8F2052C7A3304440,2026-08-27 04:18:34.016910+00:00,ACC_00847,4215.77,jewelry,0,0,0
TXN_1248D857E7E645C0,2026-08-27 04:25:36.016910+00:00,ACC_00518,64.34,grocery,0,0,0
TXN_034F2959872C4DF6,2026-08-27 04:27:35.016910+00:00,ACC_00964,12.86,other,0,0,0
TXN_BAB09708D3D94144,2026-08-27 04:53:51.016910+00:00,ACC_00752,45.31,hotel,0,0,0
TXN_C5D4CF5DC58A4BA5,2026-08-27 05:01:22.016910+00:00,ACC_00106,43.68,restaurant,0,0,0
TXN_44723126BD6F4210,2026-08-27 05:05:18.016910+00:00,ACC_00669,38.67,online_services,0,0,0
TXN_DFEBE265EA334E09,2026-08-27 05:46:44.016910+00:00,ACC_00143,82.33,grocery,0,0,0
TXN_95F4F7D8F0614E86,2026-08-27 06:32:37.016910+00:00,ACC_00875,153.34,electronics,0,0,0
TXN_46B18FAA773D4933,2026-08-27 06:41:22.016910+00:00,ACC_00908,19.64,gaming,0,0,0
TXN_0752E2C38882467E,2026-08-27 07:32:01.016910+00:00,ACC_00486,166.14,jewelry,0,0,0
TXN_4FD12BB348ED4051,2026-08-27 07:41:07.016910+00:00,ACC_00379,247.33,hotel,0,0,0
TXN_84560BF2AA894BBD,2026-08-27 08:02:48.016910+00:00,ACC_00175,202.68,travel,0,0,0
TXN_5B9705527BEF4911,2026-08-27 08:10:46.016910+00:00,ACC_00046,297.5,travel,0,0,0
TXN_705AA330A0BF4109,2026-08-27 08:27:03.016910+00:00,ACC_00525,15000.0,travel,1,5,0
TXN_15A851027EAC433B,2026-08-27 09:53:24.016910+00:00,ACC_00964,20.87,gaming,0,0,0
TXN_7DBF5FAC1239446C,2026-08-27 12:07:08.016910+00:00,ACC_00662,107.14,pharmacy,1,0,0
TXN_652FD12C9F3F4098,2026-08-27 12:13:02.016910+00:00,ACC_00537,11.99,grocery,0,0,0
TXN_2E092EEEB6F54D1B,2026-08-27 12:22:44.016910+00:00,ACC_00242,89.4,gaming,0,0,0
TXN_7F1745457619487A,2026-08-27 12:23:16.016910+00:00,ACC_00794,7.77,restaurant,0,0,0
TXN_EC90827C94D94BB3,2026-08-27 12:25:52.016910+00:00,ACC_00830,249.73,jewelry,0,0,0
TXN_ADB8241DDA054675,2026-08-27 12:32:05.016910+00:00,ACC_00390,28.98,online_services,0,0,0
TXN_4E5A850AA7484FFA,2026-08-27 12:52:20.016910+00:00,ACC_00456,16.98,fuel,0,0,0
TXN_DADEEE352FE8456A,2026-08-27 14:20:55.016910+00:00,ACC_00352,60.67,clothing,0,0,0
TXN_3B96204BB61B4F83,2026-08-27 14:23:17.016910+00:00,ACC_00407,84.53,restaurant,0,0,0
TXN_01FE60E3712F454D,2026-08-27 14:32:33.016910+00:00,ACC_00407,58.7,hotel,0,1,0
TXN_3B2CF9EB2A154315,2026-08-27 14:40:00.016910+00:00,ACC_00407,6.46,online_services,0,2,0
TXN_7660E3727DA4486B,2026-08-27 15:02:32.016910+00:00,ACC_00407,198.64,jewelry,0,3,0
TXN_E78AE78807C94FD9,2026-08-27 15:31:23.016910+00:00,ACC_00750,48.08,electronics,1,0,0
TXN_97EA2475031B44CE,2026-08-27 15:45:55.016910+00:00,ACC_00674,505.56,jewelry,0,0,0
TXN_E7D7EFCAFEA9472F,2026-08-27 15:46:54.016910+00:00,ACC_00586,18.06,restaurant,0,0,0
TXN_C9130246670B4159,2026-08-27 15:59:01.016910+00:00,ACC_00133,18.2,pharmacy,0,0,0
TXN_5F849C758BF94353,2026-08-27 16:07:31.016910+00:00,ACC_00133,159.54,jewelry,0,1,0
TXN_D7AC8322AF974D67,2026-08-27 16:37:35.016910+00:00,ACC_00133,118.27,fuel,0,2,0
TXN_D47F0BC0EDA54C03,2026-08-27 17:14:07.016910+00:00,ACC_00133,170.38,electronics,0,1,0
TXN_2F582340C6944CAD,2026-08-27 17:29:11.016910+00:00,ACC_00070,42.21,hotel,0,0,0
TXN_CC4B25C7B691463E,2026-08-27 18:41:34.016910+00:00,ACC_00799,11.58,grocery,1,0,0
TXN_E40DA67E3472401C,2026-08-27 19:25:55.016910+00:00,ACC_00185,144.22,pharmacy,0,0,0
TXN_EF70B06E26B84E74,2026-08-27 20:46:03.016910+00:00,ACC_00420,59.37,electronics,0,0,0
TXN_1826CCACB9D54A97,2026-08-27 21:12:28.016910+00:00,ACC_00473,122.24,fuel,0,0,0
TXN_6E9708CF91554F64,2026-08-27 21:24:50.016910+00:00,ACC_00473,28.67,pharmacy,0,1,0
TXN_47AEBC6BCF214689,2026-08-27 22:10:42.016910+00:00,ACC_00473,52.89,electronics,1,2,0
TXN_7BBA17B34DFD4E32,2026-08-27 22:52:06.016910+00:00,ACC_00473,22.63,online_services,0,1,0
TXN_CF0B05084185487B,2026-08-28 00:11:22.016910+00:00,ACC_00473,49.95,other,0,0,0
TXN_0EF06AE7376F4D8A,2026-08-28 00:39:36.016910+00:00,ACC_01000,7.8,other,0,0,0
TXN_D9BB88D292E84C77,2026-08-28 00:44:55.016910+00:00,ACC_01000,27.22,other,0,1,0
TXN_0C7A80DC78394F06,2026-08-28 01:25:13.016910+00:00,ACC_01000,716.03,hotel,0,2,0
TXN_199B80EC5AA94B84,2026-08-28 01:32:05.016910+00:00,ACC_01000,304.48,pharmacy,0,3,0
TXN_EB4A6695644845EE,2026-08-28 01:49:56.016910+00:00,ACC_01000,59.59,hotel,0,2,0
TXN_BE4E852303444FA9,2026-08-28 02:03:54.016910+00:00,ACC_01000,211.5,electronics,0,3,0
TXN_73B8FED6CA1F437F,2026-08-28 02:17:16.016910+00:00,ACC_01000,165.72,electronics,0,4,0
TXN_7958D95560B445A1,2026-08-28 02:20:34.016910+00:00,ACC_00675,18.55,other,0,0,0
TXN_549D2D956D7647ED,2026-08-28 03:06:24.016910+00:00,ACC_00702,269.06,travel,0,0,0
TXN_64F4DA7E663C4294,2026-08-28 03:16:23.016910+00:00,ACC_00294,19.53,restaurant,0,0,0
TXN_B82ED5CA950940C9,2026-08-28 03:47:06.016910+00:00,ACC_00171,35.99,pharmacy,0,0,0
TXN_E7C3925FCA894B15,2026-08-28 04:19:51.016910+00:00,ACC_00553,263.24,electronics,0,0,0
TXN_009A18D22C824DCE,2026-08-28 04:30:05.016910+00:00,ACC_00700,15000.0,travel,1,6,1
TXN_CCE3E6A9DBFA4B43,2026-08-28 04:54:12.016910+00:00,ACC_00700,28.77,fuel,0,1,0
TXN_EDB3FB48B587475A,2026-08-28 05:07:45.016910+00:00,ACC_00700,13642.8,travel,0,2,0
TXN_4A5E4E791A2F48D4,2026-08-28 05:50:36.016910+00:00,ACC_00700,126.33,grocery,0,2,0
TXN_7515F7DA9E3C423F,2026-08-28 06:01:34.016910+00:00,ACC_00700,81.47,clothing,0,2,0
TXN_39E4C348B02141C8,2026-08-28 07:43:31.016910+00:00,ACC_00154,34.39,online_services,0,0,0
TXN_6B0C0D01F25D40F1,2026-08-28 07:48:42.016910+00:00,ACC_00074,112.01,fuel,0,0,0
TXN_2518D05065CB4B82,2026-08-28 08:10:04.016910+00:00,ACC_00957,39.76,restaurant,0,0,0
TXN_D7DAF73328EE47D6,2026-08-28 08:43:55.016910+00:00,ACC_00278,136.47,pharmacy,0,0,0
TXN_FEBC552C85334B4B,2026-08-28 08:44:26.016910+00:00,ACC_00979,611.3,electronics,0,0,0
TXN_32F746C47FF54E89,2026-08-28 09:01:06.016910+00:00,ACC_00879,44.51,restaurant,0,0,0
TXN_33BDA61D021B4DEB,2026-08-28 09:02:19.016910+00:00,ACC_00521,837.34,jewelry,0,0,0
TXN_8C5DCF1B98204234,2026-08-28 09:10:44.016910+00:00,ACC_00114,194.95,clothing,0,0,0
TXN_CD1FD85D3F7E4A74,2026-08-28 09:33:38.016910+00:00,ACC_00968,105.19,electronics,0,0,0
TXN_EABD991CD2D84F48,2026-08-28 09:48:07.016910+00:00,ACC_00846,173.23,online_services,0,0,0
TXN_E3E1BF156C7242F2,2026-08-28 10:01:47.016910+00:00,ACC_00895,250.87,jewelry,0,0,0
TXN_30AD91D685704CD6,2026-08-28 10:08:32.016910+00:00,ACC_00505,296.93,travel,0,0,0
TXN_F3794C4289534563,2026-08-28 12:08:00.016910+00:00,ACC_00700,51.17,clothing,0,0,0
TXN_2D896563C2FE4378,2026-08-28 12:16:54.016910+00:00,ACC_00826,10.01,grocery,0,0,0
TXN_706EA51E2CFB494F,2026-08-28 12:29:26.016910+00:00,ACC_00276,851.57,electronics,0,0,0
TXN_97B2AA30FD514700,2026-08-28 12:31:22.016910+00:00,ACC_00054,79.7,grocery,0,0,0
TXN_6749BB68BAB840DD,2026-08-28 12:34:33.016910+00:00,ACC_00655,99.85,online_services,0,0,0
TXN_00A772BE4EBA4644,2026-08-28 12:35:06.016910+00:00,ACC_00495,275.56,jewelry,0,0,0
TXN_2222026C2BDD48EC,2026-08-28 12:53:53.016910+00:00,ACC_00978,171.8,online_services,0,0,0
TXN_3475ACB2764B45EE,2026-08-28 13:00:45.016910+00:00,ACC_00978,3.56,clothing,0,1,0
TXN_A84B180655BC4E79,2026-08-28 13:44:18.016910+00:00,ACC_00978,36.02,grocery,0,2,0
TXN_3EE9FD24A68547A2,2026-08-28 14:13:21.016910+00:00,ACC_00978,2.0,other,0,1,0
TXN_030443718C144B3B,2026-08-28 14:39:01.016910+00:00,ACC_00978,38.37,grocery,0,2,0
TXN_A9365ABCF8A84E32,2026-08-28 14:47:38.016910+00:00,ACC_00978,17.07,online_services,0,2,0
TXN_D85A5A4D5C8F4395,2026-08-28 14:56:28.016910+00:00,ACC_00475,304.77,jewelry,0,0,0
TXN_762F1CE15C254F23,2026-08-28 14:59:40.016910+00:00,ACC_00473,141.71,fuel,0,0,0
TXN_7867ADB95A984114,2026-08-28 15:03:34.016910+00:00,ACC_00817,104.15,electronics,0,0,0
TXN_DBAA16719B244084,2026-08-28 15:36:44.016910+00:00,ACC_00336,15.12,online_services,0,0,0
TXN_3FA7D77655EC444A,2026-08-28 16:08:05.016910+00:00,ACC_00056,79.2,restaurant,0,0,0
TXN_1494A2400A1945A2,2026-08-28 17:15:50.016910+00:00,ACC_00056,96.87,other,0,0,0
TXN_D8BEE3FCDA2F4507,2026-08-28 18:10:02.016910+00:00,ACC_00056,328.83,clothing,0,1,0
TXN_40EC059C0A404140,2026-08-28 19:02:52.016910+00:00,ACC_00056,28.33,other,0,1,0
TXN_30CCC9B546BB4EF6,2026-08-28 19:08:36.016910+00:00,ACC_00809,457.21,jewelry,0,0,0
TXN_B360FF17731C43E2,2026-08-28 19:12:11.016910+00:00,ACC_00972,12.74,fuel,0,0,0
TXN_43C244A8BE7B4D12,2026-08-28 20:01:13.016910+00:00,ACC_00757,40.89,grocery,0,0,0
TXN_1ADB1A3C7D804D10,2026-08-28 20:02:03.016910+00:00,ACC_00770,140.09,electronics,0,0,0
TXN_096FF48F205A4062,2026-08-28 20:30:41.016910+00:00,ACC_00942,15000.0,travel,1,5,0
TXN_DCBD0D2D9F52469B,2026-08-28 20:37:44.016910+00:00,ACC_00942,186.07,other,0,1,0
TXN_ABDBB49D6DAB4671,2026-08-28 20:46:04.016910+00:00,ACC_00942,121.68,clothing,0,2,0
TXN_EA0AB445006B40E8,2026-08-28 20:46:09.016910+00:00,ACC_00942,87.18,clothing,0,3,0
TXN_98F7B094D74A4F5B,2026-08-28 21:11:33.016910+00:00,ACC_00942,15000.0,travel,1,6,0
TXN_8BB4A7F4DAD54424,2026-08-28 21:58:51.016910+00:00,ACC_00955,61.78,hotel,1,0,0
TXN_D8B709363E7B4DC0,2026-08-28 22:21:14.016910+00:00,ACC_00528,152.96,other,0,0,0
TXN_F4FA4C7A66AA4C09,2026-08-28 22:27:10.016910+00:00,ACC_00719,46.29,gaming,0,0,0
TXN_F085D5523F7D4EA0,2026-08-28 22:32:44.016910+00:00,ACC_00598,37.97,online_services,0,0,0
TXN_F8C3116AEB134594,2026-08-28 22:37:12.016910+00:00,ACC_00535,209.08,other,0,0,0
TXN_A6A168613CA24A69,2026-08-28 23:01:49.016910+00:00,ACC_00896,40.52,pharmacy,0,0,0
TXN_2FFB01D9A0D04744,2026-08-28 23:36:00.016910+00:00,ACC_00440,82.87,jewelry,0,0,0
TXN_A779F89EE9EA4933,2026-08-29 00:13:41.016910+00:00,ACC_00228,105.62,fuel,0,0,0
TXN_B0BF15480E264696,2026-08-29 00:42:25.016910+00:00,ACC_00559,12.94,grocery,0,0,0
TXN_BE415A4F52524111,2026-08-29 01:21:32.016910+00:00,ACC_00551,145.86,travel,0,0,0
TXN_CDA7EFBF1B0B4B2A,2026-08-29 01:34:05.016910+00:00,ACC_00559,54.18,grocery,0,1,0
TXN_C901AA0ADD2D44C0,2026-08-29 02:13:07.016910+00:00,ACC_00797,237.95,hotel,0,0,0
TXN_CAFC2322E9D04547,2026-08-29 02:52:15.016910+00:00,ACC_00105,15.11,other,0,0,0
TXN_F4FA74DBAE7541AA,2026-08-29 03:19:03.016910+00:00,ACC_00309,6.15,clothing,0,0,0
TXN_EB3A13AEB7E94ADB,2026-08-29 04:17:49.016910+00:00,ACC_00950,14.08,electronics,0,0,0
TXN_9394A258D1554A8F,2026-08-29 04:17:53.016910+00:00,ACC_00118,481.82,electronics,0,0,0
TXN_0782566CA5CA47BE,2026-08-29 05:19:44.016910+00:00,ACC_00913,11.76,clothing,0,0,0
TXN_A24D82DEA2C5409B,2026-08-29 05:29:59.016910+00:00,ACC_00295,225.17,fuel,0,0,0
TXN_A8D74A9F71EF4410,2026-08-29 05:35:21.016910+00:00,ACC_00295,135.63,online_services,0,1,0
TXN_6EFA4309BF374548,2026-08-29 06:50:31.016910+00:00,ACC_00295,48.08,electronics,0,0,0
TXN_4593DD3EEF104BFC,2026-08-29 06:53:49.016910+00:00,ACC_00295,35.28,jewelry,0,1,0
TXN_288FA4358D0046A2,2026-08-29 07:15:03.016910+00:00,ACC_00295,62.8,other,0,2,0
TXN_883A5ABB595D4A9E,2026-08-29 07:27:19.016910+00:00,ACC_00295,70.96,hotel,0,3,0
TXN_07C3EBF3357E4A1A,2026-08-29 09:47:21.016910+00:00,ACC_00295,149.18,grocery,0,0,0
TXN_8CAFFE7B258D4D31,2026-08-29 10:04:14.016910+00:00,ACC_00708,53.63,fuel,0,0,0
TXN_97DBE00AE4844480,2026-08-29 10:15:05.016910+00:00,ACC_00438,41.3,fuel,0,0,0
TXN_E621DA059215446F,2026-08-29 10:42:31.016910+00:00,ACC_00782,42.94,clothing,1,0,0
TXN_68E6C29E0ADC4748,2026-08-29 11:13:30.016910+00:00,ACC_00612,59.32,restaurant,1,0,0
TXN_34F78B3C908849F7,2026-08-29 11:20:47.016910+00:00,ACC_00612,53.89,other,0,1,0
TXN_156A0E60177C4EE2,2026-08-29 12:16:15.016910+00:00,ACC_00612,1628.77,jewelry,0,1,0
TXN_F25002B72EE74591,2026-08-29 12:30:49.016910+00:00,ACC_00612,10.14,online_services,0,1,0
TXN_236805C0702341A9,2026-08-29 13:49:19.016910+00:00,ACC_00612,25.83,pharmacy,0,0,0
TXN_CDF868527E51460C,2026-08-29 14:01:33.016910+00:00,ACC_00612,203.22,hotel,0,1,0
TXN_EDCDD504B9494879,2026-08-29 14:06:03.016910+00:00,ACC_00612,79.62,clothing,0,2,0
TXN_7B02267934F746B5,2026-08-29 15:32:43.016910+00:00,ACC_00612,1014.35,travel,0,0,0
TXN_1F82B41546DB4030,2026-08-29 16:21:25.016910+00:00,ACC_00711,72.0,travel,0,0,0
TXN_2114FA981E9F424F,2026-08-29 16:24:31.016910+00:00,ACC_00455,3.66,online_services,0,0,0
TXN_90EEFC68006542A2,2026-08-29 17:09:14.016910+00:00,ACC_00817,93.21,pharmacy,0,0,0
TXN_A66A18009B944B66,2026-08-29 17:43:08.016910+00:00,ACC_00467,51.13,fuel,0,0,0
TXN_F2C808E62C444B6D,2026-08-29 18:14:09.016910+00:00,ACC_00790,392.18,travel,1,0,0
TXN_DC126F8B8D794F00,2026-08-29 19:57:01.016910+00:00,ACC_00484,336.54,jewelry,0,0,0
TXN_0C22741580444842,2026-08-29 20:07:11.016910+00:00,ACC_00842,12.21,hotel,0,0,0
TXN_39060572EE2A4DD6,2026-08-29 20:34:54.016910+00:00,ACC_00975,62.81,grocery,0,0,0
TXN_DE5E6120019A4090,2026-08-29 21:18:12.016910+00:00,ACC_00578,57.22,electronics,0,0,0
TXN_E068B93F201D43AA,2026-08-29 21:29:05.016910+00:00,ACC_00578,86.15,electronics,0,1,0
TXN_81DE06C0DE2C4E45,2026-08-29 21:54:21.016910+00:00,ACC_00578,52.15,other,0,2,0
TXN_719A7722A2A3433B,2026-08-29 22:29:12.016910+00:00,ACC_00578,9.23,restaurant,0,1,0
TXN_6CE9583A12A24FDD,2026-08-29 22:49:16.016910+00:00,ACC_00175,27.73,other,0,0,0
TXN_D5D900EA33CA49D7,2026-08-29 23:17:52.016910+00:00,ACC_00134,510.1,jewelry,0,0,0
TXN_26B312710EA14AF6,2026-08-30 01:43:52.016910+00:00,ACC_00188,254.61,electronics,0,0,0
TXN_E5DEF9F8F8604671,2026-08-30 02:17:43.016910+00:00,ACC_00917,22.98,hotel,0,0,0
TXN_D735B6DFA21944F6,2026-08-30 02:30:15.016910+00:00,ACC_00917,66.47,clothing,0,1,0
TXN_A2B6776157E84638,2026-08-30 02:43:54.016910+00:00,ACC_00917,286.39,electronics,0,2,0
TXN_6E28EB6CB65A447D,2026-08-30 03:02:59.016910+00:00,ACC_00917,53.26,online_services,0,3,0
TXN_C60D44183AB04D95,2026-08-30 03:52:18.016910+00:00,ACC_00917,46.95,pharmacy,0,1,0
TXN_682EE4B7634E4100,2026-08-30 04:26:28.016910+00:00,ACC_00100,9.78,gaming,0,0,0
TXN_6CD2916E90E34DE9,2026-08-30 04:45:44.016910+00:00,ACC_00897,407.68,hotel,0,0,0
TXN_D9D7974D02FA4D24,2026-08-30 04:56:10.016910+00:00,ACC_00699,49.88,travel,0,0,0
TXN_B510C5F8113C4FF7,2026-08-30 05:02:42.016910+00:00,ACC_00731,28.69,fuel,0,0,0
TXN_1584946C31444E7D,2026-08-30 05:30:17.016910+00:00,ACC_00103,289.31,hotel,0,0,0
TXN_7657D80E7D424153,2026-08-30 06:46:19.016910+00:00,ACC_00279,298.58,other,0,0,0
TXN_5EE688F4EFBD49FA,2026-08-30 07:00:17.016910+00:00,ACC_00094,110.74,travel,0,0,0
TXN_C414B1D0216C43E6,2026-08-30 07:08:00.016910+00:00,ACC_00772,330.05,pharmacy,0,0,0
TXN_B70165AA78A2476D,2026-08-30 08:04:26.016910+00:00,ACC_00259,48.28,grocery,0,0,0
TXN_20B011780152431D,2026-08-30 08:22:41.016910+00:00,ACC_00259,49.2,online_services,0,1,0
TXN_05EB28965CDF4A16,2026-08-30 08:55:33.016910+00:00,ACC_00259,45.2,electronics,0,2,0
TXN_457F45DCDA154106,2026-08-30 08:59:41.016910+00:00,ACC_00259,41.84,other,0,3,0
TXN_DE1E65B85FAD4E3A,2026-08-30 10:09:10.016910+00:00,ACC_00179,67.68,clothing,0,0,0
TXN_5FC37D032F924797,2026-08-30 10:20:07.016910+00:00,ACC_00908,82.42,online_services,0,0,0
TXN_42A97C4D56A24CF4,2026-08-30 11:11:30.016910+00:00,ACC_00798,196.13,hotel,0,0,0
TXN_E767C74255924106,2026-08-30 11:37:55.016910+00:00,ACC_00014,75.55,hotel,0,0,0
TXN_C53136DFF3384C4E,2026-08-30 12:18:51.016910+00:00,ACC_00481,476.73,electronics,0,0,0
TXN_C5696E2DF7B8400F,2026-08-30 12:26:05.016910+00:00,ACC_00533,44.48,grocery,0,0,0
TXN_5579DB8A5F4146E0,2026-08-30 12:38:00.016910+00:00,ACC_00207,41.67,fuel,0,0,0
TXN_F37EBD7FD1464BC4,2026-08-30 12:50:22.016910+00:00,ACC_00945,16.99,gaming,0,0,0
TXN_769AD9A93322466C,2026-08-30 12:50:34.016910+00:00,ACC_00471,114.49,other,0,0,0
TXN_1042839D7D17454C,2026-08-30 12:54:20.016910+00:00,ACC_00512,224.97,jewelry,0,0,0
TXN_5F4894F35C0E4521,2026-08-30 12:59:11.016910+00:00,ACC_00684,112.18,travel,0,0,0
TXN_531339D2ADDA4C8B,2026-08-30 13:33:05.016910+00:00,ACC_00082,12.72,gaming,0,0,0
TXN_5DD3BADE38AC4835,2026-08-30 13:44:20.016910+00:00,ACC_00333,41.2,travel,0,0,0
TXN_F5AE52484D054AFE,2026-08-30 14:09:20.016910+00:00,ACC_00585,166.97,electronics,0,0,0
TXN_D384FC8041A34FC2,2026-08-30 14:13:55.016910+00:00,ACC_00035,564.75,electronics,0,0,0
TXN_669B62AA87214CAA,2026-08-30 14:31:42.016910+00:00,ACC_00066,120.7,travel,0,0,0
TXN_B1658307DFD041B7,2026-08-30 16:27:14.016910+00:00,ACC_00066,43.17,clothing,0,0,0
TXN_66D0838C42B24A94,2026-08-30 16:46:56.016910+00:00,ACC_00066,81.21,grocery,0,1,0
TXN_0FAD7B9FCC5D4008,2026-08-30 17:24:04.016910+00:00,ACC_00066,5278.06,online_services,0,2,1
TXN_47E21F3475994105,2026-08-30 17:45:54.016910+00:00,ACC_00066,20.75,pharmacy,0,2,0
TXN_C2149DEB03524BDA,2026-08-30 19:28:36.016910+00:00,ACC_00066,10.77,restaurant,0,0,0
TXN_CF0D8F341F074C6A,2026-08-30 20:08:30.016910+00:00,ACC_00066,38.34,grocery,0,1,0
TXN_09631E7E25D14482,2026-08-30 20:31:32.016910+00:00,ACC_00206,48.32,restaurant,0,0,0
TXN_E4505911BD1D4176,2026-08-30 21:33:43.016910+00:00,ACC_00997,14.14,electronics,0,0,0
TXN_C66BAA2EBFE64D02,2026-08-30 22:21:40.016910+00:00,ACC_00624,78.48,hotel,0,0,0
TXN_6BB8075E56B54CE4,2026-08-30 22:41:31.016910+00:00,ACC_00910,39.65,gaming,0,0,0
TXN_15ECA8C3CA0E49BC,2026-08-30 22:43:44.016910+00:00,ACC_00860,174.3,jewelry,0,0,0
TXN_595A9ECB0D8A484A,2026-08-30 22:57:07.016910+00:00,ACC_00860,7.32,restaurant,0,1,0
TXN_CF9EB19B7D3240A1,2026-08-31 00:18:00.016910+00:00,ACC_00860,157.53,jewelry,0,0,0
TXN_F6BD74B00AA746D6,2026-08-31 00:37:01.016910+00:00,ACC_00860,45.32,clothing,0,1,0
TXN_7E04EE67975E46C0,2026-08-31 01:20:30.016910+00:00,ACC_00860,98.99,jewelry,0,1,0
TXN_5317D251E78C45C3,2026-08-31 01:59:07.016910+00:00,ACC_00860,60.62,online_services,0,1,0
TXN_060A4127C2E34F83,2026-08-31 02:08:47.016910+00:00,ACC_00860,541.15,jewelry,0,2,0
TXN_E757FCF1003C4266,2026-08-31 02:19:24.016910+00:00,ACC_00566,84.4,pharmacy,0,0,0
TXN_C0F5F217268941CB,2026-08-31 03:02:29.016910+00:00,ACC_00425,30.38,other,0,0,0
TXN_BEE5357A6B4B46DE,2026-08-31 03:10:01.016910+00:00,ACC_00374,47.36,restaurant,0,0,0
TXN_37B7AA2DEC884588,2026-08-31 03:23:55.016910+00:00,ACC_00485,43.4,restaurant,0,0,0
TXN_3ADFEF2EBFF847D9,2026-08-31 03:46:38.016910+00:00,ACC_00393,255.66,fuel,0,0,0
TXN_4EB2ED0A9EBD4EC9,2026-08-31 03:59:32.016910+00:00,ACC_00553,190.46,electronics,0,0,0
TXN_57456793A7D549AA,2026-08-31 04:13:31.016910+00:00,ACC_00553,70.91,grocery,0,1,0
TXN_B2CE0D47EA0C47D7,2026-08-31 05:02:29.016910+00:00,ACC_00553,83.51,restaurant,0,1,0
TXN_0D8D234628B445C9,2026-08-31 05:11:33.016910+00:00,ACC_00553,17.82,other,0,2,0
TXN_990AD268512C49F2,2026-08-31 05:43:58.016910+00:00,ACC_00553,43.34,fuel,0,2,0
TXN_AB79A0936F2F4486,2026-08-31 06:41:56.016910+00:00,ACC_00553,608.48,electronics,0,1,0
TXN_D221C72068114772,2026-08-31 07:03:06.016910+00:00,ACC_00552,1247.79,jewelry,0,0,0
TXN_0EEEEA8973084694,2026-08-31 07:07:43.016910+00:00,ACC_00092,35.43,clothing,0,0,0
TXN_2DBF9891F8A74559,2026-08-31 07:58:38.016910+00:00,ACC_00333,2.59,pharmacy,0,0,0
TXN_11FFA660D00640B8,2026-08-31 08:40:55.016910+00:00,ACC_00179,206.03,fuel,0,0,0
TXN_41394CA7E4B34571,2026-08-31 09:05:48.016910+00:00,ACC_00626,45.06,other,1,0,0
TXN_D3D688B812804369,2026-08-31 09:36:19.016910+00:00,ACC_00865,488.91,restaurant,0,0,0
TXN_6E4830CD0FDA4305,2026-08-31 10:17:50.016910+00:00,ACC_00409,6.37,restaurant,1,0,0
TXN_465E266B682D4461,2026-08-31 10:18:23.016910+00:00,ACC_00416,564.48,travel,0,0,0
TXN_F0B1940C5D564BA6,2026-08-31 10:26:31.016910+00:00,ACC_00072,85.98,electronics,0,0,0
TXN_D2F7BF2FEAE74765,2026-08-31 10:43:55.016910+00:00,ACC_00354,37.59,travel,0,0,0
TXN_B85776270E054615,2026-08-31 10:52:11.016910+00:00,ACC_00354,25.77,restaurant,0,1,0
TXN_C515A2BA013B4DD9,2026-08-31 13:11:16.016910+00:00,ACC_00354,11.39,hotel,0,0,0
TXN_964C7062D1724D58,2026-08-31 13:16:44.016910+00:00,ACC_00354,88.6,gaming,0,1,0
TXN_3FB07DE296414C7D,2026-08-31 13:52:41.016910+00:00,ACC_00354,145.0,gaming,0,2,0
TXN_60A53E64E30045C0,2026-08-31 14:47:16.016910+00:00,ACC_00354,11.06,restaurant,0,1,0
TXN_5455CF25B2C841C3,2026-08-31 15:32:22.016910+00:00,ACC_00354,19.28,clothing,1,1,0
TXN_7E0D9F108FB6430B,2026-08-31 15:36:42.016910+00:00,ACC_00354,82.06,online_services,0,2,0
TXN_C77CEE352355434E,2026-08-31 15:51:19.016910+00:00,ACC_00773,290.38,travel,1,0,0
TXN_3F3D8DFEF5544359,2026-08-31 16:12:08.016910+00:00,ACC_00573,79.2,travel,0,0,0
TXN_05BDDD885BD04AC2,2026-08-31 16:24:50.016910+00:00,ACC_00467,22.37,clothing,0,0,0
TXN_5FEB0623B8284190,2026-08-31 16:42:56.016910+00:00,ACC_00119,88.73,pharmacy,0,0,0
TXN_6C00A9BA8AA7417C,2026-08-31 16:44:56.016910+00:00,ACC_00106,34.54,travel,1,0,0
TXN_D041011C32B8452B,2026-08-31 18:18:45.016910+00:00,ACC_00357,26.16,fuel,0,0,0
TXN_989C5E5926194A66,2026-08-31 18:25:52.016910+00:00,ACC_00357,3.56,fuel,0,1,0
TXN_FC6FEF8F845A4C3B,2026-08-31 19:00:34.016910+00:00,ACC_00357,21.87,clothing,0,2,0
TXN_11B43FB01D64450C,2026-08-31 19:22:39.016910+00:00,ACC_00357,90.87,clothing,0,2,0
TXN_964D22AAAB884955,2026-08-31 19:53:19.016910+00:00,ACC_00033,104.15,jewelry,0,0,0
TXN_F1B446A8F7964D2D,2026-08-31 20:52:40.016910+00:00,ACC_00424,774.82,hotel,0,0,0
TXN_AC379B0A14984015,2026-08-31 21:46:37.016910+00:00,ACC_00018,102.31,pharmacy,0,0,0
TXN_DB78A222DDAC4A06,2026-08-31 21:55:39.016910+00:00,ACC_00018,90.21,travel,0,1,0
TXN_2EC8125E141A4073,2026-08-31 22:48:29.016910+00:00,ACC_00018,167.2,electronics,0,1,0
TXN_63B20ED84D004803,2026-08-31 22:49:53.016910+00:00,ACC_00018,52.96,hotel,1,2,0
TXN_976F91E6F7B94225,2026-08-31 23:33:40.016910+00:00,ACC_00279,55.02,online_services,0,0,0
TXN_35D6742CFCA24E76,2026-08-31 23:53:27.016910+00:00,ACC_00297,59.17,hotel,0,0,0
TXN_FFBE4A158E3042C3,2026-08-31 23:56:02.016910+00:00,ACC_00321,131.14,restaurant,0,0,0
TXN_CAC4449FC50342C8,2026-09-01 00:04:39.016910+00:00,ACC_00683,69.27,pharmacy,0,0,0
TXN_37D9662DDFC148B6,2026-09-01 00:13:47.016910+00:00,ACC_00440,51.65,electronics,0,0,0
TXN_82694FC4F5694866,2026-09-01 01:28:30.016910+00:00,ACC_00440,18.37,grocery,0,0,0
TXN_00FEDA32C0C945A5,2026-09-01 02:05:07.016910+00:00,ACC_00440,50.44,online_services,0,1,0
TXN_7BAF92B496C2481A,2026-09-01 02:23:51.016910+00:00,ACC_00440,297.47,jewelry,0,2,0
TXN_89641CC8BD534CB7,2026-09-01 02:43:23.016910+00:00,ACC_00440,39.48,hotel,0,2,0
TXN_319E122A5EC44529,2026-09-01 03:13:50.016910+00:00,ACC_00440,92.84,other,0,2,0
TXN_4BA3CB778EA64BB4,2026-09-01 03:16:14.016910+00:00,ACC_00633,69.41,travel,0,0,0
TXN_52F16E41868843DE,2026-09-01 03:57:02.016910+00:00,ACC_00633,31.47,hotel,0,1,0
TXN_47E729BA1DC24974,2026-09-01 06:36:47.016910+00:00,ACC_00633,42.33,other,0,0,0
TXN_BCAB67C7C7F74C5C,2026-09-01 06:39:53.016910+00:00,ACC_00633,25.04,pharmacy,0,1,0
TXN_31E0AF92DC1D478A,2026-09-01 06:55:23.016910+00:00,ACC_00633,6.79,grocery,0,2,0
TXN_A68D8A7CE4854024,2026-09-01 07:01:36.016910+00:00,ACC_00633,68.21,online_services,0,3,0
TXN_A4F5548071A74DA2,2026-09-01 07:22:24.016910+00:00,ACC_00987,382.53,other,0,0,0
TXN_E9EA7C5883D249E1,2026-09-01 07:29:12.016910+00:00,ACC_00683,123.97,hotel,0,0,0
TXN_2B86C169F16C40C2,2026-09-01 07:56:57.016910+00:00,ACC_00056,78.14,online_services,0,0,0
TXN_6F0BECDB37844753,2026-09-01 08:06:05.016910+00:00,ACC_00008,9.96,online_services,0,0,0
TXN_E2E31DE1904D4819,2026-09-01 08:12:37.016910+00:00,ACC_00175,161.66,clothing,0,0,0
TXN_FEBC621A077C47C2,2026-09-01 09:11:30.016910+00:00,ACC_00222,98.27,electronics,0,0,0
TXN_B469860204A04462,2026-09-01 09:34:24.016910+00:00,ACC_00887,11.81,grocery,0,0,0
TXN_DA6AE17BB2574F65,2026-09-01 10:49:13.016910+00:00,ACC_00216,172.07,other,0,0,0
TXN_7AB1AF8BAA6D4EEC,2026-09-01 11:31:59.016910+00:00,ACC_00878,35.83,fuel,0,0,0
TXN_E11ACABCD63E48F3,2026-09-01 12:31:28.016910+00:00,ACC_00878,100.04,grocery,0,1,0
TXN_B68F5BCAAE4F4690,2026-09-01 12:32:17.016910+00:00,ACC_00878,874.35,hotel,0,1,0
TXN_1F4B3C062FEB46D4,2026-09-01 12:45:23.016910+00:00,ACC_00878,27.17,hotel,0,2,0
TXN_0EFD25CCA2BE4B5B,2026-09-01 13:02:47.016910+00:00,ACC_00878,13.38,restaurant,0,3,0
TXN_9F273A295B434D26,2026-09-01 13:08:32.016910+00:00,ACC_00878,82.17,grocery,0,4,0
TXN_CFB1EC7BBF1A45B5,2026-09-01 13:12:40.016910+00:00,ACC_00373,43.65,gaming,0,0,0
TXN_DCA473C38FF34F32,2026-09-01 13:14:03.016910+00:00,ACC_00822,15.29,travel,0,0,0
TXN_53C1C19FF7184CF6,2026-09-01 13:50:53.016910+00:00,ACC_00021,30.51,online_services,0,0,0
TXN_15BE8330B7C14642,2026-09-01 13:59:57.016910+00:00,ACC_00021,176.52,jewelry,0,1,0
TXN_C6CE4CB75DAA4367,2026-09-01 15:19:14.016910+00:00,ACC_00021,102.49,electronics,0,0,0
TXN_D80E4FE9176E43F3,2026-09-01 16:06:41.016910+00:00,ACC_00021,18.12,fuel,0,1,0
TXN_51980E4CC546493D,2026-09-01 16:10:42.016910+00:00,ACC_00021,165.1,fuel,0,2,0
TXN_7A7D161EC68641DC,2026-09-01 16:12:19.016910+00:00,ACC_00021,24.93,electronics,0,3,0
TXN_4B3B4B8D294944B7,2026-09-01 16:22:03.016910+00:00,ACC_00021,39.59,restaurant,0,3,0
TXN_2EC9C45DA8324A1E,2026-09-01 16:45:04.016910+00:00,ACC_00021,32.0,other,0,4,0
TXN_5DD456CEEB254955,2026-09-01 16:48:25.016910+00:00,ACC_00141,59.9,electronics,0,0,0
TXN_4C8801BACB4B4512,2026-09-01 16:51:29.016910+00:00,ACC_00913,181.21,clothing,0,0,0
TXN_5FE1967054324F56,2026-09-01 16:53:23.016910+00:00,ACC_00561,41.96,other,0,0,0
TXN_310E799EDC8341A4,2026-09-01 17:37:10.016910+00:00,ACC_00718,159.29,hotel,0,0,0
TXN_FCB32417B93B4B4C,2026-09-01 19:00:00.016910+00:00,ACC_00124,88.2,grocery,0,0,0
TXN_0BAC24125C4B4EAF,2026-09-01 19:29:33.016910+00:00,ACC_00989,114.04,electronics,0,0,0
TXN_CF79FC7E02C04121,2026-09-01 19:50:36.016910+00:00,ACC_00347,184.11,clothing,0,0,0
TXN_ED86D4AA0A004DBA,2026-09-01 20:14:41.016910+00:00,ACC_00935,12.36,online_services,0,0,0
TXN_D5CE66799CD34920,2026-09-01 20:18:03.016910+00:00,ACC_00735,169.3,hotel,0,0,0
TXN_9FE24265442A4FB1,2026-09-01 21:28:32.016910+00:00,ACC_00904,15.02,hotel,0,0,0
TXN_461906B1BC854D66,2026-09-01 21:50:41.016910+00:00,ACC_00877,310.17,gaming,0,0,0
TXN_ABAF7EAA1FA84986,2026-09-01 22:01:55.016910+00:00,ACC_00902,62.1,online_services,1,0,0
TXN_3192EDC66C4C45DF,2026-09-01 22:04:22.016910+00:00,ACC_00772,20.55,hotel,0,0,0
TXN_356EEE8A9F134719,2026-09-01 22:08:58.016910+00:00,ACC_00686,87.73,other,0,0,0
TXN_E0F32B1705A04DB4,2026-09-02 00:16:51.016910+00:00,ACC_00968,247.3,other,0,0,0
TXN_177BD548FC074C96,2026-09-02 00:32:01.016910+00:00,ACC_00640,27.02,grocery,0,0,0
TXN_92F82D7AD80145FC,2026-09-02 00:54:35.016910+00:00,ACC_00640,76.33,hotel,0,1,0
TXN_842EAF6A0A7C4409,2026-09-02 01:29:22.016910+00:00,ACC_00640,78.71,grocery,0,2,0
TXN_F389718BFCE94266,2026-09-02 02:26:24.016910+00:00,ACC_00640,369.96,jewelry,0,1,0
TXN_8BE709A3605C462F,2026-09-02 02:51:35.016910+00:00,ACC_00640,47.26,gaming,0,1,0
TXN_81E6A70C9E444BD5,2026-09-02 03:02:19.016910+00:00,ACC_00640,110.31,jewelry,1,2,0
TXN_0E744A96303D43AA,2026-09-02 03:46:32.016910+00:00,ACC_00515,69.66,electronics,0,0,0
TXN_2B33178D350E4FB0,2026-09-02 03:48:38.016910+00:00,ACC_00747,14.69,fuel,0,0,0
TXN_C752E4B8A6C849F9,2026-09-02 03:50:15.016910+00:00,ACC_00416,23.5,travel,0,0,0
TXN_C8E989DB83354295,2026-09-02 04:00:19.016910+00:00,ACC_00898,89.89,restaurant,0,0,0
TXN_236F93E47DFC4B55,2026-09-02 04:12:24.016910+00:00,ACC_00625,107.12,clothing,0,0,0
TXN_3B7534CAAB2E4FE3,2026-09-02 04:24:38.016910+00:00,ACC_00625,427.66,jewelry,0,1,0
TXN_18921A2DE80D47B7,2026-09-02 04:32:04.016910+00:00,ACC_00625,83.86,gaming,0,2,0
TXN_E74C0DE844B94C17,2026-09-02 05:52:27.016910+00:00,ACC_00625,36.38,gaming,0,0,0
TXN_55064620EE4C4620,2026-09-02 06:12:41.016910+00:00,ACC_00625,79.96,electronics,0,1,0
TXN_B0A105CFB1A14461,2026-09-02 06:17:35.016910+00:00,ACC_00625,17.01,other,0,2,0
TXN_D1646E1514CB495A,2026-09-02 06:48:26.016910+00:00,ACC_00463,260.07,electronics,0,0,0
TXN_DC61B69B027D4EB0,2026-09-02 06:49:17.016910+00:00,ACC_00827,1901.13,travel,0,0,0
TXN_7EA5B5DC2B92490D,2026-09-02 07:23:59.016910+00:00,ACC_00063,83.93,other,0,0,0
TXN_566E31022D2E41A8,2026-09-02 07:24:01.016910+00:00,ACC_00897,75.68,restaurant,0,0,0
TXN_677A01F2BD024666,2026-09-02 07:32:13.016910+00:00,ACC_00897,106.42,fuel,0,1,0
TXN_CB063BDA589748D8,2026-09-02 07:55:19.016910+00:00,ACC_00897,1067.81,jewelry,0,2,0
TXN_091F477278ED4049,2026-09-02 08:50:16.016910+00:00,ACC_00897,17.13,grocery,0,1,0
TXN_2ECBC72DE3284121,2026-09-02 09:08:54.016910+00:00,ACC_00897,11.38,clothing,0,1,0
TXN_E8E3075FBC9848A6,2026-09-02 10:42:17.016910+00:00,ACC_00303,61.25,clothing,0,0,0
TXN_9322DBAFC0154D7F,2026-09-02 11:42:56.016910+00:00,ACC_00153,1324.87,online_services,0,0,0
TXN_F1E3B95C22A74143,2026-09-02 12:21:26.016910+00:00,ACC_00843,404.24,pharmacy,0,0,0
TXN_3304FADDF1C3427E,2026-09-02 12:33:44.016910+00:00,ACC_00843,14.89,grocery,0,1,0
TXN_82926671B3444443,2026-09-02 12:36:26.016910+00:00,ACC_00843,304.37,online_services,0,2,0
TXN_937C74944CBC4017,2026-09-02 12:39:53.016910+00:00,ACC_00843,50.05,other,0,3,0
TXN_13C0D3CAB71744BA,2026-09-02 12:56:37.016910+00:00,ACC_00843,76.57,jewelry,0,4,0
TXN_4749E1D695FC4FAE,2026-09-02 13:23:10.016910+00:00,ACC_00843,597.83,hotel,0,4,0
TXN_E905F067FCF340EC,2026-09-02 13:26:38.016910+00:00,ACC_00289,17.37,grocery,0,0,0
TXN_F681FE6EA9614677,2026-09-02 14:00:12.016910+00:00,ACC_00839,609.6,jewelry,0,0,0
TXN_0F6319A89D7445A5,2026-09-02 14:26:24.016910+00:00,ACC_00531,280.21,jewelry,0,0,0
TXN_0A21871AEA4B4C4F,2026-09-02 14:32:39.016910+00:00,ACC_00738,265.12,fuel,0,0,0
TXN_F4B26710A3D94D4B,2026-09-02 14:57:26.016910+00:00,ACC_00056,134.46,fuel,0,0,0
TXN_605FB643D24C4F34,2026-09-02 15:19:57.016910+00:00,ACC_00605,48.8,other,0,0,0
TXN_5A513ABD179C4648,2026-09-02 15:53:39.016910+00:00,ACC_00360,150.41,restaurant,0,0,0
TXN_66B90429CB814733,2026-09-02 16:18:24.016910+00:00,ACC_00501,190.24,electronics,0,0,0
TXN_074941E6835F4C3B,2026-09-02 16:27:28.016910+00:00,ACC_00990,42.46,grocery,0,0,0
TXN_1CB70FEC79B043E6,2026-09-02 17:52:24.016910+00:00,ACC_00855,34.27,restaurant,0,0,0
TXN_59A80506324D40F2,2026-09-02 18:16:27.016910+00:00,ACC_00340,159.18,other,0,0,0
TXN_A169750F068947F5,2026-09-02 18:55:53.016910+00:00,ACC_00235,41.8,clothing,0,0,0
TXN_1D586C909D64449C,2026-09-02 20:17:48.016910+00:00,ACC_00468,87.78,travel,0,0,0
TXN_040453971BB34B22,2026-09-02 20:40:09.016910+00:00,ACC_00522,16.87,pharmacy,0,0,0
TXN_78D2FF1ADD7D4FC2,2026-09-02 21:14:16.016910+00:00,ACC_00166,74.48,clothing,0,0,0
TXN_8CD3182F14D8453C,2026-09-02 21:14:17.016910+00:00,ACC_00459,74.94,travel,0,0,0
TXN_2FB310A8CE684068,2026-09-02 21:16:04.016910+00:00,ACC_00236,13583.57,travel,0,0,0
TXN_43304F90E9B1401B,2026-09-02 21:20:35.016910+00:00,ACC_00704,45.37,other,0,0,0
TXN_64C0F98DBBD944F3,2026-09-02 21:21:59.016910+00:00,ACC_00870,61.86,pharmacy,0,0,0
TXN_670E73ECF2614C66,2026-09-02 21:37:04.016910+00:00,ACC_00035,143.46,grocery,0,0,0
TXN_53E9CF2ED3E14B21,2026-09-02 21:42:21.016910+00:00,ACC_00137,193.58,grocery,0,0,0
TXN_216DF829894B4060,2026-09-02 22:04:16.016910+00:00,ACC_00656,185.89,travel,0,0,0
TXN_0F5613961B12477E,2026-09-02 22:21:09.016910+00:00,ACC_00856,16.84,electronics,0,0,0
TXN_5925442538F74432,2026-09-02 22:52:14.016910+00:00,ACC_00856,35.37,jewelry,0,1,0
TXN_BAE3DE1931A648C0,2026-09-02 23:32:59.016910+00:00,ACC_00856,94.21,pharmacy,0,1,0
TXN_736C7EA65BB94D18,2026-09-03 00:25:34.016910+00:00,ACC_00856,16.32,fuel,0,1,0
TXN_41E6501CC1284F2E,2026-09-03 00:38:18.016910+00:00,ACC_00621,173.57,jewelry,0,0,0
TXN_F2BB7008DEE64E8E,2026-09-03 00:56:59.016910+00:00,ACC_00860,110.8,pharmacy,0,0,0
TXN_EB7BA5C369CA4B50,2026-09-03 02:38:15.016910+00:00,ACC_00329,71.08,electronics,0,0,0
TXN_AC14DD5F3FD64EFC,2026-09-03 03:18:44.016910+00:00,ACC_00874,42.66,travel,0,0,0
TXN_33232A15518E4E76,2026-09-03 03:57:28.016910+00:00,ACC_00516,179.04,jewelry,0,0,0
TXN_105BF438CD6A4DAC,2026-09-03 04:00:36.016910+00:00,ACC_00410,314.96,travel,0,0,0
TXN_389FA60AFF4245C0,2026-09-03 04:25:58.016910+00:00,ACC_00084,34.89,other,0,0,0
TXN_6B60CCC30C404CBB,2026-09-03 05:18:03.016910+00:00,ACC_00084,86.59,online_services,0,1,0
TXN_C0E9E42CE9EB4079,2026-09-03 05:35:00.016910+00:00,ACC_00084,43.84,travel,0,1,0
TXN_9D91381A239B4EB4,2026-09-03 06:07:48.016910+00:00,ACC_00084,16.42,pharmacy,1,2,0
TXN_F39C3C618F504217,2026-09-03 06:08:25.016910+00:00,ACC_00084,113.47,travel,0,3,0
TXN_553EF0DDB1034DAE,2026-09-03 06:34:59.016910+00:00,ACC_00084,428.1,electronics,0,3,0
TXN_78FE75FD8EB143AD,2026-09-03 06:37:46.016910+00:00,ACC_00823,97.97,travel,0,0,0
TXN_12F8992B74C746D5,2026-09-03 07:34:33.016910+00:00,ACC_00823,17.05,restaurant,0,1,0
TXN_BB2A3147EBD14AC0,2026-09-03 08:12:15.016910+00:00,ACC_00424,27.38,gaming,0,0,0
TXN_EC31ADAFF4774398,2026-09-03 08:34:31.016910+00:00,ACC_00433,54.06,restaurant,0,0,0
TXN_78BB7BB7A1C746E6,2026-09-03 08:51:53.016910+00:00,ACC_00976,97.83,grocery,0,0,0
TXN_0D2C3525F10745FD,2026-09-03 09:09:53.016910+00:00,ACC_00038,142.25,fuel,0,0,0
TXN_1470F2890D214191,2026-09-03 09:20:44.016910+00:00,ACC_00687,230.14,restaurant,0,0,0
